Query for operating system info failed. Error code = 0x%X80041003
[00:00:00]: 
System Memory:
	Memory Load: 77%
	Available Physical Memory: 3165m/14188m
	Available Page File: 4754m/18796m
	Available Virtual Memory: 134213511m/134217727m
	Available Extended Virtual Memory: 0m
[00:00:00]: 
Process Memory:
	Peak Working Set Size: 15m
	Working Set Size: 14m
	Quota Peak Page Pool Usage: 163k
	Quota Page Pool Usage: 160k
	Quota Peak Non Paged Pool Usage:15k
	Quota Non Paged Pool Usage: 13k
	Page File Usage: 3m
	Peak Page File Usage: 3m
[00:00:00]: PersistRootStorage is now C:\Users\hoanc\company\dst_wiki\.superpowers\eva-vietnamese\fresh-server\storage//audit/Cluster_SoloIntegration/Master/ 
[00:00:00]: Starting Up
[00:00:00]: Version: 747465
[00:00:00]: Current time: Sun Sep 20 23:17:59 2026

[00:00:00]: Don't Starve Together: 747465 WIN32
[00:00:00]: Build Date: 4239
[00:00:00]: Mode: 64-bit
[00:00:00]: Parsing command line
[00:00:00]: Command Line Arguments: -persistent_storage_root C:\Users\hoanc\company\dst_wiki\.superpowers\eva-vietnamese\fresh-server\storage -conf_dir audit -cluster Cluster_SoloIntegration -shard Master -port 12205 -offline -console -skip_update_server_mods 
[00:00:00]: [WARNING] -console has been deprecated: Use the [MISC] / console_enabled setting instead.
[00:00:00]: Initializing distribution platform
[00:00:00]: Initializing Minidump handler
[00:00:00]: ....Done
[00:00:00]: ....Done
[00:00:00]: Fixing DPI
[00:00:00]: ...Done
[00:00:00]: THREAD - started 'GAClient' (21044)
[00:00:00]: CurlRequestManager::ClientThread::Main()
[00:00:00]: ProfileIndex:0.59
[00:00:00]: Mounting file system databundles/klump.zip successful.
[00:00:00]: Mounting file system databundles/shaders.zip successful.
[00:00:00]: Mounting file system databundles/fonts.zip successful.
[00:00:00]: Mounting file system databundles/anim_dynamic.zip successful.
[00:00:00]: Mounting file system databundles/bigportraits.zip successful.
[00:00:00]: Mounting file system databundles/images.zip successful.
[00:00:00]: Mounting file system databundles/scripts.zip successful.
[00:00:00]: [Steam] SteamGameServer_Init(10999, 27016)
[00:00:00]: [Steam] SteamGameServer_Init(10999, 27017)
[00:00:00]: [Steam] SteamGameServer_Init(10999, 27018)
[00:00:00]: [Steam] SteamGameServer_Init(10999, 27019)
[00:00:00]: [Steam] SteamGameServer_Init(10999, 27020)
[00:00:00]: [Steam] SteamGameServer_Init(10999, 27021)
[00:00:00]: [Steam] SteamGameServer_Init(10999, 27022)
[00:00:00]: [Steam] SteamGameServer_Init(10999, 27023)
[00:00:00]: [Steam] SteamGameServer_Init(10999, 27024)
[00:00:00]: [Steam] SteamGameServer_Init(10999, 27025)
[00:00:00]: [Warning] SteamGameServer_Init failed
[00:00:00]: Your server will still start, but some Steam functionality may be missing.
[00:00:00]: Steam Workshop functionality will be disabled.
[00:00:00]: Steam ports can be configured through command line by adding:
[00:00:00]: -steam_authentication_port 12345 -steam_master_server_port 12346
[00:00:00]: or through settings.ini, under the [network] heading
[00:00:00]: steam_authentication_port = 12345
[00:00:00]: steam_master_server_port  = 12346
[00:00:00]: Master server port: 27016
[00:00:00]: [Connect] PendingConnection::Reset(true)
[00:00:00]: Platform: 1
[00:00:00]: Network tick rate: U=15(2), D=0
[00:00:00]: Network tick rate: U=15(2), D=0
[00:00:00]: [Warning] Authorized application C:\Users\hoanc\company\dst_wiki\.superpowers\eva-vietnamese\fresh-server\bin64\dontstarve_dedicated_server_nullrenderer_x64.exe is not setup in the firewall.
[00:00:00]: Authorized application C:\Users\hoanc\company\dst_wiki\.superpowers\eva-vietnamese\fresh-server\bin64\dontstarve_dedicated_server_nullrenderer_x64.exe is now enabled in the firewall.
[00:00:00]: OnLoadPermissionList: C:\Users\hoanc\company\dst_wiki\.superpowers\eva-vietnamese\fresh-server\storage//audit/Cluster_SoloIntegration/blocklist.txt (Failure)
[00:00:00]: THREAD - started 'StreamInput' (20688)
[00:00:00]: OnLoadPermissionList: C:\Users\hoanc\company\dst_wiki\.superpowers\eva-vietnamese\fresh-server\storage//audit/Cluster_SoloIntegration/adminlist.txt (Failure)
[00:00:00]: OnLoadUserIdList: C:\Users\hoanc\company\dst_wiki\.superpowers\eva-vietnamese\fresh-server\storage//audit/Cluster_SoloIntegration/whitelist.txt (Failure)
[00:00:00]: Token file not found: C:\Users\hoanc\company\dst_wiki\.superpowers\eva-vietnamese\fresh-server\storage//audit/Cluster_SoloIntegration/cluster_token.txt, success: F, len: 0
[00:00:00]: Token file not found: C:\Users\hoanc\company\dst_wiki\.superpowers\eva-vietnamese\fresh-server\storage//audit/Cluster_SoloIntegration/cluster_token.txt, success: F, len: 0
[00:00:00]: cGame::InitializeOnMainThread
[00:00:00]: Renderer initialize: Okay
[00:00:00]: AnimManager initialize: Okay
[00:00:00]: Buffers initialize: Okay
[00:00:00]: cDontStarveGame::DoGameSpecificInitialize()
[00:00:00]: GameSpecific initialize: Okay
[00:00:00]: cGame::StartPlaying
[00:00:00]: AppVersion::GetArchitecture() x64
[00:00:00]: LOADING LUA
[00:00:00]: DoLuaFile scripts/main.lua
[00:00:00]: DoLuaFile loading buffer scripts/main.lua
[00:00:01]:   taskgrouplist:	default	Together	
[00:00:01]:   taskgrouplist:	classic	Classic	
[00:00:01]:   taskgrouplist:	cave_default	Underground	
[00:00:01]:   taskgrouplist:	lavaarena_taskset	The Forge	
[00:00:01]:   taskgrouplist:	quagmire_taskset	The Gorge	
[00:00:01]: Running main.lua
	
[00:00:01]: WARNING: Force-enabling mod 'PhamNhanTuTien' from modsettings.lua! If you are not developing a mod, please use the in-game menu instead.	
[00:00:01]: Could not load modindex	
[00:00:01]: ModIndex: Beginning normal load sequence for dedicated server.
	
[00:00:01]: SUCCESS: Loaded modoverrides.lua	
[00:00:01]: modoverrides.lua enabling PhamNhanTuTien	
[00:00:01]: ModIndex:GetModsToLoad inserting moddir, 	PhamNhanTuTien	
[00:00:01]: Could not load mod_config_data/modconfiguration_PhamNhanTuTien_CLIENT	
[00:00:01]: Loading mod: PhamNhanTuTien (Phàm Nhân Tu Tiên) Version:2.0.2	
[00:00:01]: Registering Mods:
[00:00:01]:    Registering Mod PhamNhanTuTien
[00:00:01]: Mods registered.
[00:00:01]: Mod: PhamNhanTuTien (Phàm Nhân Tu Tiên)	Loading modworldgenmain.lua	
[00:00:01]: ModIndex:GetModsToLoad inserting modname, 	PhamNhanTuTien	
[00:00:01]: modimport: ../mods/PhamNhanTuTien/main/ttk_solo_worldgen.lua	
[00:00:01]: Mod: PhamNhanTuTien (Phàm Nhân Tu Tiên)	Loading modmain.lua	
[00:00:01]: ModIndex:GetModsToLoad inserting modname, 	PhamNhanTuTien	
[00:00:01]: modimport: ../mods/PhamNhanTuTien/main/ttk_weapon_solo.lua	
[00:00:01]: modimport: ../mods/PhamNhanTuTien/main/ttk_stacksize.lua	
[00:00:01]: modimport: ../mods/PhamNhanTuTien/main/ttk_qualityoflife.lua	
[00:00:01]: modimport: ../mods/PhamNhanTuTien/main/ttk_smarter_flingomatic.lua	
[00:00:01]: modimport: ../mods/PhamNhanTuTien/main/ttk_inventory45.lua	
[00:00:01]: modimport: ../mods/PhamNhanTuTien/main/ttk_inventory45_compat.lua	
[00:00:01]: modimport: ../mods/PhamNhanTuTien/main/lucmachthankiem.lua	
[00:00:01]: modimport: ../mods/PhamNhanTuTien/main/lucmachthankiem_autoattack.lua	
[00:00:01]: modimport: ../mods/PhamNhanTuTien/main/lucmachthankiem_recharge.lua	
[00:00:01]: modimport: ../mods/PhamNhanTuTien/main/lucmachthankiem_enemyselect.lua	
[00:00:01]: modimport: ../mods/PhamNhanTuTien/main/vanhonphien.lua	
[00:00:01]: modimport: ../mods/PhamNhanTuTien/main/thanhiquangtruong.lua	
[00:00:01]: modimport: ../mods/PhamNhanTuTien/main/nhatvuphuonghoa.lua	
[00:00:01]: modimport: ../mods/PhamNhanTuTien/main/ttk_elemental_swords.lua	
[00:00:01]: modimport: ../mods/PhamNhanTuTien/main/ttk_tinhlakiem.lua	
[00:00:01]: modimport: ../mods/PhamNhanTuTien/main/ttk_lucnguyenkiemdong.lua	
[00:00:01]: modimport: ../mods/PhamNhanTuTien/main/ttk_ngulongdang.lua	
[00:00:01]: modimport: ../mods/PhamNhanTuTien/main/ttk_fsct.lua	
[00:00:01]: modimport: ../mods/PhamNhanTuTien/main/ttk_garden.lua	
[00:00:01]: modimport: ../mods/PhamNhanTuTien/main/ttk_luoshen_food.lua	
[00:00:01]: modimport: ../mods/PhamNhanTuTien/main/ttk_buildings.lua	
[00:00:01]: modimport: ../mods/PhamNhanTuTien/main/ttk_rituals.lua	
[00:00:01]: modimport: ../mods/PhamNhanTuTien/main/ttk_jitan.lua	
[00:00:01]: modimport: ../mods/PhamNhanTuTien/main/ttk_batch19_misc.lua	
[00:00:01]: WARNING! Invalid resource handle for atlas 'FROMNUM', did you remember to load the asset?
[00:00:01]: WARNING! Invalid resource handle for atlas 'FROMNUM', did you remember to load the asset?
[00:00:01]: WARNING! Invalid resource handle for atlas 'FROMNUM', did you remember to load the asset?
[00:00:01]: WARNING! Invalid resource handle for atlas 'FROMNUM', did you remember to load the asset?
[00:00:01]: WARNING! Invalid resource handle for atlas 'FROMNUM', did you remember to load the asset?
[00:00:01]: WARNING! Invalid resource handle for atlas 'FROMNUM', did you remember to load the asset?
[00:00:01]: WARNING! Invalid resource handle for atlas 'FROMNUM', did you remember to load the asset?
[00:00:01]: WARNING! Invalid resource handle for atlas 'FROMNUM', did you remember to load the asset?
[00:00:01]: WARNING! Invalid resource handle for atlas 'FROMNUM', did you remember to load the asset?
[00:00:01]: WARNING! Invalid resource handle for atlas 'FROMNUM', did you remember to load the asset?
[00:00:01]: WARNING! Invalid resource handle for atlas 'FROMNUM', did you remember to load the asset?
[00:00:01]: WARNING! Invalid resource handle for atlas 'FROMNUM', did you remember to load the asset?
[00:00:01]: modimport: ../mods/PhamNhanTuTien/main/ttk_batch19_herbs.lua	
[00:00:01]: modimport: ../mods/PhamNhanTuTien/main/ttk_portal.lua	
[00:00:01]: [Truyền Tống Trận]	Chưa bật mod Camp Security.	
[00:00:01]: modimport: ../mods/PhamNhanTuTien/main/ttk_vinhhangthanhoa.lua	
[00:00:01]: modimport: ../mods/PhamNhanTuTien/main/ttk_chuongthienbinh.lua	
[00:00:01]: modimport: ../mods/PhamNhanTuTien/main/ttk_armor_set.lua	
[00:00:01]: modimport: ../mods/PhamNhanTuTien/main/ttk_tianji.lua	
[00:00:01]: modimport: ../mods/PhamNhanTuTien/main/ttk_batch19_houses.lua	
[00:00:01]: modimport: ../mods/PhamNhanTuTien/main/ttk_choujiangji.lua	
[00:00:01]: modimport: ../mods/PhamNhanTuTien/main/ttk_garden_expansion.lua	
[00:00:01]: modimport: ../mods/PhamNhanTuTien/main/ttk_spirit_mines.lua	
[00:00:01]: modimport: ../mods/PhamNhanTuTien/main/ttk_solo_bootstrap.lua	
[00:00:01]: modimport: ../mods/PhamNhanTuTien/main/ttk_solo_source.lua	
[00:00:01]: modimport: ../mods/PhamNhanTuTien/main/hh_assets.lua	
[00:00:01]: modimport: ../mods/PhamNhanTuTien/main/hh_config.lua	
[00:00:01]: modimport: ../mods/PhamNhanTuTien/main/hh_tunning.lua	
[00:00:01]: modimport: ../mods/PhamNhanTuTien/main/hh_string.lua	
[00:00:01]: modimport: ../mods/PhamNhanTuTien/main/hh_api.lua	
[00:00:01]: modimport: ../mods/PhamNhanTuTien/main/hh_world_rank.lua	
[00:00:01]: modimport: ../mods/PhamNhanTuTien/main/hh_act.lua	
[00:00:01]: modimport: ../mods/PhamNhanTuTien/main/hh_ui.lua	
[00:00:01]: modimport: ../mods/PhamNhanTuTien/main/ttk_forge_fonts.lua	
[00:00:01]: modimport: ../mods/PhamNhanTuTien/main/hh_rpc.lua	
[00:00:01]: modimport: ../mods/PhamNhanTuTien/main/hh_guild_main.lua	
[00:00:01]: modimport: ../mods/PhamNhanTuTien/main/hh_guild_rpc.lua	
[00:00:01]: modimport: ../mods/PhamNhanTuTien/main/hh_sg.lua	
[00:00:01]: modimport: ../mods/PhamNhanTuTien/main/hh_recipe.lua	
[00:00:01]: Warning: function AddRecipeTab in modmain is deprecated.	
[00:00:01]: Warning: function AddRecipe in modmain is deprecated, please use AddRecipe2. Recipe name:	nn_liquidluck	
[00:00:01]: Warning: function AddRecipe in modmain is deprecated, please use AddRecipe2. Recipe name:	nn_magicpaper	
[00:00:01]: Warning: function AddRecipe in modmain is deprecated, please use AddRecipe2. Recipe name:	wb_strengthen_strengthen_protectpaper	
[00:00:01]: modimport: ../mods/PhamNhanTuTien/main/hh_dungeon_mobs_sg.lua	
[00:00:01]: modimport: ../mods/PhamNhanTuTien/main/hh_skill_cost.lua	
[00:00:01]: modimport: ../mods/PhamNhanTuTien/main/hh_daogam_main.lua	
[00:00:01]: modimport: ../mods/PhamNhanTuTien/main/hh_dungeon_shop.lua	
[00:00:01]: modimport: ../mods/PhamNhanTuTien/main/ttk_combat_hud.lua	
[00:00:01]: modimport: ../mods/PhamNhanTuTien/main/ttk_bosses.lua	
[00:00:01]: modimport: ../mods/PhamNhanTuTien/main/ttk_boss_combat.lua	
[00:00:01]: modimport: ../mods/PhamNhanTuTien/main/ttk_boss_backpack.lua	
[00:00:01]: modimport: ../mods/PhamNhanTuTien/main/ttk_boss_seed.lua	
[00:00:01]: modimport: ../mods/PhamNhanTuTien/main/ttk_boss_food.lua	
[00:00:01]: modimport: ../mods/PhamNhanTuTien/main/ttk_eva.lua	
[00:00:01]: ModIndex:GetModsToLoad inserting modname, 	PhamNhanTuTien	
[00:00:01]: modimport: ../mods/PhamNhanTuTien/main/ttk_eva_source.lua	
[00:00:01]: modimport: ../mods/PhamNhanTuTien/scripts/util/eva_settings.lua	
[00:00:01]: modimport: ../mods/PhamNhanTuTien/scripts/util/eva_recipes.lua	
[00:00:01]: Warning: function AddRecipeTab in modmain is deprecated.	
[00:00:01]: Warning: function AddRecipe in modmain is deprecated, please use AddRecipe2. Recipe name:	eva_scythe	
[00:00:01]: modimport: ../mods/PhamNhanTuTien/scripts/util/eva_widget.lua	
[00:00:01]: modimport: ../mods/PhamNhanTuTien/scripts/announcestrings.lua	
[00:00:01]: Event data unavailable: lavaarena_event_server/lavaarena_achievement_quest_defs
[00:00:03]: LOADING LUA SUCCESS
[00:00:03]: Registering Server mod namespace "phamnhantutien"
[00:00:03]: Registering Server mod namespace "nyx_ttt"
[00:00:03]: Registering Server mod namespace "eliminate"
[00:00:03]: Registering Server mod namespace "eva_skill_panel_v1"
[00:00:03]: Registering Server mod namespace "eva_life_v1"
[00:00:03]: Registering Server mod namespace "hh_lo_ren"
[00:00:03]: Registering Server mod namespace "eva_wings_v1"
[00:00:03]: Registering Server mod namespace "hh_rpc"
[00:00:03]: Registering Server mod namespace "eva_scythe_array_v1"
[00:00:03]: Registering Server mod namespace "lucmachthankiem"
[00:00:03]: Registering Client mod namespace "hh_rpc"
[00:00:03]: Registering Client mod namespace "ttk_hudcore"
[00:00:03]: Registering Client mod namespace "ttk_hud"
[00:00:03]: Registering Shard mod namespace "hh_world_rank"
[00:00:03]: PlayerDeaths could not load morgue	
[00:00:03]: PlayerHistory could not load player_history	
[00:00:03]: ServerPreferences could not load server_preferences	
[00:00:03]: ConsoleScreenSettings could not load consolescreen	
[00:00:03]: bloom_enabled	true	
[00:00:03]: OnFilesLoaded()	
[00:00:03]: OnUpdatePurchaseStateComplete	
[00:00:03]: Klump load on boot started.	
[00:00:03]: Klump files loaded: 	0	
[00:00:04]: CURL ERROR: (dst.metrics.klei.com) [7]Failed to connect to dst.metrics.klei.com port 443: Bad access
[00:00:04]: Mod: PhamNhanTuTien (Phàm Nhân Tu Tiên)	Registering prefabs	
[00:00:04]: Mod: PhamNhanTuTien (Phàm Nhân Tu Tiên)	  Registering prefab file: prefabs/ttk_hhlmz	
[00:00:04]: Mod: PhamNhanTuTien (Phàm Nhân Tu Tiên)	    ttk_hhlmz	
[00:00:04]: Mod: PhamNhanTuTien (Phàm Nhân Tu Tiên)	    ttk_hhlmz_placer	
[00:00:04]: Mod: PhamNhanTuTien (Phàm Nhân Tu Tiên)	  Registering prefab file: prefabs/ttk_hhlmz_skins	
[00:00:04]: Mod: PhamNhanTuTien (Phàm Nhân Tu Tiên)	    ttt_portal_gcsz	
[00:00:04]: Mod: PhamNhanTuTien (Phàm Nhân Tu Tiên)	    nhatvuphuonghoa_skins_lxzy	
[00:00:04]: Mod: PhamNhanTuTien (Phàm Nhân Tu Tiên)	    ttk_chuongthienbinh_skins_lmxq	
[00:00:04]: Mod: PhamNhanTuTien (Phàm Nhân Tu Tiên)	    ttk_crc_skins_hqyx	
[00:00:04]: Mod: PhamNhanTuTien (Phàm Nhân Tu Tiên)	    ttk_dbg_skins_llt	
[00:00:04]: Mod: PhamNhanTuTien (Phàm Nhân Tu Tiên)	    ttk_dbg_skins_ybg	
[00:00:04]: Mod: PhamNhanTuTien (Phàm Nhân Tu Tiên)	    ttk_dc_skins_hh	
[00:00:04]: Mod: PhamNhanTuTien (Phàm Nhân Tu Tiên)	    ttk_flower_bh_skins_ya	
[00:00:04]: Mod: PhamNhanTuTien (Phàm Nhân Tu Tiên)	    ttk_flower_bmg_skins_srlg	
[00:00:04]: Mod: PhamNhanTuTien (Phàm Nhân Tu Tiên)	    ttk_flower_md_skins_rjfg	
[00:00:04]: Mod: PhamNhanTuTien (Phàm Nhân Tu Tiên)	    ttk_flower_sfr_skins_fr	
[00:00:04]: Mod: PhamNhanTuTien (Phàm Nhân Tu Tiên)	    ttk_flower_sfr_skins_xy	
[00:00:04]: Mod: PhamNhanTuTien (Phàm Nhân Tu Tiên)	    ttk_ftys_skins_zjzy	
[00:00:04]: Mod: PhamNhanTuTien (Phàm Nhân Tu Tiên)	    ttk_gj_skins_lrq	
[00:00:04]: Mod: PhamNhanTuTien (Phàm Nhân Tu Tiên)	    ttk_gj_skins_qsj	
[00:00:04]: Mod: PhamNhanTuTien (Phàm Nhân Tu Tiên)	    ttk_gjx_skins_jsth	
[00:00:04]: Mod: PhamNhanTuTien (Phàm Nhân Tu Tiên)	    ttk_hhlmz_skins_htjc	
[00:00:04]: Mod: PhamNhanTuTien (Phàm Nhân Tu Tiên)	    ttk_hhlmz_skins_wfz	
[00:00:04]: Mod: PhamNhanTuTien (Phàm Nhân Tu Tiên)	    ttk_hmsw_skins_bzxw	
[00:00:04]: Mod: PhamNhanTuTien (Phàm Nhân Tu Tiên)	    ttk_lbjlt_skins_zgrpt	
[00:00:04]: Mod: PhamNhanTuTien (Phàm Nhân Tu Tiên)	    ttk_lgzbh_skins_jlyc	
[00:00:04]: Mod: PhamNhanTuTien (Phàm Nhân Tu Tiên)	    ttk_lgzbh_skins_lz	
[00:00:04]: Mod: PhamNhanTuTien (Phàm Nhân Tu Tiên)	    ttk_makiem_skins_duanzui	
[00:00:04]: Mod: PhamNhanTuTien (Phàm Nhân Tu Tiên)	    ttk_makiem_skins_wendao	
[00:00:04]: Mod: PhamNhanTuTien (Phàm Nhân Tu Tiên)	    ttk_mg_skins_qwg	
[00:00:04]: Mod: PhamNhanTuTien (Phàm Nhân Tu Tiên)	    ttk_ngulongdang_skins_zyx	
[00:00:04]: Mod: PhamNhanTuTien (Phàm Nhân Tu Tiên)	    ttk_pflnw_skins_qns	
[00:00:04]: Mod: PhamNhanTuTien (Phàm Nhân Tu Tiên)	    ttk_qljq_skins_hlq	
[00:00:04]: Mod: PhamNhanTuTien (Phàm Nhân Tu Tiên)	    ttk_qwsk_skins_xznw	
[00:00:04]: Mod: PhamNhanTuTien (Phàm Nhân Tu Tiên)	    ttk_sgc_skins_wgc	
[00:00:04]: Mod: PhamNhanTuTien (Phàm Nhân Tu Tiên)	    ttk_thanhtrucphongvankiem_skins_cgsh	
[00:00:04]: Mod: PhamNhanTuTien (Phàm Nhân Tu Tiên)	    ttk_thanhtrucphongvankiem_skins_clzgj	
[00:00:04]: Mod: PhamNhanTuTien (Phàm Nhân Tu Tiên)	    ttk_thanhtrucphongvankiem_skins_cxlt	
[00:00:04]: Mod: PhamNhanTuTien (Phàm Nhân Tu Tiên)	    ttk_thanhtrucphongvankiem_skins_cygh	
[00:00:04]: Mod: PhamNhanTuTien (Phàm Nhân Tu Tiên)	    ttk_thanhtrucphongvankiem_skins_fgy	
[00:00:04]: Mod: PhamNhanTuTien (Phàm Nhân Tu Tiên)	    ttk_thanhtrucphongvankiem_skins_fhjd	
[00:00:04]: Mod: PhamNhanTuTien (Phàm Nhân Tu Tiên)	    ttk_thanhtrucphongvankiem_skins_flzr	
[00:00:04]: Mod: PhamNhanTuTien (Phàm Nhân Tu Tiên)	    ttk_thanhtrucphongvankiem_skins_fsfmg	
[00:00:04]: Mod: PhamNhanTuTien (Phàm Nhân Tu Tiên)	    ttk_thanhtrucphongvankiem_skins_fshm	
[00:00:04]: Mod: PhamNhanTuTien (Phàm Nhân Tu Tiên)	    ttk_thanhtrucphongvankiem_skins_fyzz	
[00:00:04]: Mod: PhamNhanTuTien (Phàm Nhân Tu Tiên)	    ttk_thanhtrucphongvankiem_skins_hasaki	
[00:00:04]: Mod: PhamNhanTuTien (Phàm Nhân Tu Tiên)	    ttk_thanhtrucphongvankiem_skins_hyys	
[00:00:04]: Mod: PhamNhanTuTien (Phàm Nhân Tu Tiên)	    ttk_thanhtrucphongvankiem_skins_jj	
[00:00:04]: Mod: PhamNhanTuTien (Phàm Nhân Tu Tiên)	    ttk_thanhtrucphongvankiem_skins_jydm	
[00:00:04]: Mod: PhamNhanTuTien (Phàm Nhân Tu Tiên)	    ttk_thanhtrucphongvankiem_skins_jypk	
[00:00:04]: Mod: PhamNhanTuTien (Phàm Nhân Tu Tiên)	    ttk_thanhtrucphongvankiem_skins_kt	
[00:00:04]: Mod: PhamNhanTuTien (Phàm Nhân Tu Tiên)	    ttk_thanhtrucphongvankiem_skins_ly	
[00:00:04]: Mod: PhamNhanTuTien (Phàm Nhân Tu Tiên)	    ttk_thanhtrucphongvankiem_skins_lysy	
[00:00:04]: Mod: PhamNhanTuTien (Phàm Nhân Tu Tiên)	    ttk_thanhtrucphongvankiem_skins_mzhcd	
[00:00:04]: Mod: PhamNhanTuTien (Phàm Nhân Tu Tiên)	    ttk_thanhtrucphongvankiem_skins_mzly	
[00:00:04]: Mod: PhamNhanTuTien (Phàm Nhân Tu Tiên)	    ttk_thanhtrucphongvankiem_skins_nczx	
[00:00:04]: Mod: PhamNhanTuTien (Phàm Nhân Tu Tiên)	    ttk_thanhtrucphongvankiem_skins_ny	
[00:00:04]: Mod: PhamNhanTuTien (Phàm Nhân Tu Tiên)	    ttk_thanhtrucphongvankiem_skins_nyhr	
[00:00:04]: Mod: PhamNhanTuTien (Phàm Nhân Tu Tiên)	    ttk_thanhtrucphongvankiem_skins_smy	
[00:00:04]: Mod: PhamNhanTuTien (Phàm Nhân Tu Tiên)	    ttk_thanhtrucphongvankiem_skins_sny	
[00:00:04]: Mod: PhamNhanTuTien (Phàm Nhân Tu Tiên)	    ttk_thanhtrucphongvankiem_skins_tf	
[00:00:04]: Mod: PhamNhanTuTien (Phàm Nhân Tu Tiên)	    ttk_thanhtrucphongvankiem_skins_wxj	
[00:00:04]: Mod: PhamNhanTuTien (Phàm Nhân Tu Tiên)	    ttk_thanhtrucphongvankiem_skins_wzsb	
[00:00:04]: Mod: PhamNhanTuTien (Phàm Nhân Tu Tiên)	    ttk_thanhtrucphongvankiem_skins_xgl	
[00:00:04]: Mod: PhamNhanTuTien (Phàm Nhân Tu Tiên)	    ttk_thanhtrucphongvankiem_skins_xqc	
[00:00:04]: Mod: PhamNhanTuTien (Phàm Nhân Tu Tiên)	    ttk_thanhtrucphongvankiem_skins_xuanyuan	
[00:00:04]: Mod: PhamNhanTuTien (Phàm Nhân Tu Tiên)	    ttk_thanhtrucphongvankiem_skins_xyb	
[00:00:04]: Mod: PhamNhanTuTien (Phàm Nhân Tu Tiên)	    ttk_thanhtrucphongvankiem_skins_yfcy	
[00:00:04]: Mod: PhamNhanTuTien (Phàm Nhân Tu Tiên)	    ttk_thanhtrucphongvankiem_skins_yfly	
[00:00:04]: Mod: PhamNhanTuTien (Phàm Nhân Tu Tiên)	    ttk_thanhtrucphongvankiem_skins_ylxh	
[00:00:04]: Mod: PhamNhanTuTien (Phàm Nhân Tu Tiên)	    ttk_thanhtrucphongvankiem_skins_ys	
[00:00:04]: Mod: PhamNhanTuTien (Phàm Nhân Tu Tiên)	    ttk_thanhtrucphongvankiem_skins_ysb	
[00:00:04]: Mod: PhamNhanTuTien (Phàm Nhân Tu Tiên)	    ttk_thanhtrucphongvankiem_skins_zj	
[00:00:04]: Mod: PhamNhanTuTien (Phàm Nhân Tu Tiên)	    ttk_thanhtrucphongvankiem_skins_zste	
[00:00:04]: Mod: PhamNhanTuTien (Phàm Nhân Tu Tiên)	    ttk_thanhtrucphongvankiem_skins_zsxm	
[00:00:04]: Mod: PhamNhanTuTien (Phàm Nhân Tu Tiên)	    ttk_thanhtrucphongvankiem_skins_zw	
[00:00:04]: Mod: PhamNhanTuTien (Phàm Nhân Tu Tiên)	    ttk_thanhtrucphongvankiem_skins_zyj	
[00:00:04]: Mod: PhamNhanTuTien (Phàm Nhân Tu Tiên)	    ttk_tianjiwu_skins_byj	
[00:00:04]: Mod: PhamNhanTuTien (Phàm Nhân Tu Tiên)	    ttk_tienkiem_skins_duanzui	
[00:00:04]: Mod: PhamNhanTuTien (Phàm Nhân Tu Tiên)	    ttk_tienkiem_skins_wendao	
[00:00:04]: Mod: PhamNhanTuTien (Phàm Nhân Tu Tiên)	    ttk_tinhlakiem_skins_cgsh	
[00:00:04]: Mod: PhamNhanTuTien (Phàm Nhân Tu Tiên)	    ttk_tinhlakiem_skins_clzgj	
[00:00:04]: Mod: PhamNhanTuTien (Phàm Nhân Tu Tiên)	    ttk_tinhlakiem_skins_cxlt	
[00:00:04]: Mod: PhamNhanTuTien (Phàm Nhân Tu Tiên)	    ttk_tinhlakiem_skins_cygh	
[00:00:04]: Mod: PhamNhanTuTien (Phàm Nhân Tu Tiên)	    ttk_tinhlakiem_skins_fgy	
[00:00:04]: Mod: PhamNhanTuTien (Phàm Nhân Tu Tiên)	    ttk_tinhlakiem_skins_fhjd	
[00:00:04]: Mod: PhamNhanTuTien (Phàm Nhân Tu Tiên)	    ttk_tinhlakiem_skins_flzr	
[00:00:04]: Mod: PhamNhanTuTien (Phàm Nhân Tu Tiên)	    ttk_tinhlakiem_skins_fsfmg	
[00:00:04]: Mod: PhamNhanTuTien (Phàm Nhân Tu Tiên)	    ttk_tinhlakiem_skins_fshm	
[00:00:04]: Mod: PhamNhanTuTien (Phàm Nhân Tu Tiên)	    ttk_tinhlakiem_skins_fyzz	
[00:00:04]: Mod: PhamNhanTuTien (Phàm Nhân Tu Tiên)	    ttk_tinhlakiem_skins_hasaki	
[00:00:04]: Mod: PhamNhanTuTien (Phàm Nhân Tu Tiên)	    ttk_tinhlakiem_skins_hyys	
[00:00:04]: Mod: PhamNhanTuTien (Phàm Nhân Tu Tiên)	    ttk_tinhlakiem_skins_jj	
[00:00:04]: Mod: PhamNhanTuTien (Phàm Nhân Tu Tiên)	    ttk_tinhlakiem_skins_jydm	
[00:00:04]: Mod: PhamNhanTuTien (Phàm Nhân Tu Tiên)	    ttk_tinhlakiem_skins_jypk	
[00:00:04]: Mod: PhamNhanTuTien (Phàm Nhân Tu Tiên)	    ttk_tinhlakiem_skins_kt	
[00:00:04]: Mod: PhamNhanTuTien (Phàm Nhân Tu Tiên)	    ttk_tinhlakiem_skins_ly	
[00:00:04]: Mod: PhamNhanTuTien (Phàm Nhân Tu Tiên)	    ttk_tinhlakiem_skins_lysy	
[00:00:04]: Mod: PhamNhanTuTien (Phàm Nhân Tu Tiên)	    ttk_tinhlakiem_skins_mzhcd	
[00:00:04]: Mod: PhamNhanTuTien (Phàm Nhân Tu Tiên)	    ttk_tinhlakiem_skins_mzly	
[00:00:04]: Mod: PhamNhanTuTien (Phàm Nhân Tu Tiên)	    ttk_tinhlakiem_skins_nczx	
[00:00:04]: Mod: PhamNhanTuTien (Phàm Nhân Tu Tiên)	    ttk_tinhlakiem_skins_ny	
[00:00:04]: Mod: PhamNhanTuTien (Phàm Nhân Tu Tiên)	    ttk_tinhlakiem_skins_nyhr	
[00:00:04]: Mod: PhamNhanTuTien (Phàm Nhân Tu Tiên)	    ttk_tinhlakiem_skins_smy	
[00:00:04]: Mod: PhamNhanTuTien (Phàm Nhân Tu Tiên)	    ttk_tinhlakiem_skins_sny	
[00:00:04]: Mod: PhamNhanTuTien (Phàm Nhân Tu Tiên)	    ttk_tinhlakiem_skins_tf	
[00:00:04]: Mod: PhamNhanTuTien (Phàm Nhân Tu Tiên)	    ttk_tinhlakiem_skins_wxj	
[00:00:04]: Mod: PhamNhanTuTien (Phàm Nhân Tu Tiên)	    ttk_tinhlakiem_skins_wzsb	
[00:00:04]: Mod: PhamNhanTuTien (Phàm Nhân Tu Tiên)	    ttk_tinhlakiem_skins_xgl	
[00:00:04]: Mod: PhamNhanTuTien (Phàm Nhân Tu Tiên)	    ttk_tinhlakiem_skins_xqc	
[00:00:04]: Mod: PhamNhanTuTien (Phàm Nhân Tu Tiên)	    ttk_tinhlakiem_skins_xuanyuan	
[00:00:04]: Mod: PhamNhanTuTien (Phàm Nhân Tu Tiên)	    ttk_tinhlakiem_skins_xyb	
[00:00:04]: Mod: PhamNhanTuTien (Phàm Nhân Tu Tiên)	    ttk_tinhlakiem_skins_yfcy	
[00:00:04]: Mod: PhamNhanTuTien (Phàm Nhân Tu Tiên)	    ttk_tinhlakiem_skins_yfly	
[00:00:04]: Mod: PhamNhanTuTien (Phàm Nhân Tu Tiên)	    ttk_tinhlakiem_skins_ylxh	
[00:00:04]: Mod: PhamNhanTuTien (Phàm Nhân Tu Tiên)	    ttk_tinhlakiem_skins_ys	
[00:00:04]: Mod: PhamNhanTuTien (Phàm Nhân Tu Tiên)	    ttk_tinhlakiem_skins_ysb	
[00:00:04]: Mod: PhamNhanTuTien (Phàm Nhân Tu Tiên)	    ttk_tinhlakiem_skins_zj	
[00:00:04]: Mod: PhamNhanTuTien (Phàm Nhân Tu Tiên)	    ttk_tinhlakiem_skins_zste	
[00:00:04]: Mod: PhamNhanTuTien (Phàm Nhân Tu Tiên)	    ttk_tinhlakiem_skins_zsxm	
[00:00:04]: Mod: PhamNhanTuTien (Phàm Nhân Tu Tiên)	    ttk_tinhlakiem_skins_zw	
[00:00:04]: Mod: PhamNhanTuTien (Phàm Nhân Tu Tiên)	    ttk_tinhlakiem_skins_zyj	
[00:00:04]: Mod: PhamNhanTuTien (Phàm Nhân Tu Tiên)	    ttk_tree_df_skins_zsyj	
[00:00:04]: Mod: PhamNhanTuTien (Phàm Nhân Tu Tiên)	    ttk_tree_xhs_skins_lgs	
[00:00:04]: Mod: PhamNhanTuTien (Phàm Nhân Tu Tiên)	    ttk_tree_yhs_skins_fd	
[00:00:04]: Mod: PhamNhanTuTien (Phàm Nhân Tu Tiên)	    ttk_tree_yls_skins_cl	
[00:00:04]: Mod: PhamNhanTuTien (Phàm Nhân Tu Tiên)	    ttk_tree_yxs_skins_jqs	
[00:00:04]: Mod: PhamNhanTuTien (Phàm Nhân Tu Tiên)	    ttk_votuongkiem_skins_cgsh	
[00:00:04]: Mod: PhamNhanTuTien (Phàm Nhân Tu Tiên)	    ttk_votuongkiem_skins_clzgj	
[00:00:04]: Mod: PhamNhanTuTien (Phàm Nhân Tu Tiên)	    ttk_votuongkiem_skins_cxlt	
[00:00:04]: Mod: PhamNhanTuTien (Phàm Nhân Tu Tiên)	    ttk_votuongkiem_skins_cygh	
[00:00:04]: Mod: PhamNhanTuTien (Phàm Nhân Tu Tiên)	    ttk_votuongkiem_skins_fgy	
[00:00:04]: Mod: PhamNhanTuTien (Phàm Nhân Tu Tiên)	    ttk_votuongkiem_skins_fhjd	
[00:00:04]: Mod: PhamNhanTuTien (Phàm Nhân Tu Tiên)	    ttk_votuongkiem_skins_flzr	
[00:00:04]: Mod: PhamNhanTuTien (Phàm Nhân Tu Tiên)	    ttk_votuongkiem_skins_fsfmg	
[00:00:04]: Mod: PhamNhanTuTien (Phàm Nhân Tu Tiên)	    ttk_votuongkiem_skins_fshm	
[00:00:04]: Mod: PhamNhanTuTien (Phàm Nhân Tu Tiên)	    ttk_votuongkiem_skins_fyzz	
[00:00:04]: Mod: PhamNhanTuTien (Phàm Nhân Tu Tiên)	    ttk_votuongkiem_skins_hasaki	
[00:00:04]: Mod: PhamNhanTuTien (Phàm Nhân Tu Tiên)	    ttk_votuongkiem_skins_hyys	
[00:00:04]: Mod: PhamNhanTuTien (Phàm Nhân Tu Tiên)	    ttk_votuongkiem_skins_jj	
[00:00:04]: Mod: PhamNhanTuTien (Phàm Nhân Tu Tiên)	    ttk_votuongkiem_skins_jydm	
[00:00:04]: Mod: PhamNhanTuTien (Phàm Nhân Tu Tiên)	    ttk_votuongkiem_skins_jypk	
[00:00:04]: Mod: PhamNhanTuTien (Phàm Nhân Tu Tiên)	    ttk_votuongkiem_skins_kt	
[00:00:04]: Mod: PhamNhanTuTien (Phàm Nhân Tu Tiên)	    ttk_votuongkiem_skins_ly	
[00:00:04]: Mod: PhamNhanTuTien (Phàm Nhân Tu Tiên)	    ttk_votuongkiem_skins_lysy	
[00:00:04]: Mod: PhamNhanTuTien (Phàm Nhân Tu Tiên)	    ttk_votuongkiem_skins_mzhcd	
[00:00:04]: Mod: PhamNhanTuTien (Phàm Nhân Tu Tiên)	    ttk_votuongkiem_skins_mzly	
[00:00:04]: Mod: PhamNhanTuTien (Phàm Nhân Tu Tiên)	    ttk_votuongkiem_skins_nczx	
[00:00:04]: Mod: PhamNhanTuTien (Phàm Nhân Tu Tiên)	    ttk_votuongkiem_skins_ny	
[00:00:04]: Mod: PhamNhanTuTien (Phàm Nhân Tu Tiên)	    ttk_votuongkiem_skins_nyhr	
[00:00:04]: Mod: PhamNhanTuTien (Phàm Nhân Tu Tiên)	    ttk_votuongkiem_skins_smy	
[00:00:04]: Mod: PhamNhanTuTien (Phàm Nhân Tu Tiên)	    ttk_votuongkiem_skins_sny	
[00:00:04]: Mod: PhamNhanTuTien (Phàm Nhân Tu Tiên)	    ttk_votuongkiem_skins_tf	
[00:00:04]: Mod: PhamNhanTuTien (Phàm Nhân Tu Tiên)	    ttk_votuongkiem_skins_wxj	
[00:00:04]: Mod: PhamNhanTuTien (Phàm Nhân Tu Tiên)	    ttk_votuongkiem_skins_wzsb	
[00:00:04]: Mod: PhamNhanTuTien (Phàm Nhân Tu Tiên)	    ttk_votuongkiem_skins_xgl	
[00:00:04]: Mod: PhamNhanTuTien (Phàm Nhân Tu Tiên)	    ttk_votuongkiem_skins_xqc	
[00:00:04]: Mod: PhamNhanTuTien (Phàm Nhân Tu Tiên)	    ttk_votuongkiem_skins_xuanyuan	
[00:00:04]: Mod: PhamNhanTuTien (Phàm Nhân Tu Tiên)	    ttk_votuongkiem_skins_xyb	
[00:00:04]: Mod: PhamNhanTuTien (Phàm Nhân Tu Tiên)	    ttk_votuongkiem_skins_yfcy	
[00:00:04]: Mod: PhamNhanTuTien (Phàm Nhân Tu Tiên)	    ttk_votuongkiem_skins_yfly	
[00:00:04]: Mod: PhamNhanTuTien (Phàm Nhân Tu Tiên)	    ttk_votuongkiem_skins_ylxh	
[00:00:04]: Mod: PhamNhanTuTien (Phàm Nhân Tu Tiên)	    ttk_votuongkiem_skins_ys	
[00:00:04]: Mod: PhamNhanTuTien (Phàm Nhân Tu Tiên)	    ttk_votuongkiem_skins_ysb	
[00:00:04]: Mod: PhamNhanTuTien (Phàm Nhân Tu Tiên)	    ttk_votuongkiem_skins_zj	
[00:00:04]: Mod: PhamNhanTuTien (Phàm Nhân Tu Tiên)	    ttk_votuongkiem_skins_zste	
[00:00:04]: Mod: PhamNhanTuTien (Phàm Nhân Tu Tiên)	    ttk_votuongkiem_skins_zsxm	
[00:00:04]: Mod: PhamNhanTuTien (Phàm Nhân Tu Tiên)	    ttk_votuongkiem_skins_zw	
[00:00:04]: Mod: PhamNhanTuTien (Phàm Nhân Tu Tiên)	    ttk_votuongkiem_skins_zyj	
[00:00:04]: Mod: PhamNhanTuTien (Phàm Nhân Tu Tiên)	    ttk_wsjx_skins_xzyj	
[00:00:04]: Mod: PhamNhanTuTien (Phàm Nhân Tu Tiên)	    ttk_wsjx_skins_yzjx	
[00:00:04]: Mod: PhamNhanTuTien (Phàm Nhân Tu Tiên)	    ttk_xshj_skins_bbzy	
[00:00:04]: Mod: PhamNhanTuTien (Phàm Nhân Tu Tiên)	    ttk_xshj_skins_fhlh	
[00:00:04]: Mod: PhamNhanTuTien (Phàm Nhân Tu Tiên)	    ttk_xshj_skins_hyparmor	
[00:00:04]: Mod: PhamNhanTuTien (Phàm Nhân Tu Tiên)	    ttk_xshj_skins_jdjarmor	
[00:00:04]: Mod: PhamNhanTuTien (Phàm Nhân Tu Tiên)	    ttk_xshj_skins_yaoarmor	
[00:00:04]: Mod: PhamNhanTuTien (Phàm Nhân Tu Tiên)	    ttk_yhsyz_skins_qlyyz	
[00:00:04]: Mod: PhamNhanTuTien (Phàm Nhân Tu Tiên)	    ttk_ylxc_skins_qhnlc	
[00:00:04]: Mod: PhamNhanTuTien (Phàm Nhân Tu Tiên)	    ttk_ylxq_skins_fynl	
[00:00:04]: Mod: PhamNhanTuTien (Phàm Nhân Tu Tiên)	    ttk_zcmj_skins_jhxs	
[00:00:04]: Mod: PhamNhanTuTien (Phàm Nhân Tu Tiên)	    ttk_zcmj_skins_jtkhat	
[00:00:04]: Mod: PhamNhanTuTien (Phàm Nhân Tu Tiên)	    ttk_zcmj_skins_lhyhat	
[00:00:04]: Mod: PhamNhanTuTien (Phàm Nhân Tu Tiên)	    ttk_zcmj_skins_trxz	
[00:00:04]: Mod: PhamNhanTuTien (Phàm Nhân Tu Tiên)	    ttk_zcmj_skins_yaohat	
[00:00:04]: Mod: PhamNhanTuTien (Phàm Nhân Tu Tiên)	  Registering prefab file: prefabs/ttk_skin_spirit	
[00:00:04]: Mod: PhamNhanTuTien (Phàm Nhân Tu Tiên)	    ttk_skin_spirit	
[00:00:04]: Mod: PhamNhanTuTien (Phàm Nhân Tu Tiên)	  Registering prefab file: prefabs/ttk_skin_hyys_fx	
[00:00:04]: Mod: PhamNhanTuTien (Phàm Nhân Tu Tiên)	    ttk_skin_hyys_fx	
[00:00:04]: Mod: PhamNhanTuTien (Phàm Nhân Tu Tiên)	  Registering prefab file: prefabs/ttk_lingshi	
[00:00:04]: Mod: PhamNhanTuTien (Phàm Nhân Tu Tiên)	    ttk_lingshi1	
[00:00:04]: Mod: PhamNhanTuTien (Phàm Nhân Tu Tiên)	    ttk_lingshi2	
[00:00:04]: Mod: PhamNhanTuTien (Phàm Nhân Tu Tiên)	    ttk_lingshi3	
[00:00:04]: Mod: PhamNhanTuTien (Phàm Nhân Tu Tiên)	    ttk_lingshi4	
[00:00:04]: Mod: PhamNhanTuTien (Phàm Nhân Tu Tiên)	  Registering prefab file: prefabs/lucmachthankiem	
[00:00:04]: Mod: PhamNhanTuTien (Phàm Nhân Tu Tiên)	    lucmachthankiem_red	
[00:00:04]: Mod: PhamNhanTuTien (Phàm Nhân Tu Tiên)	    lucmachthankiem_blue	
[00:00:04]: Mod: PhamNhanTuTien (Phàm Nhân Tu Tiên)	    lucmachthankiem_purple	
[00:00:04]: Mod: PhamNhanTuTien (Phàm Nhân Tu Tiên)	    lucmachthankiem_orange	
[00:00:04]: Mod: PhamNhanTuTien (Phàm Nhân Tu Tiên)	    lucmachthankiem_yellow	
[00:00:04]: Mod: PhamNhanTuTien (Phàm Nhân Tu Tiên)	    lucmachthankiem_green	
[00:00:04]: Mod: PhamNhanTuTien (Phàm Nhân Tu Tiên)	    lucmachthankiem	
[00:00:04]: Mod: PhamNhanTuTien (Phàm Nhân Tu Tiên)	  Registering prefab file: prefabs/lucmachthankiem_ember_vfx	
[00:00:04]: Mod: PhamNhanTuTien (Phàm Nhân Tu Tiên)	    lucmachthankiem_red_ember_vfx	
[00:00:04]: Mod: PhamNhanTuTien (Phàm Nhân Tu Tiên)	    lucmachthankiem_blue_ember_vfx	
[00:00:04]: Mod: PhamNhanTuTien (Phàm Nhân Tu Tiên)	    lucmachthankiem_purple_ember_vfx	
[00:00:04]: Mod: PhamNhanTuTien (Phàm Nhân Tu Tiên)	    lucmachthankiem_orange_ember_vfx	
[00:00:04]: Mod: PhamNhanTuTien (Phàm Nhân Tu Tiên)	    lucmachthankiem_yellow_ember_vfx	
[00:00:04]: Mod: PhamNhanTuTien (Phàm Nhân Tu Tiên)	    lucmachthankiem_green_ember_vfx	
[00:00:04]: Mod: PhamNhanTuTien (Phàm Nhân Tu Tiên)	  Registering prefab file: prefabs/lucmachthankiem_sparkle_vfx	
[00:00:04]: Mod: PhamNhanTuTien (Phàm Nhân Tu Tiên)	    lucmachthankiem_red_sparkle_vfx	
[00:00:04]: Mod: PhamNhanTuTien (Phàm Nhân Tu Tiên)	    lucmachthankiem_blue_sparkle_vfx	
[00:00:04]: Mod: PhamNhanTuTien (Phàm Nhân Tu Tiên)	    lucmachthankiem_purple_sparkle_vfx	
[00:00:04]: Mod: PhamNhanTuTien (Phàm Nhân Tu Tiên)	    lucmachthankiem_orange_sparkle_vfx	
[00:00:04]: Mod: PhamNhanTuTien (Phàm Nhân Tu Tiên)	    lucmachthankiem_yellow_sparkle_vfx	
[00:00:04]: Mod: PhamNhanTuTien (Phàm Nhân Tu Tiên)	    lucmachthankiem_green_sparkle_vfx	
[00:00:04]: Mod: PhamNhanTuTien (Phàm Nhân Tu Tiên)	  Registering prefab file: prefabs/vanhonphien	
[00:00:04]: Mod: PhamNhanTuTien (Phàm Nhân Tu Tiên)	    vanhonphien	
[00:00:04]: Mod: PhamNhanTuTien (Phàm Nhân Tu Tiên)	    vanhonphien_ground	
[00:00:04]: Mod: PhamNhanTuTien (Phàm Nhân Tu Tiên)	    vanhonphien_soul	
[00:00:04]: Mod: PhamNhanTuTien (Phàm Nhân Tu Tiên)	    vanhonphien_soulfx	
[00:00:04]: Mod: PhamNhanTuTien (Phàm Nhân Tu Tiên)	    vanhonphien_soulfx_in	
[00:00:04]: Mod: PhamNhanTuTien (Phàm Nhân Tu Tiên)	    vanhonphien_placer	
[00:00:04]: Mod: PhamNhanTuTien (Phàm Nhân Tu Tiên)	    vanhonphien_projectile	
[00:00:04]: Mod: PhamNhanTuTien (Phàm Nhân Tu Tiên)	    vanhonphien_hit_fx	
[00:00:04]: Mod: PhamNhanTuTien (Phàm Nhân Tu Tiên)	  Registering prefab file: prefabs/vanhonphien_vortexfx	
[00:00:04]: Mod: PhamNhanTuTien (Phàm Nhân Tu Tiên)	    vanhonphien_vortexfx	
[00:00:04]: Mod: PhamNhanTuTien (Phàm Nhân Tu Tiên)	    vanhonphien_vortexspawner	
[00:00:04]: Mod: PhamNhanTuTien (Phàm Nhân Tu Tiên)	  Registering prefab file: prefabs/thanhiquangtruong	
[00:00:04]: Mod: PhamNhanTuTien (Phàm Nhân Tu Tiên)	    thanhiquangtruong	
[00:00:04]: Mod: PhamNhanTuTien (Phàm Nhân Tu Tiên)	  Registering prefab file: prefabs/thanhiquangtruongfx	
[00:00:04]: Mod: PhamNhanTuTien (Phàm Nhân Tu Tiên)	    thanhiquangtruongfx	
[00:00:04]: Mod: PhamNhanTuTien (Phàm Nhân Tu Tiên)	  Registering prefab file: prefabs/nhatvuphuonghoa	
[00:00:04]: Mod: PhamNhanTuTien (Phàm Nhân Tu Tiên)	    nhatvuphuonghoa	
[00:00:04]: Mod: PhamNhanTuTien (Phàm Nhân Tu Tiên)	  Registering prefab file: prefabs/nhatvuphuonghoa_buff	
[00:00:04]: Mod: PhamNhanTuTien (Phàm Nhân Tu Tiên)	    nhatvuphuonghoa_buff	
[00:00:04]: Mod: PhamNhanTuTien (Phàm Nhân Tu Tiên)	  Registering prefab file: prefabs/ttk_elemental_swords	
[00:00:04]: Mod: PhamNhanTuTien (Phàm Nhân Tu Tiên)	    ttk_votuongkiem	
[00:00:04]: Mod: PhamNhanTuTien (Phàm Nhân Tu Tiên)	    ttk_thanhtrucphongvankiem	
[00:00:04]: Mod: PhamNhanTuTien (Phàm Nhân Tu Tiên)	    ttk_phanthienkiem	
[00:00:04]: Mod: PhamNhanTuTien (Phàm Nhân Tu Tiên)	    ttk_tienkiem	
[00:00:04]: Mod: PhamNhanTuTien (Phàm Nhân Tu Tiên)	    ttk_makiem	
[00:00:04]: Mod: PhamNhanTuTien (Phàm Nhân Tu Tiên)	  Registering prefab file: prefabs/ttk_tinhlakiem	
[00:00:04]: Mod: PhamNhanTuTien (Phàm Nhân Tu Tiên)	    ttk_tinhlakiem	
[00:00:04]: Mod: PhamNhanTuTien (Phàm Nhân Tu Tiên)	  Registering prefab file: prefabs/ttk_lucnguyenkiemdong	
[00:00:04]: Mod: PhamNhanTuTien (Phàm Nhân Tu Tiên)	    ttk_lucnguyenkiemdong	
[00:00:04]: Mod: PhamNhanTuTien (Phàm Nhân Tu Tiên)	    ttk_lucnguyen_primary_projectile	
[00:00:04]: Mod: PhamNhanTuTien (Phàm Nhân Tu Tiên)	    ttk_lucnguyen_sword_1	
[00:00:04]: Mod: PhamNhanTuTien (Phàm Nhân Tu Tiên)	    ttk_lucnguyen_trail_1	
[00:00:04]: Mod: PhamNhanTuTien (Phàm Nhân Tu Tiên)	    ttk_lucnguyen_sword_2	
[00:00:04]: Mod: PhamNhanTuTien (Phàm Nhân Tu Tiên)	    ttk_lucnguyen_trail_2	
[00:00:04]: Mod: PhamNhanTuTien (Phàm Nhân Tu Tiên)	    ttk_lucnguyen_sword_3	
[00:00:04]: Mod: PhamNhanTuTien (Phàm Nhân Tu Tiên)	    ttk_lucnguyen_trail_3	
[00:00:04]: Mod: PhamNhanTuTien (Phàm Nhân Tu Tiên)	    ttk_lucnguyen_sword_4	
[00:00:04]: Mod: PhamNhanTuTien (Phàm Nhân Tu Tiên)	    ttk_lucnguyen_trail_4	
[00:00:04]: Mod: PhamNhanTuTien (Phàm Nhân Tu Tiên)	    ttk_lucnguyen_sword_5	
[00:00:04]: Mod: PhamNhanTuTien (Phàm Nhân Tu Tiên)	    ttk_lucnguyen_trail_5	
[00:00:04]: Mod: PhamNhanTuTien (Phàm Nhân Tu Tiên)	    ttk_lucnguyen_sword_6	
[00:00:04]: Mod: PhamNhanTuTien (Phàm Nhân Tu Tiên)	    ttk_lucnguyen_trail_6	
[00:00:04]: Mod: PhamNhanTuTien (Phàm Nhân Tu Tiên)	  Registering prefab file: prefabs/ttk_ngulongdang	
[00:00:04]: Mod: PhamNhanTuTien (Phàm Nhân Tu Tiên)	    ttk_ngulongdang	
[00:00:04]: Mod: PhamNhanTuTien (Phàm Nhân Tu Tiên)	    ttk_ngulongdanglight	
[00:00:04]: Mod: PhamNhanTuTien (Phàm Nhân Tu Tiên)	    ttk_ngulongdangbody	
[00:00:04]: Mod: PhamNhanTuTien (Phàm Nhân Tu Tiên)	  Registering prefab file: prefabs/ttk_fsct	
[00:00:04]: Mod: PhamNhanTuTien (Phàm Nhân Tu Tiên)	    ttk_fsct	
[00:00:04]: Mod: PhamNhanTuTien (Phàm Nhân Tu Tiên)	    ttk_fsct_placer	
[00:00:04]: Mod: PhamNhanTuTien (Phàm Nhân Tu Tiên)	  Registering prefab file: prefabs/ttk_garden	
[00:00:04]: Mod: PhamNhanTuTien (Phàm Nhân Tu Tiên)	    ttk_tree_yhs	
[00:00:04]: Mod: PhamNhanTuTien (Phàm Nhân Tu Tiên)	    ttk_tree_yhs_placer	
[00:00:04]: Mod: PhamNhanTuTien (Phàm Nhân Tu Tiên)	    ttk_tree_df	
[00:00:04]: Mod: PhamNhanTuTien (Phàm Nhân Tu Tiên)	    ttk_tree_df_placer	
[00:00:04]: Mod: PhamNhanTuTien (Phàm Nhân Tu Tiên)	    ttk_tree_yxs	
[00:00:04]: Mod: PhamNhanTuTien (Phàm Nhân Tu Tiên)	    ttk_tree_yxs_placer	
[00:00:04]: Mod: PhamNhanTuTien (Phàm Nhân Tu Tiên)	    ttk_tree_xhs	
[00:00:04]: Mod: PhamNhanTuTien (Phàm Nhân Tu Tiên)	    ttk_tree_xhs_placer	
[00:00:04]: Mod: PhamNhanTuTien (Phàm Nhân Tu Tiên)	    ttk_tree_ls	
[00:00:04]: Mod: PhamNhanTuTien (Phàm Nhân Tu Tiên)	    ttk_tree_ls_placer	
[00:00:04]: Mod: PhamNhanTuTien (Phàm Nhân Tu Tiên)	    ttk_gj	
[00:00:04]: Mod: PhamNhanTuTien (Phàm Nhân Tu Tiên)	    ttk_gj_placer	
[00:00:04]: Mod: PhamNhanTuTien (Phàm Nhân Tu Tiên)	    ttk_flower_bh	
[00:00:04]: Mod: PhamNhanTuTien (Phàm Nhân Tu Tiên)	    ttk_flower_bh_placer	
[00:00:04]: Mod: PhamNhanTuTien (Phàm Nhân Tu Tiên)	    ttk_flower_bmg	
[00:00:04]: Mod: PhamNhanTuTien (Phàm Nhân Tu Tiên)	    ttk_flower_bmg_placer	
[00:00:04]: Mod: PhamNhanTuTien (Phàm Nhân Tu Tiên)	    ttk_flower_pgy	
[00:00:04]: Mod: PhamNhanTuTien (Phàm Nhân Tu Tiên)	    ttk_flower_pgy_placer	
[00:00:04]: Mod: PhamNhanTuTien (Phàm Nhân Tu Tiên)	    ttk_flower_ll	
[00:00:04]: Mod: PhamNhanTuTien (Phàm Nhân Tu Tiên)	    ttk_flower_ll_placer	
[00:00:04]: Mod: PhamNhanTuTien (Phàm Nhân Tu Tiên)	    ttk_flower_md	
[00:00:04]: Mod: PhamNhanTuTien (Phàm Nhân Tu Tiên)	    ttk_flower_md_placer	
[00:00:04]: Mod: PhamNhanTuTien (Phàm Nhân Tu Tiên)	    ttk_flower_mlh	
[00:00:04]: Mod: PhamNhanTuTien (Phàm Nhân Tu Tiên)	    ttk_flower_mlh_placer	
[00:00:04]: Mod: PhamNhanTuTien (Phàm Nhân Tu Tiên)	  Registering prefab file: prefabs/ttk_huapen	
[00:00:04]: Mod: PhamNhanTuTien (Phàm Nhân Tu Tiên)	    ttk_huapen	
[00:00:04]: Mod: PhamNhanTuTien (Phàm Nhân Tu Tiên)	    ttk_huapen_placer	
[00:00:04]: Mod: PhamNhanTuTien (Phàm Nhân Tu Tiên)	  Registering prefab file: prefabs/ttk_luoshen_hua	
[00:00:04]: Mod: PhamNhanTuTien (Phàm Nhân Tu Tiên)	    ttk_luoshen_huazhong	
[00:00:04]: Mod: PhamNhanTuTien (Phàm Nhân Tu Tiên)	    ttk_luoshen_hua	
[00:00:04]: Mod: PhamNhanTuTien (Phàm Nhân Tu Tiên)	    ttk_luoshen_huayin	
[00:00:04]: Mod: PhamNhanTuTien (Phàm Nhân Tu Tiên)	    ttk_luoshen_huazhong_placer	
[00:00:04]: Mod: PhamNhanTuTien (Phàm Nhân Tu Tiên)	  Registering prefab file: prefabs/ttk_luoshen_food	
[00:00:04]: Mod: PhamNhanTuTien (Phàm Nhân Tu Tiên)	    ttk_luoshen_qingshu	
[00:00:04]: Mod: PhamNhanTuTien (Phàm Nhân Tu Tiên)	    ttk_luoxiang_pengrou	
[00:00:04]: Mod: PhamNhanTuTien (Phàm Nhân Tu Tiên)	    ttk_luoxiang_pengrou_buff	
[00:00:04]: Mod: PhamNhanTuTien (Phàm Nhân Tu Tiên)	  Registering prefab file: prefabs/ttk_pflnw	
[00:00:04]: Mod: PhamNhanTuTien (Phàm Nhân Tu Tiên)	    ttk_pflnw	
[00:00:04]: Mod: PhamNhanTuTien (Phàm Nhân Tu Tiên)	    ttk_pflnw_placer	
[00:00:04]: Mod: PhamNhanTuTien (Phàm Nhân Tu Tiên)	  Registering prefab file: prefabs/ttk_ftys	
[00:00:04]: Mod: PhamNhanTuTien (Phàm Nhân Tu Tiên)	    ttk_ftys	
[00:00:04]: Mod: PhamNhanTuTien (Phàm Nhân Tu Tiên)	    ttk_ftys_placer	
[00:00:04]: Mod: PhamNhanTuTien (Phàm Nhân Tu Tiên)	  Registering prefab file: prefabs/ttk_klxw	
[00:00:04]: Mod: PhamNhanTuTien (Phàm Nhân Tu Tiên)	    ttk_klxw	
[00:00:04]: Mod: PhamNhanTuTien (Phàm Nhân Tu Tiên)	    ttk_klxw_placer	
[00:00:04]: Mod: PhamNhanTuTien (Phàm Nhân Tu Tiên)	  Registering prefab file: prefabs/ttk_beefalo	
[00:00:04]: Mod: PhamNhanTuTien (Phàm Nhân Tu Tiên)	    ttk_beefalo	
[00:00:04]: Mod: PhamNhanTuTien (Phàm Nhân Tu Tiên)	  Registering prefab file: prefabs/ttk_lightninggoat	
[00:00:04]: Mod: PhamNhanTuTien (Phàm Nhân Tu Tiên)	    ttk_lightninggoat	
[00:00:04]: Mod: PhamNhanTuTien (Phàm Nhân Tu Tiên)	  Registering prefab file: prefabs/ttk_koalefant	
[00:00:04]: Mod: PhamNhanTuTien (Phàm Nhân Tu Tiên)	    ttk_koalefant	
[00:00:04]: Mod: PhamNhanTuTien (Phàm Nhân Tu Tiên)	  Registering prefab file: prefabs/ttk_gjx	
[00:00:04]: Mod: PhamNhanTuTien (Phàm Nhân Tu Tiên)	    ttk_gjx	
[00:00:04]: Mod: PhamNhanTuTien (Phàm Nhân Tu Tiên)	    ttk_gjx_placer	
[00:00:04]: Mod: PhamNhanTuTien (Phàm Nhân Tu Tiên)	  Registering prefab file: prefabs/ttk_dbg	
[00:00:04]: Mod: PhamNhanTuTien (Phàm Nhân Tu Tiên)	    ttk_dbg	
[00:00:04]: Mod: PhamNhanTuTien (Phàm Nhân Tu Tiên)	    ttk_dbg_placer	
[00:00:04]: Mod: PhamNhanTuTien (Phàm Nhân Tu Tiên)	  Registering prefab file: prefabs/ttk_dc	
[00:00:04]: Mod: PhamNhanTuTien (Phàm Nhân Tu Tiên)	    ttk_dc	
[00:00:04]: Mod: PhamNhanTuTien (Phàm Nhân Tu Tiên)	    ttk_dc_placer	
[00:00:04]: Mod: PhamNhanTuTien (Phàm Nhân Tu Tiên)	  Registering prefab file: prefabs/ttk_lbx	
[00:00:04]: Mod: PhamNhanTuTien (Phàm Nhân Tu Tiên)	    ttk_lbx	
[00:00:04]: Mod: PhamNhanTuTien (Phàm Nhân Tu Tiên)	    ttk_lbx_placer	
[00:00:04]: Mod: PhamNhanTuTien (Phàm Nhân Tu Tiên)	  Registering prefab file: prefabs/ttk_lgzbh	
[00:00:04]: Mod: PhamNhanTuTien (Phàm Nhân Tu Tiên)	    ttk_lgzbh	
[00:00:04]: Mod: PhamNhanTuTien (Phàm Nhân Tu Tiên)	    ttk_lgzbh_fx	
[00:00:04]: Mod: PhamNhanTuTien (Phàm Nhân Tu Tiên)	    ttk_lgzbh_placer	
[00:00:04]: Mod: PhamNhanTuTien (Phàm Nhân Tu Tiên)	  Registering prefab file: prefabs/ttk_mg	
[00:00:04]: Mod: PhamNhanTuTien (Phàm Nhân Tu Tiên)	    ttk_mg	
[00:00:04]: Mod: PhamNhanTuTien (Phàm Nhân Tu Tiên)	    ttk_mg_placer	
[00:00:04]: Mod: PhamNhanTuTien (Phàm Nhân Tu Tiên)	  Registering prefab file: prefabs/ttk_hyf_fx	
[00:00:04]: Mod: PhamNhanTuTien (Phàm Nhân Tu Tiên)	    ttk_hyf_fullfx	
[00:00:04]: Mod: PhamNhanTuTien (Phàm Nhân Tu Tiên)	    ttk_hyf_frontfx	
[00:00:04]: Mod: PhamNhanTuTien (Phàm Nhân Tu Tiên)	    ttk_hyf_frontfx_small	
[00:00:04]: Mod: PhamNhanTuTien (Phàm Nhân Tu Tiên)	  Registering prefab file: prefabs/ttk_sj_kls	
[00:00:04]: Mod: PhamNhanTuTien (Phàm Nhân Tu Tiên)	    ttk_sj_kls	
[00:00:04]: Mod: PhamNhanTuTien (Phàm Nhân Tu Tiên)	    ttk_sj_kls_placer	
[00:00:04]: Mod: PhamNhanTuTien (Phàm Nhân Tu Tiên)	  Registering prefab file: prefabs/ttk_lbjlt	
[00:00:04]: Mod: PhamNhanTuTien (Phàm Nhân Tu Tiên)	    ttk_lbjlt	
[00:00:04]: Mod: PhamNhanTuTien (Phàm Nhân Tu Tiên)	    ttk_lbjlt_fx	
[00:00:04]: Mod: PhamNhanTuTien (Phàm Nhân Tu Tiên)	    ttk_lbjlt_placer	
[00:00:04]: Mod: PhamNhanTuTien (Phàm Nhân Tu Tiên)	  Registering prefab file: prefabs/ttk_jitan	
[00:00:04]: Mod: PhamNhanTuTien (Phàm Nhân Tu Tiên)	    ttk_jitan	
[00:00:04]: Mod: PhamNhanTuTien (Phàm Nhân Tu Tiên)	    ttk_jitan_placer	
[00:00:04]: Mod: PhamNhanTuTien (Phàm Nhân Tu Tiên)	  Registering prefab file: prefabs/ttk_llbx	
[00:00:04]: Mod: PhamNhanTuTien (Phàm Nhân Tu Tiên)	    ttk_llbx	
[00:00:04]: Mod: PhamNhanTuTien (Phàm Nhân Tu Tiên)	    ttk_llbx_container	
[00:00:04]: Mod: PhamNhanTuTien (Phàm Nhân Tu Tiên)	    ttk_llbx_placer	
[00:00:04]: Mod: PhamNhanTuTien (Phàm Nhân Tu Tiên)	  Registering prefab file: prefabs/ttk_qljq	
[00:00:04]: Mod: PhamNhanTuTien (Phàm Nhân Tu Tiên)	    ttk_qljq	
[00:00:04]: Mod: PhamNhanTuTien (Phàm Nhân Tu Tiên)	    ttk_qljq_placer	
[00:00:04]: Mod: PhamNhanTuTien (Phàm Nhân Tu Tiên)	  Registering prefab file: prefabs/ttk_foodstores	
[00:00:04]: Mod: PhamNhanTuTien (Phàm Nhân Tu Tiên)	    ttk_crc	
[00:00:04]: Mod: PhamNhanTuTien (Phàm Nhân Tu Tiên)	    ttk_crc_placer	
[00:00:04]: Mod: PhamNhanTuTien (Phàm Nhân Tu Tiên)	    ttk_sgc	
[00:00:04]: Mod: PhamNhanTuTien (Phàm Nhân Tu Tiên)	    ttk_sgc_placer	
[00:00:04]: Mod: PhamNhanTuTien (Phàm Nhân Tu Tiên)	  Registering prefab file: prefabs/ttk_qwsk	
[00:00:04]: Mod: PhamNhanTuTien (Phàm Nhân Tu Tiên)	    ttk_qwsk	
[00:00:04]: Mod: PhamNhanTuTien (Phàm Nhân Tu Tiên)	    ttk_qwsk_placer	
[00:00:04]: Mod: PhamNhanTuTien (Phàm Nhân Tu Tiên)	  Registering prefab file: prefabs/ttk_wsjx	
[00:00:04]: Mod: PhamNhanTuTien (Phàm Nhân Tu Tiên)	    ttk_wsjx	
[00:00:04]: Mod: PhamNhanTuTien (Phàm Nhân Tu Tiên)	    ttk_wsjx_placer	
[00:00:04]: Mod: PhamNhanTuTien (Phàm Nhân Tu Tiên)	  Registering prefab file: prefabs/ttk_batch19_garden	
[00:00:04]: Mod: PhamNhanTuTien (Phàm Nhân Tu Tiên)	    ttk_tree_yls	
[00:00:04]: Mod: PhamNhanTuTien (Phàm Nhân Tu Tiên)	    ttk_tree_yls_placer	
[00:00:04]: Mod: PhamNhanTuTien (Phàm Nhân Tu Tiên)	    ttk_flower_sfr	
[00:00:04]: Mod: PhamNhanTuTien (Phàm Nhân Tu Tiên)	    ttk_flower_sfr_placer	
[00:00:04]: Mod: PhamNhanTuTien (Phàm Nhân Tu Tiên)	    ttk_flower_zyh	
[00:00:04]: Mod: PhamNhanTuTien (Phàm Nhân Tu Tiên)	    ttk_flower_zyh_placer	
[00:00:04]: Mod: PhamNhanTuTien (Phàm Nhân Tu Tiên)	    ttk_flower_yl	
[00:00:04]: Mod: PhamNhanTuTien (Phàm Nhân Tu Tiên)	    ttk_flower_yl_placer	
[00:00:04]: Mod: PhamNhanTuTien (Phàm Nhân Tu Tiên)	  Registering prefab file: prefabs/ttk_yunxiao_portable_spicer	
[00:00:04]: Mod: PhamNhanTuTien (Phàm Nhân Tu Tiên)	    ttk_yunxiao_portable_spicer	
[00:00:04]: Mod: PhamNhanTuTien (Phàm Nhân Tu Tiên)	    ttk_yunxiao_portable_spicer_placer	
[00:00:04]: Mod: PhamNhanTuTien (Phàm Nhân Tu Tiên)	  Registering prefab file: prefabs/ttk_ylxc	
[00:00:04]: Mod: PhamNhanTuTien (Phàm Nhân Tu Tiên)	    ttk_ylxc	
[00:00:04]: Mod: PhamNhanTuTien (Phàm Nhân Tu Tiên)	    ttk_ylxc_placer	
[00:00:04]: Mod: PhamNhanTuTien (Phàm Nhân Tu Tiên)	  Registering prefab file: prefabs/ttk_ylxq	
[00:00:04]: Mod: PhamNhanTuTien (Phàm Nhân Tu Tiên)	    ttk_ylxq	
[00:00:04]: Mod: PhamNhanTuTien (Phàm Nhân Tu Tiên)	    ttk_ylxq_placer	
[00:00:04]: Mod: PhamNhanTuTien (Phàm Nhân Tu Tiên)	  Registering prefab file: prefabs/ttk_herbs	
[00:00:04]: Mod: PhamNhanTuTien (Phàm Nhân Tu Tiên)	    ttk_plant_lmg	
[00:00:04]: Mod: PhamNhanTuTien (Phàm Nhân Tu Tiên)	    ttk_lc_lmg	
[00:00:04]: Mod: PhamNhanTuTien (Phàm Nhân Tu Tiên)	    ttk_lc_lmg_seed	
[00:00:04]: Mod: PhamNhanTuTien (Phàm Nhân Tu Tiên)	    ttk_plant_dms	
[00:00:04]: Mod: PhamNhanTuTien (Phàm Nhân Tu Tiên)	    ttk_lc_dms	
[00:00:04]: Mod: PhamNhanTuTien (Phàm Nhân Tu Tiên)	    ttk_lc_dms_seed	
[00:00:04]: Mod: PhamNhanTuTien (Phàm Nhân Tu Tiên)	    ttk_plant_hsc	
[00:00:04]: Mod: PhamNhanTuTien (Phàm Nhân Tu Tiên)	    ttk_lc_hsc	
[00:00:04]: Mod: PhamNhanTuTien (Phàm Nhân Tu Tiên)	    ttk_lc_hsc_seed	
[00:00:04]: Mod: PhamNhanTuTien (Phàm Nhân Tu Tiên)	    ttk_plant_yhh	
[00:00:04]: Mod: PhamNhanTuTien (Phàm Nhân Tu Tiên)	    ttk_lc_yhh	
[00:00:04]: Mod: PhamNhanTuTien (Phàm Nhân Tu Tiên)	    ttk_lc_yhh_seed	
[00:00:04]: Mod: PhamNhanTuTien (Phàm Nhân Tu Tiên)	    ttk_plant_qfx	
[00:00:04]: Mod: PhamNhanTuTien (Phàm Nhân Tu Tiên)	    ttk_lc_qfx	
[00:00:04]: Mod: PhamNhanTuTien (Phàm Nhân Tu Tiên)	    ttk_lc_qfx_seed	
[00:00:04]: Mod: PhamNhanTuTien (Phàm Nhân Tu Tiên)	    ttk_plant_cyh	
[00:00:04]: Mod: PhamNhanTuTien (Phàm Nhân Tu Tiên)	    ttk_lc_cyh	
[00:00:04]: Mod: PhamNhanTuTien (Phàm Nhân Tu Tiên)	    ttk_lc_cyh_seed	
[00:00:04]: Mod: PhamNhanTuTien (Phàm Nhân Tu Tiên)	    ttk_dms_healthregenbuff	
[00:00:04]: Mod: PhamNhanTuTien (Phàm Nhân Tu Tiên)	    ttk_plant_cyh_buff	
[00:00:04]: Mod: PhamNhanTuTien (Phàm Nhân Tu Tiên)	  Registering prefab file: prefabs/ttt_travelable_classified	
[00:00:04]: Mod: PhamNhanTuTien (Phàm Nhân Tu Tiên)	    ttt_travelable_classified	
[00:00:04]: Mod: PhamNhanTuTien (Phàm Nhân Tu Tiên)	  Registering prefab file: prefabs/deluxe_firepit	
[00:00:04]: Mod: PhamNhanTuTien (Phàm Nhân Tu Tiên)	    deluxe_firepit	
[00:00:04]: Mod: PhamNhanTuTien (Phàm Nhân Tu Tiên)	    deluxe_firepit_placer	
[00:00:04]: Mod: PhamNhanTuTien (Phàm Nhân Tu Tiên)	  Registering prefab file: prefabs/deluxe_firepit_fire	
[00:00:04]: Mod: PhamNhanTuTien (Phàm Nhân Tu Tiên)	    deluxe_firepit_fire	
[00:00:04]: Mod: PhamNhanTuTien (Phàm Nhân Tu Tiên)	  Registering prefab file: prefabs/endo_firepit	
[00:00:04]: Mod: PhamNhanTuTien (Phàm Nhân Tu Tiên)	    endo_firepit	
[00:00:04]: Mod: PhamNhanTuTien (Phàm Nhân Tu Tiên)	    endo_firepit_placer	
[00:00:04]: Mod: PhamNhanTuTien (Phàm Nhân Tu Tiên)	  Registering prefab file: prefabs/endo_firepit_fire	
[00:00:04]: Mod: PhamNhanTuTien (Phàm Nhân Tu Tiên)	    endo_firepit_fire	
[00:00:04]: Mod: PhamNhanTuTien (Phàm Nhân Tu Tiên)	  Registering prefab file: prefabs/ice_star	
[00:00:04]: Mod: PhamNhanTuTien (Phàm Nhân Tu Tiên)	    ice_star	
[00:00:04]: Mod: PhamNhanTuTien (Phàm Nhân Tu Tiên)	    ice_star_placer	
[00:00:04]: Mod: PhamNhanTuTien (Phàm Nhân Tu Tiên)	  Registering prefab file: prefabs/ice_star_flame	
[00:00:04]: Mod: PhamNhanTuTien (Phàm Nhân Tu Tiên)	    ice_star_flame	
[00:00:04]: Mod: PhamNhanTuTien (Phàm Nhân Tu Tiên)	  Registering prefab file: prefabs/heat_star	
[00:00:04]: Mod: PhamNhanTuTien (Phàm Nhân Tu Tiên)	    heat_star	
[00:00:04]: Mod: PhamNhanTuTien (Phàm Nhân Tu Tiên)	    heat_star_placer	
[00:00:04]: Mod: PhamNhanTuTien (Phàm Nhân Tu Tiên)	  Registering prefab file: prefabs/heat_star_flame	
[00:00:04]: Mod: PhamNhanTuTien (Phàm Nhân Tu Tiên)	    heat_star_flame	
[00:00:04]: Mod: PhamNhanTuTien (Phàm Nhân Tu Tiên)	  Registering prefab file: prefabs/ttk_chuongthienbinh	
[00:00:04]: Mod: PhamNhanTuTien (Phàm Nhân Tu Tiên)	    ttk_chuongthienbinh	
[00:00:04]: Mod: PhamNhanTuTien (Phàm Nhân Tu Tiên)	  Registering prefab file: prefabs/ttk_zcmj	
[00:00:04]: Mod: PhamNhanTuTien (Phàm Nhân Tu Tiên)	    ttk_zcmj	
[00:00:04]: Mod: PhamNhanTuTien (Phàm Nhân Tu Tiên)	    ttk_zcmj_forcefield	
[00:00:04]: Mod: PhamNhanTuTien (Phàm Nhân Tu Tiên)	  Registering prefab file: prefabs/ttk_xshj	
[00:00:04]: Mod: PhamNhanTuTien (Phàm Nhân Tu Tiên)	    ttk_xshj	
[00:00:04]: Mod: PhamNhanTuTien (Phàm Nhân Tu Tiên)	  Registering prefab file: prefabs/ttk_yunxiao_ymsz	
[00:00:04]: Mod: PhamNhanTuTien (Phàm Nhân Tu Tiên)	    ttk_yunxiao_ymsz	
[00:00:04]: Mod: PhamNhanTuTien (Phàm Nhân Tu Tiên)	  Registering prefab file: prefabs/ttk_tianji	
[00:00:04]: Mod: PhamNhanTuTien (Phàm Nhân Tu Tiên)	    ttk_tianjiwu	
[00:00:04]: Mod: PhamNhanTuTien (Phàm Nhân Tu Tiên)	    ttk_tianji_juanzhou	
[00:00:04]: Mod: PhamNhanTuTien (Phàm Nhân Tu Tiên)	    ttk_tianji_lingpai	
[00:00:04]: Mod: PhamNhanTuTien (Phàm Nhân Tu Tiên)	    ttk_tianji_juanzhou_placer	
[00:00:04]: Mod: PhamNhanTuTien (Phàm Nhân Tu Tiên)	  Registering prefab file: prefabs/ttk_tianji_interior	
[00:00:04]: Mod: PhamNhanTuTien (Phàm Nhân Tu Tiên)	    ttk_tianji_room	
[00:00:04]: Mod: PhamNhanTuTien (Phàm Nhân Tu Tiên)	    ttk_tianji_wall	
[00:00:04]: Mod: PhamNhanTuTien (Phàm Nhân Tu Tiên)	    ttk_tianji_exit	
[00:00:04]: Mod: PhamNhanTuTien (Phàm Nhân Tu Tiên)	    ttk_tianji_floor	
[00:00:04]: Mod: PhamNhanTuTien (Phàm Nhân Tu Tiên)	    ttk_tianji_wallpaper	
[00:00:04]: Mod: PhamNhanTuTien (Phàm Nhân Tu Tiên)	    ttk_tianji_doorart	
[00:00:04]: Mod: PhamNhanTuTien (Phàm Nhân Tu Tiên)	    ttk_tianji_decals	
[00:00:04]: Mod: PhamNhanTuTien (Phàm Nhân Tu Tiên)	  Registering prefab file: prefabs/ttk_zzxhcx	
[00:00:04]: Mod: PhamNhanTuTien (Phàm Nhân Tu Tiên)	    ttk_zzxhcx	
[00:00:04]: Mod: PhamNhanTuTien (Phàm Nhân Tu Tiên)	    ttk_zzxhcx_placer	
[00:00:04]: Mod: PhamNhanTuTien (Phàm Nhân Tu Tiên)	  Registering prefab file: prefabs/ttk_lycx	
[00:00:04]: Mod: PhamNhanTuTien (Phàm Nhân Tu Tiên)	    ttk_lycx	
[00:00:04]: Mod: PhamNhanTuTien (Phàm Nhân Tu Tiên)	    ttk_lycx_placer	
[00:00:04]: Mod: PhamNhanTuTien (Phàm Nhân Tu Tiên)	  Registering prefab file: prefabs/ttk_spiderden	
[00:00:04]: Mod: PhamNhanTuTien (Phàm Nhân Tu Tiên)	    ttk_spiderden	
[00:00:04]: Mod: PhamNhanTuTien (Phàm Nhân Tu Tiên)	    ttk_spiderden_placer	
[00:00:04]: Mod: PhamNhanTuTien (Phàm Nhân Tu Tiên)	  Registering prefab file: prefabs/ttk_pog	
[00:00:04]: Mod: PhamNhanTuTien (Phàm Nhân Tu Tiên)	    ttk_pog	
[00:00:04]: Mod: PhamNhanTuTien (Phàm Nhân Tu Tiên)	    ttk_pog_fire	
[00:00:04]: Mod: PhamNhanTuTien (Phàm Nhân Tu Tiên)	    ttk_pog_house	
[00:00:04]: Mod: PhamNhanTuTien (Phàm Nhân Tu Tiên)	    ttk_pog_house_placer	
[00:00:04]: Mod: PhamNhanTuTien (Phàm Nhân Tu Tiên)	  Registering prefab file: prefabs/ttk_stool	
[00:00:04]: Mod: PhamNhanTuTien (Phàm Nhân Tu Tiên)	    ttk_stool	
[00:00:04]: Mod: PhamNhanTuTien (Phàm Nhân Tu Tiên)	    ttk_stool_placer	
[00:00:04]: Mod: PhamNhanTuTien (Phàm Nhân Tu Tiên)	  Registering prefab file: prefabs/ttk_bearger	
[00:00:04]: Mod: PhamNhanTuTien (Phàm Nhân Tu Tiên)	    ttk_bearger	
[00:00:04]: Mod: PhamNhanTuTien (Phàm Nhân Tu Tiên)	  Registering prefab file: prefabs/ttk_dragonfly	
[00:00:04]: Mod: PhamNhanTuTien (Phàm Nhân Tu Tiên)	    ttk_dragonfly	
[00:00:04]: Mod: PhamNhanTuTien (Phàm Nhân Tu Tiên)	  Registering prefab file: prefabs/ttk_spider	
[00:00:04]: Mod: PhamNhanTuTien (Phàm Nhân Tu Tiên)	    ttk_spider	
[00:00:04]: Mod: PhamNhanTuTien (Phàm Nhân Tu Tiên)	    ttk_spider_pro	
[00:00:04]: Mod: PhamNhanTuTien (Phàm Nhân Tu Tiên)	    ttk_slow_buff_ent	
[00:00:04]: Mod: PhamNhanTuTien (Phàm Nhân Tu Tiên)	  Registering prefab file: prefabs/ttk_batch19_houseitems	
[00:00:04]: Mod: PhamNhanTuTien (Phàm Nhân Tu Tiên)	    ttk_npxsz	
[00:00:04]: Mod: PhamNhanTuTien (Phàm Nhân Tu Tiên)	    ttk_spider_leg	
[00:00:04]: Mod: PhamNhanTuTien (Phàm Nhân Tu Tiên)	    ttk_pog_tail	
[00:00:04]: Mod: PhamNhanTuTien (Phàm Nhân Tu Tiên)	    ttk_spider_puff_front	
[00:00:04]: Mod: PhamNhanTuTien (Phàm Nhân Tu Tiên)	    ttk_spider_puff_back	
[00:00:04]: Mod: PhamNhanTuTien (Phàm Nhân Tu Tiên)	    ttk_slow_buff	
[00:00:04]: Mod: PhamNhanTuTien (Phàm Nhân Tu Tiên)	    ttk_pog_fire_buff	
[00:00:04]: Mod: PhamNhanTuTien (Phàm Nhân Tu Tiên)	  Registering prefab file: prefabs/ttk_tianji_byj	
[00:00:04]: Mod: PhamNhanTuTien (Phàm Nhân Tu Tiên)	    ttk_tianjiwu_baihufx	
[00:00:04]: Mod: PhamNhanTuTien (Phàm Nhân Tu Tiên)	  Registering prefab file: prefabs/ttk_choujiangji	
[00:00:04]: Mod: PhamNhanTuTien (Phàm Nhân Tu Tiên)	    ttk_choujiangji	
[00:00:04]: Mod: PhamNhanTuTien (Phàm Nhân Tu Tiên)	    ttk_choujiangji_placer	
[00:00:04]: Mod: PhamNhanTuTien (Phàm Nhân Tu Tiên)	  Registering prefab file: prefabs/ttk_yhsyz	
[00:00:04]: Mod: PhamNhanTuTien (Phàm Nhân Tu Tiên)	    ttk_yhsyz	
[00:00:04]: Mod: PhamNhanTuTien (Phàm Nhân Tu Tiên)	  Registering prefab file: prefabs/ttk_hyc	
[00:00:04]: Mod: PhamNhanTuTien (Phàm Nhân Tu Tiên)	    ttk_hyc	
[00:00:04]: Mod: PhamNhanTuTien (Phàm Nhân Tu Tiên)	    ttk_hyc_placer	
[00:00:04]: Mod: PhamNhanTuTien (Phàm Nhân Tu Tiên)	  Registering prefab file: prefabs/ttk_hmsw	
[00:00:04]: Mod: PhamNhanTuTien (Phàm Nhân Tu Tiên)	    ttk_hmsw	
[00:00:04]: Mod: PhamNhanTuTien (Phàm Nhân Tu Tiên)	    ttk_hmsw_placer	
[00:00:04]: Mod: PhamNhanTuTien (Phàm Nhân Tu Tiên)	  Registering prefab file: prefabs/ttk_spirit_mines	
[00:00:04]: Mod: PhamNhanTuTien (Phàm Nhân Tu Tiên)	    ttk_rock1	
[00:00:04]: Mod: PhamNhanTuTien (Phàm Nhân Tu Tiên)	    ttk_rock2	
[00:00:04]: Mod: PhamNhanTuTien (Phàm Nhân Tu Tiên)	    ttk_rock3	
[00:00:04]: Mod: PhamNhanTuTien (Phàm Nhân Tu Tiên)	    ttk_rock1_placer	
[00:00:04]: Mod: PhamNhanTuTien (Phàm Nhân Tu Tiên)	    ttk_rock2_placer	
[00:00:04]: Mod: PhamNhanTuTien (Phàm Nhân Tu Tiên)	    ttk_rock3_placer	
[00:00:04]: Mod: PhamNhanTuTien (Phàm Nhân Tu Tiên)	  Registering prefab file: prefabs/ttk_spirit_workshop	
[00:00:04]: Mod: PhamNhanTuTien (Phàm Nhân Tu Tiên)	    ttk_spirit_workshop	
[00:00:04]: Mod: PhamNhanTuTien (Phàm Nhân Tu Tiên)	    ttk_spirit_workshop_placer	
[00:00:04]: Mod: PhamNhanTuTien (Phàm Nhân Tu Tiên)	  Registering prefab file: prefabs/hh_dungeon_potion	
[00:00:04]: Mod: PhamNhanTuTien (Phàm Nhân Tu Tiên)	    hh_dungeon_potion	
[00:00:04]: Mod: PhamNhanTuTien (Phàm Nhân Tu Tiên)	    hh_thuoc_suc_manh	
[00:00:04]: Mod: PhamNhanTuTien (Phàm Nhân Tu Tiên)	    hh_thuoc_phong_toc	
[00:00:04]: Mod: PhamNhanTuTien (Phàm Nhân Tu Tiên)	    hh_thuoc_lien_kich	
[00:00:04]: Mod: PhamNhanTuTien (Phàm Nhân Tu Tiên)	    hh_thuoc_ho_the	
[00:00:04]: Mod: PhamNhanTuTien (Phàm Nhân Tu Tiên)	    hh_thuoc_sinh_menh	
[00:00:04]: Mod: PhamNhanTuTien (Phàm Nhân Tu Tiên)	    hh_thuoc_tai_sinh	
[00:00:04]: Mod: PhamNhanTuTien (Phàm Nhân Tu Tiên)	    hh_thuoc_tinh_tam	
[00:00:04]: Mod: PhamNhanTuTien (Phàm Nhân Tu Tiên)	    hh_thuoc_ma_luc	
[00:00:04]: Mod: PhamNhanTuTien (Phàm Nhân Tu Tiên)	    hh_thuoc_tiet_ma	
[00:00:04]: Mod: PhamNhanTuTien (Phàm Nhân Tu Tiên)	    hh_thuoc_hoc_gia	
[00:00:04]: Mod: PhamNhanTuTien (Phàm Nhân Tu Tiên)	    hh_thuoc_chinh_phat	
[00:00:04]: Mod: PhamNhanTuTien (Phàm Nhân Tu Tiên)	    hh_thuoc_bao_kich	
[00:00:04]: Mod: PhamNhanTuTien (Phàm Nhân Tu Tiên)	    hh_thuoc_hap_huyet	
[00:00:04]: Mod: PhamNhanTuTien (Phàm Nhân Tu Tiên)	    hh_thuoc_khang_the	
[00:00:04]: Mod: PhamNhanTuTien (Phàm Nhân Tu Tiên)	    hh_thuoc_toan_nang	
[00:00:04]: Mod: PhamNhanTuTien (Phàm Nhân Tu Tiên)	    hh_hac_duoc_sinh_menh	
[00:00:04]: Mod: PhamNhanTuTien (Phàm Nhân Tu Tiên)	    hh_hac_duoc_cong_kich	
[00:00:04]: Mod: PhamNhanTuTien (Phàm Nhân Tu Tiên)	    hh_hac_duoc_phong_ngu	
[00:00:04]: Mod: PhamNhanTuTien (Phàm Nhân Tu Tiên)	    hh_hac_duoc_toc_hanh	
[00:00:04]: Mod: PhamNhanTuTien (Phàm Nhân Tu Tiên)	    hh_hac_duoc_lien_kich	
[00:00:04]: Mod: PhamNhanTuTien (Phàm Nhân Tu Tiên)	    hh_hac_duoc_tai_sinh	
[00:00:04]: Mod: PhamNhanTuTien (Phàm Nhân Tu Tiên)	    hh_igris_thiet_ve	
[00:00:04]: Mod: PhamNhanTuTien (Phàm Nhân Tu Tiên)	    hh_igris_khieu_khich	
[00:00:04]: Mod: PhamNhanTuTien (Phàm Nhân Tu Tiên)	    hh_beru_san_boss	
[00:00:04]: Mod: PhamNhanTuTien (Phàm Nhân Tu Tiên)	    hh_beru_hap_huyet	
[00:00:04]: Mod: PhamNhanTuTien (Phàm Nhân Tu Tiên)	    hh_fruitfly_mo_rong	
[00:00:04]: Mod: PhamNhanTuTien (Phàm Nhân Tu Tiên)	    hh_fruitfly_cham_soc	
[00:00:04]: Mod: PhamNhanTuTien (Phàm Nhân Tu Tiên)	    hh_mac_anh_lao_dong	
[00:00:04]: Mod: PhamNhanTuTien (Phàm Nhân Tu Tiên)	    hh_quan_doan_tiet_ma	
[00:00:04]: Mod: PhamNhanTuTien (Phàm Nhân Tu Tiên)	    hh_den_ham_nguc	
[00:00:04]: Mod: PhamNhanTuTien (Phàm Nhân Tu Tiên)	    hh_sua_vu_khi	
[00:00:04]: Mod: PhamNhanTuTien (Phàm Nhân Tu Tiên)	    hh_bo_sua_giap	
[00:00:04]: Mod: PhamNhanTuTien (Phàm Nhân Tu Tiên)	    hh_bua_hoi_chieu	
[00:00:04]: Mod: PhamNhanTuTien (Phàm Nhân Tu Tiên)	    hh_bua_tu_nhat	
[00:00:04]: Mod: PhamNhanTuTien (Phàm Nhân Tu Tiên)	    hh_tui_tiep_te	
[00:00:04]: Mod: PhamNhanTuTien (Phàm Nhân Tu Tiên)	    hh_trai_da_chien	
[00:00:04]: Mod: PhamNhanTuTien (Phàm Nhân Tu Tiên)	    hh_bo_chong_lanh	
[00:00:04]: Mod: PhamNhanTuTien (Phàm Nhân Tu Tiên)	    hh_bo_chong_nong	
[00:00:04]: Mod: PhamNhanTuTien (Phàm Nhân Tu Tiên)	    hh_bua_lao_dong	
[00:00:04]: Mod: PhamNhanTuTien (Phàm Nhân Tu Tiên)	    hh_may_thu_do	
[00:00:04]: Mod: PhamNhanTuTien (Phàm Nhân Tu Tiên)	    hh_nang_cap_tui	
[00:00:04]: Mod: PhamNhanTuTien (Phàm Nhân Tu Tiên)	    hh_khau_phan_an	
[00:00:04]: Mod: PhamNhanTuTien (Phàm Nhân Tu Tiên)	    hh_quang_minh_thach	
[00:00:04]: Mod: PhamNhanTuTien (Phàm Nhân Tu Tiên)	    hh_bua_ben_bi	
[00:00:04]: Mod: PhamNhanTuTien (Phàm Nhân Tu Tiên)	    hh_phieu_bo_sung	
[00:00:04]: Mod: PhamNhanTuTien (Phàm Nhân Tu Tiên)	    hh_da_chuyen_sinh	
[00:00:04]: Mod: PhamNhanTuTien (Phàm Nhân Tu Tiên)	  Registering prefab file: prefabs/guild_staff	
[00:00:04]: Mod: PhamNhanTuTien (Phàm Nhân Tu Tiên)	    guild_staff	
[00:00:04]: Mod: PhamNhanTuTien (Phàm Nhân Tu Tiên)	    guild_staff_mapicon	
[00:00:04]: Mod: PhamNhanTuTien (Phàm Nhân Tu Tiên)	  Registering prefab file: prefabs/hh_guild_complete_fx	
[00:00:04]: Mod: PhamNhanTuTien (Phàm Nhân Tu Tiên)	    hh_guild_complete_fx	
[00:00:04]: Mod: PhamNhanTuTien (Phàm Nhân Tu Tiên)	  Registering prefab file: prefabs/hh_macanh_shadow	
[00:00:04]: Mod: PhamNhanTuTien (Phàm Nhân Tu Tiên)	    hh_macanh_shadow	
[00:00:04]: Mod: PhamNhanTuTien (Phàm Nhân Tu Tiên)	    hh_macanh_shadow_globalicon	
[00:00:04]: Mod: PhamNhanTuTien (Phàm Nhân Tu Tiên)	    hh_macanh_shadow_revealableicon	
[00:00:04]: Mod: PhamNhanTuTien (Phàm Nhân Tu Tiên)	  Registering prefab file: prefabs/hh_hacanh_shadow	
[00:00:04]: Mod: PhamNhanTuTien (Phàm Nhân Tu Tiên)	    hh_hacanh_shadow	
[00:00:04]: Mod: PhamNhanTuTien (Phàm Nhân Tu Tiên)	    hh_hacanh_shadow_globalicon	
[00:00:04]: Mod: PhamNhanTuTien (Phàm Nhân Tu Tiên)	    hh_hacanh_shadow_revealableicon	
[00:00:04]: Mod: PhamNhanTuTien (Phàm Nhân Tu Tiên)	  Registering prefab file: prefabs/dungeon_wall_ruins	
[00:00:04]: Mod: PhamNhanTuTien (Phàm Nhân Tu Tiên)	    dungeon_wall_ruins	
[00:00:04]: Mod: PhamNhanTuTien (Phàm Nhân Tu Tiên)	  Registering prefab file: prefabs/dungeon_gate	
[00:00:04]: Mod: PhamNhanTuTien (Phàm Nhân Tu Tiên)	    dungeon_gate	
[00:00:04]: Mod: PhamNhanTuTien (Phàm Nhân Tu Tiên)	  Registering prefab file: prefabs/dungeon_exit	
[00:00:04]: Mod: PhamNhanTuTien (Phàm Nhân Tu Tiên)	    dungeon_exit	
[00:00:04]: Mod: PhamNhanTuTien (Phàm Nhân Tu Tiên)	  Registering prefab file: prefabs/hh_fx	
[00:00:04]: Mod: PhamNhanTuTien (Phàm Nhân Tu Tiên)	    hh_common_fx	
[00:00:04]: Mod: PhamNhanTuTien (Phàm Nhân Tu Tiên)	    hh_indicator_fx	
[00:00:04]: Mod: PhamNhanTuTien (Phàm Nhân Tu Tiên)	    hh_project_fx	
[00:00:04]: Mod: PhamNhanTuTien (Phàm Nhân Tu Tiên)	    hh_bow_project	
[00:00:04]: Mod: PhamNhanTuTien (Phàm Nhân Tu Tiên)	    hh_superlight_fx	
[00:00:04]: Mod: PhamNhanTuTien (Phàm Nhân Tu Tiên)	    sparks2_fx	
[00:00:04]: Mod: PhamNhanTuTien (Phàm Nhân Tu Tiên)	    ice_bounce_fx	
[00:00:04]: Mod: PhamNhanTuTien (Phàm Nhân Tu Tiên)	    sparks1_fx	
[00:00:04]: Mod: PhamNhanTuTien (Phàm Nhân Tu Tiên)	    hh_light_fx	
[00:00:04]: Mod: PhamNhanTuTien (Phàm Nhân Tu Tiên)	    fx1	
[00:00:04]: Mod: PhamNhanTuTien (Phàm Nhân Tu Tiên)	    fx2	
[00:00:04]: Mod: PhamNhanTuTien (Phàm Nhân Tu Tiên)	    fx3	
[00:00:04]: Mod: PhamNhanTuTien (Phàm Nhân Tu Tiên)	  Registering prefab file: prefabs/hh_prefabs	
[00:00:04]: Mod: PhamNhanTuTien (Phàm Nhân Tu Tiên)	    hh_ui_container	
[00:00:04]: Mod: PhamNhanTuTien (Phàm Nhân Tu Tiên)	    hh_forge_container	
[00:00:04]: Mod: PhamNhanTuTien (Phàm Nhân Tu Tiên)	    hh_monarch_storage_container	
[00:00:04]: Mod: PhamNhanTuTien (Phàm Nhân Tu Tiên)	    hh_effect_stone	
[00:00:04]: Mod: PhamNhanTuTien (Phàm Nhân Tu Tiên)	    hh_effect_tally	
[00:00:04]: Mod: PhamNhanTuTien (Phàm Nhân Tu Tiên)	    hh_remove_stone	
[00:00:04]: Mod: PhamNhanTuTien (Phàm Nhân Tu Tiên)	    hh_essence	
[00:00:04]: Mod: PhamNhanTuTien (Phàm Nhân Tu Tiên)	    hh_tips	
[00:00:04]: Mod: PhamNhanTuTien (Phàm Nhân Tu Tiên)	    wb_enhancegem	
[00:00:04]: Mod: PhamNhanTuTien (Phàm Nhân Tu Tiên)	    nn_cloud	
[00:00:04]: Mod: PhamNhanTuTien (Phàm Nhân Tu Tiên)	    nn_livingstaff_flower	
[00:00:04]: Mod: PhamNhanTuTien (Phàm Nhân Tu Tiên)	    nn_livingstaff_projectile	
[00:00:04]: Mod: PhamNhanTuTien (Phàm Nhân Tu Tiên)	    nn_freeze	
[00:00:04]: Mod: PhamNhanTuTien (Phàm Nhân Tu Tiên)	    nn_meteor	
[00:00:04]: Mod: PhamNhanTuTien (Phàm Nhân Tu Tiên)	    nn_base	
[00:00:04]: Mod: PhamNhanTuTien (Phàm Nhân Tu Tiên)	    nn_splash	
[00:00:04]: Mod: PhamNhanTuTien (Phàm Nhân Tu Tiên)	    forginghammer_crackle_fx	
[00:00:04]: Mod: PhamNhanTuTien (Phàm Nhân Tu Tiên)	    forginghammer_cracklebase_fx	
[00:00:04]: Mod: PhamNhanTuTien (Phàm Nhân Tu Tiên)	    hh_van_nang_trao	
[00:00:04]: Mod: PhamNhanTuTien (Phàm Nhân Tu Tiên)	    hh_fx_text	
[00:00:04]: Mod: PhamNhanTuTien (Phàm Nhân Tu Tiên)	    hh_levelup_text	
[00:00:04]: Mod: PhamNhanTuTien (Phàm Nhân Tu Tiên)	  Registering prefab file: prefabs/hh_hac_nguyet_ho	
[00:00:04]: Mod: PhamNhanTuTien (Phàm Nhân Tu Tiên)	    hh_hac_nguyet_ho	
[00:00:04]: Mod: PhamNhanTuTien (Phàm Nhân Tu Tiên)	    hh_hac_nguyet_ho_placer	
[00:00:04]: Mod: PhamNhanTuTien (Phàm Nhân Tu Tiên)	  Registering prefab file: prefabs/rock_treasure	
[00:00:04]: Mod: PhamNhanTuTien (Phàm Nhân Tu Tiên)	    rock_treasure	
[00:00:04]: Mod: PhamNhanTuTien (Phàm Nhân Tu Tiên)	  Registering prefab file: prefabs/hh_laser	
[00:00:04]: Mod: PhamNhanTuTien (Phàm Nhân Tu Tiên)	    hh_deerclops_laser	
[00:00:04]: Mod: PhamNhanTuTien (Phàm Nhân Tu Tiên)	    hh_deerclops_laserempty	
[00:00:04]: Mod: PhamNhanTuTien (Phàm Nhân Tu Tiên)	    hh_deerclops_laserscorch	
[00:00:04]: Mod: PhamNhanTuTien (Phàm Nhân Tu Tiên)	    hh_deerclops_lasertrail	
[00:00:04]: Mod: PhamNhanTuTien (Phàm Nhân Tu Tiên)	    hh_deerclops_laserhit	
[00:00:04]: Mod: PhamNhanTuTien (Phàm Nhân Tu Tiên)	  Registering prefab file: prefabs/hh_weapon	
[00:00:04]: Mod: PhamNhanTuTien (Phàm Nhân Tu Tiên)	    hh_daogam5	
[00:00:04]: Mod: PhamNhanTuTien (Phàm Nhân Tu Tiên)	    hh_daogam3	
[00:00:04]: Mod: PhamNhanTuTien (Phàm Nhân Tu Tiên)	    hh_quat_long_vu	
[00:00:04]: Mod: PhamNhanTuTien (Phàm Nhân Tu Tiên)	    hh_daogam4	
[00:00:04]: Mod: PhamNhanTuTien (Phàm Nhân Tu Tiên)	  Registering prefab file: prefabs/hh_build	
[00:00:04]: Mod: PhamNhanTuTien (Phàm Nhân Tu Tiên)	    hh_suit_build	
[00:00:04]: Mod: PhamNhanTuTien (Phàm Nhân Tu Tiên)	    hh_suit_build_placer	
[00:00:04]: Mod: PhamNhanTuTien (Phàm Nhân Tu Tiên)	  Registering prefab file: prefabs/hh_lz_fx	
[00:00:04]: Mod: PhamNhanTuTien (Phàm Nhân Tu Tiên)	    hh_fx_star_red	
[00:00:04]: Mod: PhamNhanTuTien (Phàm Nhân Tu Tiên)	    hh_ball_fx_blue	
[00:00:04]: Mod: PhamNhanTuTien (Phàm Nhân Tu Tiên)	    hh_turret_fx_poison	
[00:00:04]: Mod: PhamNhanTuTien (Phàm Nhân Tu Tiên)	    hh_ball_fx_orange	
[00:00:04]: Mod: PhamNhanTuTien (Phàm Nhân Tu Tiên)	    hh_fx_star_blue	
[00:00:04]: Mod: PhamNhanTuTien (Phàm Nhân Tu Tiên)	    hh_ball_fx_green	
[00:00:04]: Mod: PhamNhanTuTien (Phàm Nhân Tu Tiên)	    hh_fx_star_green	
[00:00:04]: Mod: PhamNhanTuTien (Phàm Nhân Tu Tiên)	    hh_fx_star_orange	
[00:00:04]: Mod: PhamNhanTuTien (Phàm Nhân Tu Tiên)	    hh_fx_star_purple	
[00:00:04]: Mod: PhamNhanTuTien (Phàm Nhân Tu Tiên)	    hh_fx_star_yellow	
[00:00:04]: Mod: PhamNhanTuTien (Phàm Nhân Tu Tiên)	    hh_turret_fx_ice	
[00:00:04]: Mod: PhamNhanTuTien (Phàm Nhân Tu Tiên)	    hh_fx_star_white	
[00:00:04]: Mod: PhamNhanTuTien (Phàm Nhân Tu Tiên)	    hh_ball_fx_purple	
[00:00:04]: Mod: PhamNhanTuTien (Phàm Nhân Tu Tiên)	    hh_ball_fx_red	
[00:00:04]: Mod: PhamNhanTuTien (Phàm Nhân Tu Tiên)	    hh_turret_fx_fire	
[00:00:04]: Mod: PhamNhanTuTien (Phàm Nhân Tu Tiên)	    hh_sparkle_fx	
[00:00:04]: Mod: PhamNhanTuTien (Phàm Nhân Tu Tiên)	  Registering prefab file: prefabs/hh_com_prefab	
[00:00:04]: Mod: PhamNhanTuTien (Phàm Nhân Tu Tiên)	    hh_wing_fx	
[00:00:04]: Mod: PhamNhanTuTien (Phàm Nhân Tu Tiên)	    hh_treasure_tally	
[00:00:04]: Mod: PhamNhanTuTien (Phàm Nhân Tu Tiên)	    hh_shark_ice_fx	
[00:00:04]: Mod: PhamNhanTuTien (Phàm Nhân Tu Tiên)	    hh_treasure_build	
[00:00:04]: Mod: PhamNhanTuTien (Phàm Nhân Tu Tiên)	    hh_treasure_text	
[00:00:04]: Mod: PhamNhanTuTien (Phàm Nhân Tu Tiên)	    hh_duck_box	
[00:00:04]: Mod: PhamNhanTuTien (Phàm Nhân Tu Tiên)	    hh_cat_box	
[00:00:04]: Mod: PhamNhanTuTien (Phàm Nhân Tu Tiên)	    hh_footprint_fz_fx	
[00:00:04]: Mod: PhamNhanTuTien (Phàm Nhân Tu Tiên)	    hh_shark_ice_start_fx	
[00:00:04]: Mod: PhamNhanTuTien (Phàm Nhân Tu Tiên)	  Registering prefab file: prefabs/hh_boss	
[00:00:04]: Mod: PhamNhanTuTien (Phàm Nhân Tu Tiên)	    hh_beetle_pig	
[00:00:04]: Mod: PhamNhanTuTien (Phàm Nhân Tu Tiên)	    hh_igris_dungeon	
[00:00:04]: Mod: PhamNhanTuTien (Phàm Nhân Tu Tiên)	    hh_sharkboi	
[00:00:04]: Mod: PhamNhanTuTien (Phàm Nhân Tu Tiên)	    hh_dual_wield_pig	
[00:00:04]: Mod: PhamNhanTuTien (Phàm Nhân Tu Tiên)	  Registering prefab file: prefabs/hh_beru_dungeon	
[00:00:04]: Mod: PhamNhanTuTien (Phàm Nhân Tu Tiên)	    hh_beru_dungeon	
[00:00:04]: Mod: PhamNhanTuTien (Phàm Nhân Tu Tiên)	  Registering prefab file: prefabs/hh_shadows	
[00:00:04]: Mod: PhamNhanTuTien (Phàm Nhân Tu Tiên)	    hh_igris_shadow	
[00:00:04]: Mod: PhamNhanTuTien (Phàm Nhân Tu Tiên)	    hh_corpse_igris	
[00:00:04]: Mod: PhamNhanTuTien (Phàm Nhân Tu Tiên)	    hh_beru_shadow	
[00:00:04]: Mod: PhamNhanTuTien (Phàm Nhân Tu Tiên)	    hh_corpse_beru	
[00:00:04]: Mod: PhamNhanTuTien (Phàm Nhân Tu Tiên)	  Registering prefab file: prefabs/hh_fruitfly_shadow	
[00:00:04]: Mod: PhamNhanTuTien (Phàm Nhân Tu Tiên)	    hh_fruitfly_shadow	
[00:00:04]: Mod: PhamNhanTuTien (Phàm Nhân Tu Tiên)	    hh_corpse_fruitfly	
[00:00:04]: Mod: PhamNhanTuTien (Phàm Nhân Tu Tiên)	    hh_fruitfly_shadow_globalicon	
[00:00:04]: Mod: PhamNhanTuTien (Phàm Nhân Tu Tiên)	    hh_fruitfly_shadow_revealableicon	
[00:00:04]: Mod: PhamNhanTuTien (Phàm Nhân Tu Tiên)	  Registering prefab file: prefabs/hh_shadow_swap_grab_fx	
[00:00:04]: Mod: PhamNhanTuTien (Phàm Nhân Tu Tiên)	    hh_shadow_swap_grab_fx	
[00:00:04]: Mod: PhamNhanTuTien (Phàm Nhân Tu Tiên)	  Registering prefab file: prefabs/hh_daily_slot_lock	
[00:00:04]: Mod: PhamNhanTuTien (Phàm Nhân Tu Tiên)	    hh_daily_slot_lock_hands	
[00:00:04]: Mod: PhamNhanTuTien (Phàm Nhân Tu Tiên)	    hh_daily_slot_lock_head	
[00:00:04]: Mod: PhamNhanTuTien (Phàm Nhân Tu Tiên)	    hh_daily_slot_lock_body	
[00:00:04]: Mod: PhamNhanTuTien (Phàm Nhân Tu Tiên)	  Registering prefab file: prefabs/hh_lo_ren	
[00:00:04]: Mod: PhamNhanTuTien (Phàm Nhân Tu Tiên)	    hh_lo_ren	
[00:00:04]: Mod: PhamNhanTuTien (Phàm Nhân Tu Tiên)	    hh_lo_ren_placer	
[00:00:04]: Mod: PhamNhanTuTien (Phàm Nhân Tu Tiên)	  Registering prefab file: prefabs/wb_strengthen_levelpaper	
[00:00:04]: Mod: PhamNhanTuTien (Phàm Nhân Tu Tiên)	    wb_strengthen_levelpaper_container	
[00:00:04]: Mod: PhamNhanTuTien (Phàm Nhân Tu Tiên)	    wb_strengthen_levelpaper_bundle	
[00:00:04]: Mod: PhamNhanTuTien (Phàm Nhân Tu Tiên)	    wb_strengthen_levelpaper_bundle_test	
[00:00:04]: Mod: PhamNhanTuTien (Phàm Nhân Tu Tiên)	    lv_5	
[00:00:04]: Mod: PhamNhanTuTien (Phàm Nhân Tu Tiên)	    lv_7	
[00:00:04]: Mod: PhamNhanTuTien (Phàm Nhân Tu Tiên)	    lv_9	
[00:00:04]: Mod: PhamNhanTuTien (Phàm Nhân Tu Tiên)	    lv_11	
[00:00:04]: Mod: PhamNhanTuTien (Phàm Nhân Tu Tiên)	    lv_13	
[00:00:04]: Mod: PhamNhanTuTien (Phàm Nhân Tu Tiên)	    wb_strengthen_strengthen_6_levelpaper	
[00:00:04]: Mod: PhamNhanTuTien (Phàm Nhân Tu Tiên)	    wb_strengthen_strengthen_7_levelpaper	
[00:00:04]: Mod: PhamNhanTuTien (Phàm Nhân Tu Tiên)	    wb_strengthen_strengthen_8_levelpaper	
[00:00:04]: Mod: PhamNhanTuTien (Phàm Nhân Tu Tiên)	    wb_strengthen_strengthen_9_levelpaper	
[00:00:04]: Mod: PhamNhanTuTien (Phàm Nhân Tu Tiên)	    wb_strengthen_strengthen_10_levelpaper	
[00:00:04]: Mod: PhamNhanTuTien (Phàm Nhân Tu Tiên)	    wb_strengthen_strengthen_11_levelpaper	
[00:00:04]: Mod: PhamNhanTuTien (Phàm Nhân Tu Tiên)	    wb_strengthen_strengthen_12_levelpaper	
[00:00:04]: Mod: PhamNhanTuTien (Phàm Nhân Tu Tiên)	  Registering prefab file: prefabs/wb_strengthen_protectpaper	
[00:00:04]: Mod: PhamNhanTuTien (Phàm Nhân Tu Tiên)	    wb_strengthen_strengthen_protectpaper	
[00:00:04]: Mod: PhamNhanTuTien (Phàm Nhân Tu Tiên)	  Registering prefab file: prefabs/wb_strengthen_food	
[00:00:04]: Mod: PhamNhanTuTien (Phàm Nhân Tu Tiên)	    nn_liquidluck	
[00:00:04]: Mod: PhamNhanTuTien (Phàm Nhân Tu Tiên)	    nn_liquidluck_buff	
[00:00:04]: Mod: PhamNhanTuTien (Phàm Nhân Tu Tiên)	    nn_liquidluck_2	
[00:00:04]: Mod: PhamNhanTuTien (Phàm Nhân Tu Tiên)	    nn_liquidluck_2_buff	
[00:00:04]: Mod: PhamNhanTuTien (Phàm Nhân Tu Tiên)	    nn_liquidluck_3	
[00:00:04]: Mod: PhamNhanTuTien (Phàm Nhân Tu Tiên)	    nn_liquidluck_3_buff	
[00:00:04]: Mod: PhamNhanTuTien (Phàm Nhân Tu Tiên)	  Registering prefab file: prefabs/wb_magical_shadow	
[00:00:04]: Mod: PhamNhanTuTien (Phàm Nhân Tu Tiên)	    wb_magical_shadow	
[00:00:04]: Mod: PhamNhanTuTien (Phàm Nhân Tu Tiên)	  Registering prefab file: prefabs/wb_magical_weaponsparks	
[00:00:04]: Mod: PhamNhanTuTien (Phàm Nhân Tu Tiên)	    wb_magical_weaponsparks	
[00:00:04]: Mod: PhamNhanTuTien (Phàm Nhân Tu Tiên)	  Registering prefab file: prefabs/poisonbubble	
[00:00:04]: Mod: PhamNhanTuTien (Phàm Nhân Tu Tiên)	    poisonbubble	
[00:00:04]: Mod: PhamNhanTuTien (Phàm Nhân Tu Tiên)	    poisonbubble_short	
[00:00:04]: Mod: PhamNhanTuTien (Phàm Nhân Tu Tiên)	    poisonbubble_level1	
[00:00:04]: Mod: PhamNhanTuTien (Phàm Nhân Tu Tiên)	    poisonbubble_level1_loop	
[00:00:04]: Mod: PhamNhanTuTien (Phàm Nhân Tu Tiên)	    poisonbubble_level2	
[00:00:04]: Mod: PhamNhanTuTien (Phàm Nhân Tu Tiên)	    poisonbubble_level2_loop	
[00:00:04]: Mod: PhamNhanTuTien (Phàm Nhân Tu Tiên)	    poisonbubble_level3	
[00:00:04]: Mod: PhamNhanTuTien (Phàm Nhân Tu Tiên)	    poisonbubble_level3_loop	
[00:00:04]: Mod: PhamNhanTuTien (Phàm Nhân Tu Tiên)	    poisonbubble_level4	
[00:00:04]: Mod: PhamNhanTuTien (Phàm Nhân Tu Tiên)	    poisonbubble_level4_loop	
[00:00:04]: Mod: PhamNhanTuTien (Phàm Nhân Tu Tiên)	  Registering prefab file: prefabs/nn_fx	
[00:00:04]: Mod: PhamNhanTuTien (Phàm Nhân Tu Tiên)	    deer_ice_circle	
[00:00:04]: Mod: PhamNhanTuTien (Phàm Nhân Tu Tiên)	    deer_ice_fx	
[00:00:04]: Mod: PhamNhanTuTien (Phàm Nhân Tu Tiên)	    deer_ice_burst	
[00:00:04]: Mod: PhamNhanTuTien (Phàm Nhân Tu Tiên)	    deer_ice_flakes	
[00:00:04]: Mod: PhamNhanTuTien (Phàm Nhân Tu Tiên)	    deer_ice_charge	
[00:00:04]: Mod: PhamNhanTuTien (Phàm Nhân Tu Tiên)	    deer_fire_circle	
[00:00:04]: Mod: PhamNhanTuTien (Phàm Nhân Tu Tiên)	    deer_fire_burst	
[00:00:04]: Mod: PhamNhanTuTien (Phàm Nhân Tu Tiên)	    deer_fire_flakes	
[00:00:04]: Mod: PhamNhanTuTien (Phàm Nhân Tu Tiên)	    deer_fire_charge	
[00:00:04]: Mod: PhamNhanTuTien (Phàm Nhân Tu Tiên)	  Registering prefab file: prefabs/nn_magicpaper	
[00:00:04]: Mod: PhamNhanTuTien (Phàm Nhân Tu Tiên)	    nn_magicpaper	
[00:00:04]: Mod: PhamNhanTuTien (Phàm Nhân Tu Tiên)	  Registering prefab file: prefabs/reticulearcline	
[00:00:04]: Mod: PhamNhanTuTien (Phàm Nhân Tu Tiên)	    reticulearcline	
[00:00:04]: Mod: PhamNhanTuTien (Phàm Nhân Tu Tiên)	    reticulearclineping	
[00:00:04]: Mod: PhamNhanTuTien (Phàm Nhân Tu Tiên)	  Registering prefab file: prefabs/lavaarena_heal_flowers_fx	
[00:00:04]: Mod: PhamNhanTuTien (Phàm Nhân Tu Tiên)	    lavaarena_heal_flowers_fx	
[00:00:04]: Mod: PhamNhanTuTien (Phàm Nhân Tu Tiên)	  Registering prefab file: prefabs/travelable_classified	
[00:00:04]: Mod: PhamNhanTuTien (Phàm Nhân Tu Tiên)	    travelable_classified	
[00:00:04]: Mod: PhamNhanTuTien (Phàm Nhân Tu Tiên)	  Registering prefab file: prefabs/minotau	
[00:00:04]: Mod: PhamNhanTuTien (Phàm Nhân Tu Tiên)	    minotau	
[00:00:04]: Mod: PhamNhanTuTien (Phàm Nhân Tu Tiên)	    minotauchestspawner	
[00:00:04]: Mod: PhamNhanTuTien (Phàm Nhân Tu Tiên)	  Registering prefab file: prefabs/minotaur_deadlyshockwave	
[00:00:04]: Mod: PhamNhanTuTien (Phàm Nhân Tu Tiên)	    minotaur_deadlyshockwave	
[00:00:04]: Mod: PhamNhanTuTien (Phàm Nhân Tu Tiên)	    minotaur_deathshockwave	
[00:00:04]: Mod: PhamNhanTuTien (Phàm Nhân Tu Tiên)	  Registering prefab file: prefabs/minotaurtransform_fx	
[00:00:04]: Mod: PhamNhanTuTien (Phàm Nhân Tu Tiên)	    minotaurtransform_fx	
[00:00:04]: Mod: PhamNhanTuTien (Phàm Nhân Tu Tiên)	  Registering prefab file: prefabs/minotaurtarget_fx	
[00:00:04]: Mod: PhamNhanTuTien (Phàm Nhân Tu Tiên)	    minotaurtarget_fx	
[00:00:04]: Mod: PhamNhanTuTien (Phàm Nhân Tu Tiên)	  Registering prefab file: prefabs/minotaurteleport_fx	
[00:00:04]: Mod: PhamNhanTuTien (Phàm Nhân Tu Tiên)	    minotaurteleport_fx	
[00:00:04]: Mod: PhamNhanTuTien (Phàm Nhân Tu Tiên)	  Registering prefab file: prefabs/minotaurteleportpost_fx	
[00:00:04]: Mod: PhamNhanTuTien (Phàm Nhân Tu Tiên)	    minotaurteleportpost_fx	
[00:00:04]: Mod: PhamNhanTuTien (Phàm Nhân Tu Tiên)	  Registering prefab file: prefabs/minotaur_shadowblaze	
[00:00:04]: Mod: PhamNhanTuTien (Phàm Nhân Tu Tiên)	    minotaur_shadowblaze	
[00:00:04]: Mod: PhamNhanTuTien (Phàm Nhân Tu Tiên)	    minotaur_shadowblaze_rigidbody	
[00:00:04]: Mod: PhamNhanTuTien (Phàm Nhân Tu Tiên)	    minotaur_shadowblaze_high	
[00:00:04]: Mod: PhamNhanTuTien (Phàm Nhân Tu Tiên)	  Registering prefab file: prefabs/minotaurfirecharge_fx	
[00:00:04]: Mod: PhamNhanTuTien (Phàm Nhân Tu Tiên)	    minotaurfirecharge_fx	
[00:00:04]: Mod: PhamNhanTuTien (Phàm Nhân Tu Tiên)	  Registering prefab file: prefabs/minotaurattachedfire_fx	
[00:00:04]: Mod: PhamNhanTuTien (Phàm Nhân Tu Tiên)	    minotaurattachedfire_fx	
[00:00:04]: Mod: PhamNhanTuTien (Phàm Nhân Tu Tiên)	  Registering prefab file: prefabs/minotaur_weakeningfx	
[00:00:04]: Mod: PhamNhanTuTien (Phàm Nhân Tu Tiên)	    minotaur_weakeningfx	
[00:00:04]: Mod: PhamNhanTuTien (Phàm Nhân Tu Tiên)	  Registering prefab file: prefabs/minotaurfiresplash_fx	
[00:00:04]: Mod: PhamNhanTuTien (Phàm Nhân Tu Tiên)	    minotaurfiresplash_fx	
[00:00:04]: Mod: PhamNhanTuTien (Phàm Nhân Tu Tiên)	  Registering prefab file: prefabs/minotaurfirering_fx	
[00:00:04]: Mod: PhamNhanTuTien (Phàm Nhân Tu Tiên)	    minotaurfirering_fx	
[00:00:04]: Mod: PhamNhanTuTien (Phàm Nhân Tu Tiên)	  Registering prefab file: prefabs/shadowpoundring_fx	
[00:00:04]: Mod: PhamNhanTuTien (Phàm Nhân Tu Tiên)	    shadowpoundring_fx	
[00:00:04]: Mod: PhamNhanTuTien (Phàm Nhân Tu Tiên)	  Registering prefab file: prefabs/lavaarena_lootbeacon	
[00:00:04]: Mod: PhamNhanTuTien (Phàm Nhân Tu Tiên)	    lavaarena_lootbeacon	
[00:00:04]: Mod: PhamNhanTuTien (Phàm Nhân Tu Tiên)	  Registering prefab file: prefabs/hh_decor_skeletons	
[00:00:04]: Mod: PhamNhanTuTien (Phàm Nhân Tu Tiên)	    hh_decor_scorched_skeleton	
[00:00:04]: Mod: PhamNhanTuTien (Phàm Nhân Tu Tiên)	    hh_decor_skeleton_pig	
[00:00:04]: Mod: PhamNhanTuTien (Phàm Nhân Tu Tiên)	    hh_decor_skeleton_merm	
[00:00:04]: Mod: PhamNhanTuTien (Phàm Nhân Tu Tiên)	  Registering prefab file: prefabs/hh_arena_lava_pond	
[00:00:04]: Mod: PhamNhanTuTien (Phàm Nhân Tu Tiên)	    hh_arena_lava_pond_rock	
[00:00:04]: Mod: PhamNhanTuTien (Phàm Nhân Tu Tiên)	    hh_arena_lava_pond_rock2	
[00:00:04]: Mod: PhamNhanTuTien (Phàm Nhân Tu Tiên)	    hh_arena_lava_pond_rock3	
[00:00:04]: Mod: PhamNhanTuTien (Phàm Nhân Tu Tiên)	    hh_arena_lava_pond_rock4	
[00:00:04]: Mod: PhamNhanTuTien (Phàm Nhân Tu Tiên)	    hh_arena_lava_pond_rock5	
[00:00:04]: Mod: PhamNhanTuTien (Phàm Nhân Tu Tiên)	    hh_arena_lava_pond_rock6	
[00:00:04]: Mod: PhamNhanTuTien (Phàm Nhân Tu Tiên)	    hh_arena_lava_pond_rock7	
[00:00:04]: Mod: PhamNhanTuTien (Phàm Nhân Tu Tiên)	    hh_arena_lava_pond	
[00:00:04]: Mod: PhamNhanTuTien (Phàm Nhân Tu Tiên)	  Registering prefab file: prefabs/hh_dungeon_pig	
[00:00:04]: Mod: PhamNhanTuTien (Phàm Nhân Tu Tiên)	    hh_dungeon_pig	
[00:00:04]: Mod: PhamNhanTuTien (Phàm Nhân Tu Tiên)	  Registering prefab file: prefabs/hh_dungeon_spider	
[00:00:04]: Mod: PhamNhanTuTien (Phàm Nhân Tu Tiên)	    hh_dungeon_spider	
[00:00:04]: Mod: PhamNhanTuTien (Phàm Nhân Tu Tiên)	  Registering prefab file: prefabs/minimoonspider_spike	
[00:00:04]: Mod: PhamNhanTuTien (Phàm Nhân Tu Tiên)	    minimoonspider_spike	
[00:00:04]: Mod: PhamNhanTuTien (Phàm Nhân Tu Tiên)	  Registering prefab file: prefabs/hh_hound_projectiles	
[00:00:04]: Mod: PhamNhanTuTien (Phàm Nhân Tu Tiên)	    hh_hound_glacial_proj	
[00:00:04]: Mod: PhamNhanTuTien (Phàm Nhân Tu Tiên)	    hound_lightning	
[00:00:04]: Mod: PhamNhanTuTien (Phàm Nhân Tu Tiên)	    hh_hound_lightning	
[00:00:04]: Mod: PhamNhanTuTien (Phàm Nhân Tu Tiên)	  Registering prefab file: prefabs/hh_dungeon_hounds	
[00:00:04]: Mod: PhamNhanTuTien (Phàm Nhân Tu Tiên)	    hh_dungeon_firehound	
[00:00:04]: Mod: PhamNhanTuTien (Phàm Nhân Tu Tiên)	    hh_dungeon_icehound	
[00:00:04]: Mod: PhamNhanTuTien (Phàm Nhân Tu Tiên)	    hh_dungeon_snowhound	
[00:00:04]: Mod: PhamNhanTuTien (Phàm Nhân Tu Tiên)	    hh_dungeon_lightninghound	
[00:00:04]: Mod: PhamNhanTuTien (Phàm Nhân Tu Tiên)	    hh_dungeon_horrorhound	
[00:00:04]: Mod: PhamNhanTuTien (Phàm Nhân Tu Tiên)	  Registering prefab file: prefabs/hh_daogam	
[00:00:04]: Mod: PhamNhanTuTien (Phàm Nhân Tu Tiên)	    hh_daogam	
[00:00:04]: Mod: PhamNhanTuTien (Phàm Nhân Tu Tiên)	    hh_daogam_knife_ef	
[00:00:04]: Mod: PhamNhanTuTien (Phàm Nhân Tu Tiên)	    hh_daogam_sparkle_fx	
[00:00:04]: Mod: PhamNhanTuTien (Phàm Nhân Tu Tiên)	  Registering prefab file: prefabs/hh_daogam2	
[00:00:04]: Mod: PhamNhanTuTien (Phàm Nhân Tu Tiên)	    hh_daogam2	
[00:00:04]: Mod: PhamNhanTuTien (Phàm Nhân Tu Tiên)	  Registering prefab file: prefabs/hh_daogam_fire_skill	
[00:00:04]: Mod: PhamNhanTuTien (Phàm Nhân Tu Tiên)	    hh_daogam_fire_meteor	
[00:00:04]: Mod: PhamNhanTuTien (Phàm Nhân Tu Tiên)	    hh_daogam_fire_splash	
[00:00:04]: Mod: PhamNhanTuTien (Phàm Nhân Tu Tiên)	    hh_daogam_fire_base	
[00:00:04]: Mod: PhamNhanTuTien (Phàm Nhân Tu Tiên)	    hh_daogam_firepuff_1	
[00:00:04]: Mod: PhamNhanTuTien (Phàm Nhân Tu Tiên)	    hh_daogam_firepuff_2	
[00:00:04]: Mod: PhamNhanTuTien (Phàm Nhân Tu Tiên)	    hh_daogam_firepuff_3	
[00:00:04]: Mod: PhamNhanTuTien (Phàm Nhân Tu Tiên)	  Registering prefab file: prefabs/hh_daogam6	
[00:00:04]: Mod: PhamNhanTuTien (Phàm Nhân Tu Tiên)	    hh_daogam6	
[00:00:04]: Mod: PhamNhanTuTien (Phàm Nhân Tu Tiên)	    hh_daogam6fx	
[00:00:04]: Mod: PhamNhanTuTien (Phàm Nhân Tu Tiên)	  Registering prefab file: prefabs/hh_godslayer_aura_fx	
[00:00:04]: Mod: PhamNhanTuTien (Phàm Nhân Tu Tiên)	    hh_godslayer_aura_fx	
[00:00:04]: Mod: PhamNhanTuTien (Phàm Nhân Tu Tiên)	  Registering prefab file: prefabs/hh_ruler_shadow_pillar_spell	
[00:00:04]: Mod: PhamNhanTuTien (Phàm Nhân Tu Tiên)	    hh_ruler_caster	
[00:00:04]: Mod: PhamNhanTuTien (Phàm Nhân Tu Tiên)	    hh_ruler_shadow_pillar_spell	
[00:00:04]: Mod: PhamNhanTuTien (Phàm Nhân Tu Tiên)	  Registering prefab file: prefabs/hh_ruler_shadow_pillar_target	
[00:00:04]: Mod: PhamNhanTuTien (Phàm Nhân Tu Tiên)	    hh_ruler_shadow_pillar_target	
[00:00:04]: Mod: PhamNhanTuTien (Phàm Nhân Tu Tiên)	  Registering prefab file: prefabs/hh_ruler_aura_fx	
[00:00:04]: Mod: PhamNhanTuTien (Phàm Nhân Tu Tiên)	    hh_ruler_aura_fx	
[00:00:04]: Mod: PhamNhanTuTien (Phàm Nhân Tu Tiên)	  Registering prefab file: prefabs/hh_king_aura_igris_fx	
[00:00:04]: Mod: PhamNhanTuTien (Phàm Nhân Tu Tiên)	    hh_king_aura_igris_fx	
[00:00:04]: Mod: PhamNhanTuTien (Phàm Nhân Tu Tiên)	  Registering prefab file: prefabs/hh_king_aura_beru_fx	
[00:00:04]: Mod: PhamNhanTuTien (Phàm Nhân Tu Tiên)	    hh_king_aura_beru_fx	
[00:00:04]: Mod: PhamNhanTuTien (Phàm Nhân Tu Tiên)	  Registering prefab file: prefabs/hh_king_aura_fruitfly_fx	
[00:00:04]: Mod: PhamNhanTuTien (Phàm Nhân Tu Tiên)	    hh_king_aura_fruitfly_fx	
[00:00:04]: Mod: PhamNhanTuTien (Phàm Nhân Tu Tiên)	  Registering prefab file: prefabs/hh_king_aura_macanh_fx	
[00:00:04]: Mod: PhamNhanTuTien (Phàm Nhân Tu Tiên)	    hh_king_aura_macanh_fx	
[00:00:04]: Mod: PhamNhanTuTien (Phàm Nhân Tu Tiên)	  Registering prefab file: prefabs/hh_king_aura_hacanh_fx	
[00:00:04]: Mod: PhamNhanTuTien (Phàm Nhân Tu Tiên)	    hh_king_aura_hacanh_fx	
[00:00:04]: Mod: PhamNhanTuTien (Phàm Nhân Tu Tiên)	  Registering prefab file: prefabs/ttk_hud_epichealth_proxy	
[00:00:04]: Mod: PhamNhanTuTien (Phàm Nhân Tu Tiên)	    ttk_hud_epichealth_proxy	
[00:00:04]: Mod: PhamNhanTuTien (Phàm Nhân Tu Tiên)	  Registering prefab file: prefabs/ttk_hud_damage_number	
[00:00:04]: Mod: PhamNhanTuTien (Phàm Nhân Tu Tiên)	    ttk_hud_damage_number	
[00:00:04]: Mod: PhamNhanTuTien (Phàm Nhân Tu Tiên)	  Registering prefab file: prefabs/ttk_hud_overhead_proxy	
[00:00:04]: Mod: PhamNhanTuTien (Phàm Nhân Tu Tiên)	    ttk_hud_overhead_proxy	
[00:00:04]: Mod: PhamNhanTuTien (Phàm Nhân Tu Tiên)	  Registering prefab file: prefabs/ttk_boss_aoeent	
[00:00:04]: Mod: PhamNhanTuTien (Phàm Nhân Tu Tiên)	    ttk_boss_aoeent	
[00:00:04]: Mod: PhamNhanTuTien (Phàm Nhân Tu Tiên)	    ttk_boss_impact_circle_fx	
[00:00:04]: Mod: PhamNhanTuTien (Phàm Nhân Tu Tiên)	    ttk_boss_bishop_charge	
[00:00:04]: Mod: PhamNhanTuTien (Phàm Nhân Tu Tiên)	    ttk_boss_skill_fossilspike	
[00:00:04]: Mod: PhamNhanTuTien (Phàm Nhân Tu Tiên)	    ttk_boss_skill_circle	
[00:00:04]: Mod: PhamNhanTuTien (Phàm Nhân Tu Tiên)	  Registering prefab file: prefabs/ttk_baihu	
[00:00:04]: Mod: PhamNhanTuTien (Phàm Nhân Tu Tiên)	    ttk_baihu	
[00:00:04]: Mod: PhamNhanTuTien (Phàm Nhân Tu Tiên)	    ttk_boss_baihu_noattack	
[00:00:04]: Mod: PhamNhanTuTien (Phàm Nhân Tu Tiên)	    ttk_boss_shadowbaihu	
[00:00:04]: Mod: PhamNhanTuTien (Phàm Nhân Tu Tiên)	    ttk_boss_deathbaihu	
[00:00:04]: Mod: PhamNhanTuTien (Phàm Nhân Tu Tiên)	  Registering prefab file: prefabs/ttk_boss_baihu_buff	
[00:00:04]: Mod: PhamNhanTuTien (Phàm Nhân Tu Tiên)	    ttk_boss_baihu_buff1	
[00:00:04]: Mod: PhamNhanTuTien (Phàm Nhân Tu Tiên)	    ttk_boss_baihu_buff2	
[00:00:04]: Mod: PhamNhanTuTien (Phàm Nhân Tu Tiên)	    ttk_boss_baihu_buff3	
[00:00:04]: Mod: PhamNhanTuTien (Phàm Nhân Tu Tiên)	    ttk_boss_baihu_shadowplayer	
[00:00:04]: Mod: PhamNhanTuTien (Phàm Nhân Tu Tiên)	    ttk_boss_baihu_dotfx	
[00:00:04]: Mod: PhamNhanTuTien (Phàm Nhân Tu Tiên)	  Registering prefab file: prefabs/ttk_boss_baihu_shadow_fx	
[00:00:04]: Mod: PhamNhanTuTien (Phàm Nhân Tu Tiên)	    ttk_boss_baihu_shadow_fx1	
[00:00:04]: Mod: PhamNhanTuTien (Phàm Nhân Tu Tiên)	    ttk_boss_baihu_shadow_fx2	
[00:00:04]: Mod: PhamNhanTuTien (Phàm Nhân Tu Tiên)	    ttk_boss_baihu_shadow_fx3	
[00:00:04]: Mod: PhamNhanTuTien (Phàm Nhân Tu Tiên)	    ttk_boss_baihu_shadow_fx	
[00:00:04]: Mod: PhamNhanTuTien (Phàm Nhân Tu Tiên)	  Registering prefab file: prefabs/ttk_boss_baihufx	
[00:00:04]: Mod: PhamNhanTuTien (Phàm Nhân Tu Tiên)	    ttk_boss_baihu_fsfx	
[00:00:04]: Mod: PhamNhanTuTien (Phàm Nhân Tu Tiên)	    ttk_boss_baihu_cjfx	
[00:00:04]: Mod: PhamNhanTuTien (Phàm Nhân Tu Tiên)	    ttk_boss_baihu_gzfx	
[00:00:04]: Mod: PhamNhanTuTien (Phàm Nhân Tu Tiên)	  Registering prefab file: prefabs/ttk_boss_buffs	
[00:00:04]: Mod: PhamNhanTuTien (Phàm Nhân Tu Tiên)	    ttk_boss_ignoreplanarentity	
[00:00:04]: Mod: PhamNhanTuTien (Phàm Nhân Tu Tiên)	    ttk_boss_slow_buff	
[00:00:04]: Mod: PhamNhanTuTien (Phàm Nhân Tu Tiên)	    ttk_boss_spiderqueen_buff1	
[00:00:04]: Mod: PhamNhanTuTien (Phàm Nhân Tu Tiên)	    ttk_boss_spiderqueen_buff2	
[00:00:04]: Mod: PhamNhanTuTien (Phàm Nhân Tu Tiên)	    ttk_boss_spiderqueen_buff3	
[00:00:04]: Mod: PhamNhanTuTien (Phàm Nhân Tu Tiên)	  Registering prefab file: prefabs/ttk_boss_cl	
[00:00:04]: Mod: PhamNhanTuTien (Phàm Nhân Tu Tiên)	    ttk_boss_sinkhole	
[00:00:04]: Mod: PhamNhanTuTien (Phàm Nhân Tu Tiên)	    ttk_boss_sinkhole1	
[00:00:04]: Mod: PhamNhanTuTien (Phàm Nhân Tu Tiên)	    ttk_boss_cl_tornado	
[00:00:04]: Mod: PhamNhanTuTien (Phàm Nhân Tu Tiên)	    ttk_boss_cl_tornadofx	
[00:00:04]: Mod: PhamNhanTuTien (Phàm Nhân Tu Tiên)	  Registering prefab file: prefabs/ttk_boss_deerclops_ziyun_aux	
[00:00:04]: Mod: PhamNhanTuTien (Phàm Nhân Tu Tiên)	    ttk_boss_deerclops_ziyun_aux	
[00:00:04]: Mod: PhamNhanTuTien (Phàm Nhân Tu Tiên)	    ttk_deerclops_ziyun	
[00:00:04]: Mod: PhamNhanTuTien (Phàm Nhân Tu Tiên)	  Registering prefab file: prefabs/ttk_boss_fb_mutateddeerclops	
[00:00:04]: Mod: PhamNhanTuTien (Phàm Nhân Tu Tiên)	    ttk_boss_fb_mutateddeerclops	
[00:00:04]: Mod: PhamNhanTuTien (Phàm Nhân Tu Tiên)	    ttk_boss_fb_impact_circle_fx	
[00:00:04]: Mod: PhamNhanTuTien (Phàm Nhân Tu Tiên)	  Registering prefab file: prefabs/ttk_boss_fb_warg_mutated_fx	
[00:00:04]: Mod: PhamNhanTuTien (Phàm Nhân Tu Tiên)	    ttk_boss_fb_warg_mutated_breath_fx	
[00:00:04]: Mod: PhamNhanTuTien (Phàm Nhân Tu Tiên)	    ttk_boss_fb_warg_mutated_ember_fx	
[00:00:04]: Mod: PhamNhanTuTien (Phàm Nhân Tu Tiên)	  Registering prefab file: prefabs/ttk_boss_ftj	
[00:00:04]: Mod: PhamNhanTuTien (Phàm Nhân Tu Tiên)	    ttk_boss_ftj_fx	
[00:00:04]: Mod: PhamNhanTuTien (Phàm Nhân Tu Tiên)	    ttk_boss_ftj_explodefx	
[00:00:04]: Mod: PhamNhanTuTien (Phàm Nhân Tu Tiên)	  Registering prefab file: prefabs/ttk_boss_fubenminions	
[00:00:04]: Mod: PhamNhanTuTien (Phàm Nhân Tu Tiên)	    ttk_boss_minion1	
[00:00:04]: Mod: PhamNhanTuTien (Phàm Nhân Tu Tiên)	    ttk_boss_minion2	
[00:00:04]: Mod: PhamNhanTuTien (Phàm Nhân Tu Tiên)	    ttk_boss_fubenminion	
[00:00:04]: Mod: PhamNhanTuTien (Phàm Nhân Tu Tiên)	  Registering prefab file: prefabs/ttk_futu	
[00:00:04]: Mod: PhamNhanTuTien (Phàm Nhân Tu Tiên)	    ttk_futu	
[00:00:04]: Mod: PhamNhanTuTien (Phàm Nhân Tu Tiên)	    ttk_boss_futu_small	
[00:00:04]: Mod: PhamNhanTuTien (Phàm Nhân Tu Tiên)	  Registering prefab file: prefabs/ttk_boss_fxs	
[00:00:04]: Mod: PhamNhanTuTien (Phàm Nhân Tu Tiên)	    ttk_boss_sand_puff_large_front	
[00:00:04]: Mod: PhamNhanTuTien (Phàm Nhân Tu Tiên)	    ttk_boss_sand_puff_large_back	
[00:00:04]: Mod: PhamNhanTuTien (Phàm Nhân Tu Tiên)	    ttk_boss_wolf_zmyh_front	
[00:00:04]: Mod: PhamNhanTuTien (Phàm Nhân Tu Tiên)	    ttk_boss_wolf_zmyh_back	
[00:00:04]: Mod: PhamNhanTuTien (Phàm Nhân Tu Tiên)	    ttk_boss_htz_wingpuff_front	
[00:00:04]: Mod: PhamNhanTuTien (Phàm Nhân Tu Tiên)	    ttk_boss_htz_wingpuff_back	
[00:00:04]: Mod: PhamNhanTuTien (Phàm Nhân Tu Tiên)	    ttk_boss_ht_sand_puff_front	
[00:00:04]: Mod: PhamNhanTuTien (Phàm Nhân Tu Tiên)	    ttk_boss_ht_sand_puff_back	
[00:00:04]: Mod: PhamNhanTuTien (Phàm Nhân Tu Tiên)	    ttk_boss_luoshen_sand_puff_front	
[00:00:04]: Mod: PhamNhanTuTien (Phàm Nhân Tu Tiên)	    ttk_boss_luoshen_sand_puff_back	
[00:00:04]: Mod: PhamNhanTuTien (Phàm Nhân Tu Tiên)	    ttk_boss_dhxl_puff_front	
[00:00:04]: Mod: PhamNhanTuTien (Phàm Nhân Tu Tiên)	    ttk_boss_dhxl_puff_back	
[00:00:04]: Mod: PhamNhanTuTien (Phàm Nhân Tu Tiên)	    ttk_boss_ws_fx	
[00:00:04]: Mod: PhamNhanTuTien (Phàm Nhân Tu Tiên)	    ttk_boss_bigspawn_fx_medium_static	
[00:00:04]: Mod: PhamNhanTuTien (Phàm Nhân Tu Tiên)	    ttk_boss_bigspawn_fx_medium_static_new	
[00:00:04]: Mod: PhamNhanTuTien (Phàm Nhân Tu Tiên)	    ttk_boss_pawn_fx_medium_static_3	
[00:00:04]: Mod: PhamNhanTuTien (Phàm Nhân Tu Tiên)	    ttk_boss_recall_flower	
[00:00:04]: Mod: PhamNhanTuTien (Phàm Nhân Tu Tiên)	    ttk_boss_explode_small	
[00:00:04]: Mod: PhamNhanTuTien (Phàm Nhân Tu Tiên)	    ttk_boss_explode_jxsq	
[00:00:04]: Mod: PhamNhanTuTien (Phàm Nhân Tu Tiên)	    ttk_boss_explode_verysmall	
[00:00:04]: Mod: PhamNhanTuTien (Phàm Nhân Tu Tiên)	    ttk_boss_die_fx	
[00:00:04]: Mod: PhamNhanTuTien (Phàm Nhân Tu Tiên)	    ttk_boss_shadowdie_fx	
[00:00:04]: Mod: PhamNhanTuTien (Phàm Nhân Tu Tiên)	    ttk_boss_shadow_merm_spawn_fx	
[00:00:04]: Mod: PhamNhanTuTien (Phàm Nhân Tu Tiên)	    ttk_boss_motidie_fx	
[00:00:04]: Mod: PhamNhanTuTien (Phàm Nhân Tu Tiên)	    ttk_boss_stalke_hitfx	
[00:00:04]: Mod: PhamNhanTuTien (Phàm Nhân Tu Tiên)	    ttk_boss_statue_transition_2_big	
[00:00:04]: Mod: PhamNhanTuTien (Phàm Nhân Tu Tiên)	    ttk_boss_splash_yellow	
[00:00:04]: Mod: PhamNhanTuTien (Phàm Nhân Tu Tiên)	    ttk_boss_bianhua_fx	
[00:00:04]: Mod: PhamNhanTuTien (Phàm Nhân Tu Tiên)	    ttk_boss_db_bianhua_fx	
[00:00:04]: Mod: PhamNhanTuTien (Phàm Nhân Tu Tiên)	    ttk_boss_bianhua_fx_big	
[00:00:04]: Mod: PhamNhanTuTien (Phàm Nhân Tu Tiên)	    ttk_boss_bianhua_fx_explo	
[00:00:04]: Mod: PhamNhanTuTien (Phàm Nhân Tu Tiên)	    ttk_boss_bs_smoke	
[00:00:04]: Mod: PhamNhanTuTien (Phàm Nhân Tu Tiên)	    ttk_boss_bs_smoke_shadow	
[00:00:04]: Mod: PhamNhanTuTien (Phàm Nhân Tu Tiên)	    ttk_boss_jilian_fx	
[00:00:04]: Mod: PhamNhanTuTien (Phàm Nhân Tu Tiên)	    ttk_boss_shengge_fx	
[00:00:04]: Mod: PhamNhanTuTien (Phàm Nhân Tu Tiên)	    ttk_boss_spawn_fx_medium_static	
[00:00:04]: Mod: PhamNhanTuTien (Phàm Nhân Tu Tiên)	    ttk_boss_bigspawn_fx_medium_static_nosound	
[00:00:04]: Mod: PhamNhanTuTien (Phàm Nhân Tu Tiên)	    ttk_boss_petspawn_fx	
[00:00:04]: Mod: PhamNhanTuTien (Phàm Nhân Tu Tiên)	    ttk_boss_dodgeattack_fx	
[00:00:04]: Mod: PhamNhanTuTien (Phàm Nhân Tu Tiên)	    ttk_boss_time_st_brockfx	
[00:00:04]: Mod: PhamNhanTuTien (Phàm Nhân Tu Tiên)	    ttk_boss_sword_red_hitfx	
[00:00:04]: Mod: PhamNhanTuTien (Phàm Nhân Tu Tiên)	    ttk_boss_sword_blue_hitfx	
[00:00:04]: Mod: PhamNhanTuTien (Phàm Nhân Tu Tiên)	    ttk_boss_ring_fx	
[00:00:04]: Mod: PhamNhanTuTien (Phàm Nhân Tu Tiên)	    ttk_boss_pet4_ring_fx	
[00:00:04]: Mod: PhamNhanTuTien (Phàm Nhân Tu Tiên)	    ttk_boss_fire_ring_fx	
[00:00:04]: Mod: PhamNhanTuTien (Phàm Nhân Tu Tiên)	    ttk_boss_spider_puff_front	
[00:00:04]: Mod: PhamNhanTuTien (Phàm Nhân Tu Tiên)	    ttk_boss_spider_puff_back	
[00:00:04]: Mod: PhamNhanTuTien (Phàm Nhân Tu Tiên)	    ttk_boss_spider_puff_white_front	
[00:00:04]: Mod: PhamNhanTuTien (Phàm Nhân Tu Tiên)	    ttk_boss_spider_puff_white_back	
[00:00:04]: Mod: PhamNhanTuTien (Phàm Nhân Tu Tiên)	    ttk_boss_xyzz_spider_puff_front	
[00:00:04]: Mod: PhamNhanTuTien (Phàm Nhân Tu Tiên)	    ttk_boss_xyzz_spider_puff_back	
[00:00:04]: Mod: PhamNhanTuTien (Phàm Nhân Tu Tiên)	    ttk_boss_zuichunyan_green_leaves_chop	
[00:00:04]: Mod: PhamNhanTuTien (Phàm Nhân Tu Tiên)	    ttk_boss_zuichunyan_green_leaves_fall	
[00:00:04]: Mod: PhamNhanTuTien (Phàm Nhân Tu Tiên)	    ttk_boss_zuichunyan_purple_leaves_chop	
[00:00:04]: Mod: PhamNhanTuTien (Phàm Nhân Tu Tiên)	    ttk_boss_zuichunyan_purple_leaves_fall	
[00:00:04]: Mod: PhamNhanTuTien (Phàm Nhân Tu Tiên)	    ttk_boss_chenpingan_mume_leaves_chop	
[00:00:04]: Mod: PhamNhanTuTien (Phàm Nhân Tu Tiên)	    ttk_boss_chenpingan_mume_leaves_fall	
[00:00:04]: Mod: PhamNhanTuTien (Phàm Nhân Tu Tiên)	    ttk_boss_yunxiao_fls_raise	
[00:00:04]: Mod: PhamNhanTuTien (Phàm Nhân Tu Tiên)	    ttk_boss_yunxiao_fls_lower	
[00:00:04]: Mod: PhamNhanTuTien (Phàm Nhân Tu Tiên)	    ttk_boss_sand_splash_fx	
[00:00:04]: Mod: PhamNhanTuTien (Phàm Nhân Tu Tiên)	    ttk_boss_sword_explosion_fx	
[00:00:04]: Mod: PhamNhanTuTien (Phàm Nhân Tu Tiên)	    ttk_boss_firesplash_fx	
[00:00:04]: Mod: PhamNhanTuTien (Phàm Nhân Tu Tiên)	    ttk_boss_shield1	
[00:00:04]: Mod: PhamNhanTuTien (Phàm Nhân Tu Tiên)	    ttk_boss_shield2	
[00:00:04]: Mod: PhamNhanTuTien (Phàm Nhân Tu Tiên)	    ttk_boss_shield3	
[00:00:04]: Mod: PhamNhanTuTien (Phàm Nhân Tu Tiên)	    ttk_boss_shield4	
[00:00:04]: Mod: PhamNhanTuTien (Phàm Nhân Tu Tiên)	    ttk_boss_shield5	
[00:00:04]: Mod: PhamNhanTuTien (Phàm Nhân Tu Tiên)	    ttk_boss_shield6	
[00:00:04]: Mod: PhamNhanTuTien (Phàm Nhân Tu Tiên)	    ttk_boss_whiteshield1	
[00:00:04]: Mod: PhamNhanTuTien (Phàm Nhân Tu Tiên)	    ttk_boss_whiteshield2	
[00:00:04]: Mod: PhamNhanTuTien (Phàm Nhân Tu Tiên)	    ttk_boss_whiteshield3	
[00:00:04]: Mod: PhamNhanTuTien (Phàm Nhân Tu Tiên)	    ttk_boss_whiteshield4	
[00:00:04]: Mod: PhamNhanTuTien (Phàm Nhân Tu Tiên)	    ttk_boss_whiteshield5	
[00:00:04]: Mod: PhamNhanTuTien (Phàm Nhân Tu Tiên)	    ttk_boss_whiteshield6	
[00:00:04]: Mod: PhamNhanTuTien (Phàm Nhân Tu Tiên)	  Registering prefab file: prefabs/ttk_boss_gongdeshadow	
[00:00:04]: Mod: PhamNhanTuTien (Phàm Nhân Tu Tiên)	    ttk_boss_gongdeshadow	
[00:00:04]: Mod: PhamNhanTuTien (Phàm Nhân Tu Tiên)	    ttk_boss_motishadow	
[00:00:04]: Mod: PhamNhanTuTien (Phàm Nhân Tu Tiên)	    ttk_boss_tssyqshadow	
[00:00:04]: Mod: PhamNhanTuTien (Phàm Nhân Tu Tiên)	    ttk_boss_channeler	
[00:00:04]: Mod: PhamNhanTuTien (Phàm Nhân Tu Tiên)	  Registering prefab file: prefabs/ttk_boss_ht	
[00:00:04]: Mod: PhamNhanTuTien (Phàm Nhân Tu Tiên)	    ttk_boss_ht	
[00:00:04]: Mod: PhamNhanTuTien (Phàm Nhân Tu Tiên)	    ttk_boss_ht_flyerfx_cloud	
[00:00:04]: Mod: PhamNhanTuTien (Phàm Nhân Tu Tiên)	    ttk_boss_ht_single_cloud	
[00:00:04]: Mod: PhamNhanTuTien (Phàm Nhân Tu Tiên)	    ttk_boss_ht_swordfx	
[00:00:04]: Mod: PhamNhanTuTien (Phàm Nhân Tu Tiên)	    ttk_boss_ht_groundfx	
[00:00:04]: Mod: PhamNhanTuTien (Phàm Nhân Tu Tiên)	    ttk_boss_ht_fissure_custom	
[00:00:04]: Mod: PhamNhanTuTien (Phàm Nhân Tu Tiên)	  Registering prefab file: prefabs/ttk_boss_hyf	
[00:00:04]: Mod: PhamNhanTuTien (Phàm Nhân Tu Tiên)	    ttk_boss_hyf_fx	
[00:00:04]: Mod: PhamNhanTuTien (Phàm Nhân Tu Tiên)	    ttk_boss_hyf_fullfx	
[00:00:04]: Mod: PhamNhanTuTien (Phàm Nhân Tu Tiên)	    ttk_boss_hyf_frontfx	
[00:00:04]: Mod: PhamNhanTuTien (Phàm Nhân Tu Tiên)	    ttk_boss_hyf_frontfx_small	
[00:00:04]: Mod: PhamNhanTuTien (Phàm Nhân Tu Tiên)	    ttk_boss_hyf_projectile_fx	
[00:00:04]: Mod: PhamNhanTuTien (Phàm Nhân Tu Tiên)	    ttk_boss_hyf_projectile_blast_fx	
[00:00:04]: Mod: PhamNhanTuTien (Phàm Nhân Tu Tiên)	  Registering prefab file: prefabs/ttk_boss_jcbird	
[00:00:04]: Mod: PhamNhanTuTien (Phàm Nhân Tu Tiên)	    ttk_boss_jcbird	
[00:00:04]: Mod: PhamNhanTuTien (Phàm Nhân Tu Tiên)	    ttk_boss_jcbird_spitter	
[00:00:04]: Mod: PhamNhanTuTien (Phàm Nhân Tu Tiên)	    ttk_boss_jcbird_spittersplat	
[00:00:04]: Mod: PhamNhanTuTien (Phàm Nhân Tu Tiên)	    ttk_boss_jcbird_fire	
[00:00:04]: Mod: PhamNhanTuTien (Phàm Nhân Tu Tiên)	    ttk_boss_jcbird_fire_over	
[00:00:04]: Mod: PhamNhanTuTien (Phàm Nhân Tu Tiên)	  Registering prefab file: prefabs/ttk_jfsn	
[00:00:04]: Mod: PhamNhanTuTien (Phàm Nhân Tu Tiên)	    ttk_jfsn	
[00:00:04]: Mod: PhamNhanTuTien (Phàm Nhân Tu Tiên)	  Registering prefab file: prefabs/ttk_boss_jfsn_fire	
[00:00:04]: Mod: PhamNhanTuTien (Phàm Nhân Tu Tiên)	    ttk_boss_jfsn_fire	
[00:00:04]: Mod: PhamNhanTuTien (Phàm Nhân Tu Tiên)	  Registering prefab file: prefabs/ttk_boss_jfsnmeteor	
[00:00:04]: Mod: PhamNhanTuTien (Phàm Nhân Tu Tiên)	    ttk_boss_jfsnmeteor	
[00:00:04]: Mod: PhamNhanTuTien (Phàm Nhân Tu Tiên)	  Registering prefab file: prefabs/ttk_boss_laser_ring	
[00:00:04]: Mod: PhamNhanTuTien (Phàm Nhân Tu Tiên)	    ttk_boss_laser_ring	
[00:00:04]: Mod: PhamNhanTuTien (Phàm Nhân Tu Tiên)	    ttk_boss_gongdeshadow_fx	
[00:00:04]: Mod: PhamNhanTuTien (Phàm Nhân Tu Tiên)	    ttk_boss_laser_explosion	
[00:00:04]: Mod: PhamNhanTuTien (Phàm Nhân Tu Tiên)	    ttk_boss_qy_explosion	
[00:00:04]: Mod: PhamNhanTuTien (Phàm Nhân Tu Tiên)	  Registering prefab file: prefabs/ttk_boss_mutated_fx	
[00:00:04]: Mod: PhamNhanTuTien (Phàm Nhân Tu Tiên)	    ttk_boss_mutated_breath_fx	
[00:00:04]: Mod: PhamNhanTuTien (Phàm Nhân Tu Tiên)	    ttk_boss_mutated_breath_ltzfx	
[00:00:04]: Mod: PhamNhanTuTien (Phàm Nhân Tu Tiên)	    ttk_boss_mutated_ember_fx	
[00:00:04]: Mod: PhamNhanTuTien (Phàm Nhân Tu Tiên)	  Registering prefab file: prefabs/ttk_qlch	
[00:00:04]: Mod: PhamNhanTuTien (Phàm Nhân Tu Tiên)	    ttk_qlch	
[00:00:04]: Mod: PhamNhanTuTien (Phàm Nhân Tu Tiên)	    ttk_boss_qlch_fs	
[00:00:04]: Mod: PhamNhanTuTien (Phàm Nhân Tu Tiên)	    ttk_boss_qlch_texiao	
[00:00:04]: Mod: PhamNhanTuTien (Phàm Nhân Tu Tiên)	  Registering prefab file: prefabs/ttk_boss_qlch_cloud	
[00:00:04]: Mod: PhamNhanTuTien (Phàm Nhân Tu Tiên)	    ttk_boss_qlch_cloud	
[00:00:04]: Mod: PhamNhanTuTien (Phàm Nhân Tu Tiên)	    ttk_boss_qlch_cloud_overlay	
[00:00:04]: Mod: PhamNhanTuTien (Phàm Nhân Tu Tiên)	  Registering prefab file: prefabs/ttk_boss_qlch_fx	
[00:00:04]: Mod: PhamNhanTuTien (Phàm Nhân Tu Tiên)	    ttk_boss_qlch_charge	
[00:00:04]: Mod: PhamNhanTuTien (Phàm Nhân Tu Tiên)	  Registering prefab file: prefabs/ttk_qxdx	
[00:00:04]: Mod: PhamNhanTuTien (Phàm Nhân Tu Tiên)	    ttk_qxdx	
[00:00:04]: Mod: PhamNhanTuTien (Phàm Nhân Tu Tiên)	    ttk_boss_qxdx_spike	
[00:00:04]: Mod: PhamNhanTuTien (Phàm Nhân Tu Tiên)	    ttk_boss_qxdx_yumaofx	
[00:00:04]: Mod: PhamNhanTuTien (Phàm Nhân Tu Tiên)	  Registering prefab file: prefabs/ttk_boss_rock_basalt	
[00:00:04]: Mod: PhamNhanTuTien (Phàm Nhân Tu Tiên)	    ttk_boss_rock_basalt	
[00:00:04]: Mod: PhamNhanTuTien (Phàm Nhân Tu Tiên)	    ttk_boss_baihu_rock	
[00:00:04]: Mod: PhamNhanTuTien (Phàm Nhân Tu Tiên)	    ttk_boss_spiderqueen_rock	
[00:00:04]: Mod: PhamNhanTuTien (Phàm Nhân Tu Tiên)	    ttk_boss_futu_rock	
[00:00:04]: Mod: PhamNhanTuTien (Phàm Nhân Tu Tiên)	    ttk_boss_yunxiao_jjj_rock	
[00:00:04]: Mod: PhamNhanTuTien (Phàm Nhân Tu Tiên)	  Registering prefab file: prefabs/ttk_boss_sand_spike	
[00:00:04]: Mod: PhamNhanTuTien (Phàm Nhân Tu Tiên)	    ttk_boss_sandspike	
[00:00:04]: Mod: PhamNhanTuTien (Phàm Nhân Tu Tiên)	    ttk_boss_sandblock	
[00:00:04]: Mod: PhamNhanTuTien (Phàm Nhân Tu Tiên)	  Registering prefab file: prefabs/ttk_boss_shadowmeteor	
[00:00:04]: Mod: PhamNhanTuTien (Phàm Nhân Tu Tiên)	    ttk_boss_shadowmeteor	
[00:00:04]: Mod: PhamNhanTuTien (Phàm Nhân Tu Tiên)	    ttk_boss_meteorwarning	
[00:00:04]: Mod: PhamNhanTuTien (Phàm Nhân Tu Tiên)	    ttk_boss_burntground	
[00:00:04]: Mod: PhamNhanTuTien (Phàm Nhân Tu Tiên)	  Registering prefab file: prefabs/ttk_boss_shadowmonster	
[00:00:04]: Mod: PhamNhanTuTien (Phàm Nhân Tu Tiên)	    ttk_boss_guaiwu_rook	
[00:00:04]: Mod: PhamNhanTuTien (Phàm Nhân Tu Tiên)	    ttk_boss_guaiwu_bishop	
[00:00:04]: Mod: PhamNhanTuTien (Phàm Nhân Tu Tiên)	    ttk_boss_wmz_bishop	
[00:00:04]: Mod: PhamNhanTuTien (Phàm Nhân Tu Tiên)	  Registering prefab file: prefabs/ttk_boss_sinkhole	
[00:00:04]: Mod: PhamNhanTuTien (Phàm Nhân Tu Tiên)	    ttk_boss_daywalker_sinkhole	
[00:00:04]: Mod: PhamNhanTuTien (Phàm Nhân Tu Tiên)	  Registering prefab file: prefabs/ttk_boss_spider	
[00:00:04]: Mod: PhamNhanTuTien (Phàm Nhân Tu Tiên)	    ttk_boss_spider	
[00:00:04]: Mod: PhamNhanTuTien (Phàm Nhân Tu Tiên)	    ttk_boss_spider_pro	
[00:00:04]: Mod: PhamNhanTuTien (Phàm Nhân Tu Tiên)	    ttk_boss_slow_buff_ent	
[00:00:04]: Mod: PhamNhanTuTien (Phàm Nhân Tu Tiên)	  Registering prefab file: prefabs/ttk_spiderqueen	
[00:00:04]: Mod: PhamNhanTuTien (Phàm Nhân Tu Tiên)	    ttk_spiderqueen	
[00:00:04]: Mod: PhamNhanTuTien (Phàm Nhân Tu Tiên)	    ttk_boss_spiderqueen_web	
[00:00:04]: Mod: PhamNhanTuTien (Phàm Nhân Tu Tiên)	    ttk_boss_spiderqueen_smallweb	
[00:00:04]: Mod: PhamNhanTuTien (Phàm Nhân Tu Tiên)	    ttk_boss_spiderqueen_wave	
[00:00:04]: Mod: PhamNhanTuTien (Phàm Nhân Tu Tiên)	    ttk_boss_spiderqueen_pro	
[00:00:04]: Mod: PhamNhanTuTien (Phàm Nhân Tu Tiên)	    ttk_boss_spiderqueen_buffent1	
[00:00:04]: Mod: PhamNhanTuTien (Phàm Nhân Tu Tiên)	    ttk_boss_spiderqueen_buffent2	
[00:00:04]: Mod: PhamNhanTuTien (Phàm Nhân Tu Tiên)	    ttk_boss_spiderqueen_buffent3	
[00:00:04]: Mod: PhamNhanTuTien (Phàm Nhân Tu Tiên)	    ttk_boss_spiderqueen_waveent	
[00:00:04]: Mod: PhamNhanTuTien (Phàm Nhân Tu Tiên)	  Registering prefab file: prefabs/ttk_boss_spiderqueen_cloud	
[00:00:04]: Mod: PhamNhanTuTien (Phàm Nhân Tu Tiên)	    ttk_boss_spiderqueen_cloud	
[00:00:04]: Mod: PhamNhanTuTien (Phàm Nhân Tu Tiên)	    ttk_boss_spiderqueen_cloud_overlay	
[00:00:04]: Mod: PhamNhanTuTien (Phàm Nhân Tu Tiên)	  Registering prefab file: prefabs/ttk_stalke_fuben	
[00:00:04]: Mod: PhamNhanTuTien (Phàm Nhân Tu Tiên)	    ttk_stalke_fuben	
[00:00:04]: Mod: PhamNhanTuTien (Phàm Nhân Tu Tiên)	  Registering prefab file: prefabs/ttk_boss_stalke_ziyun	
[00:00:04]: Mod: PhamNhanTuTien (Phàm Nhân Tu Tiên)	    ttk_boss_stalker_ziyun	
[00:00:04]: Mod: PhamNhanTuTien (Phàm Nhân Tu Tiên)	    ttk_boss_stalker_ziyunfx	
[00:00:04]: Mod: PhamNhanTuTien (Phàm Nhân Tu Tiên)	    ttk_boss_stalker_ziyunspike	
[00:00:04]: Mod: PhamNhanTuTien (Phàm Nhân Tu Tiên)	  Registering prefab file: prefabs/ttk_boss_stmeteor	
[00:00:04]: Mod: PhamNhanTuTien (Phàm Nhân Tu Tiên)	    ttk_boss_stmeteor	
[00:00:04]: Mod: PhamNhanTuTien (Phàm Nhân Tu Tiên)	  Registering prefab file: prefabs/ttk_boss_sudaji_fx	
[00:00:04]: Mod: PhamNhanTuTien (Phàm Nhân Tu Tiên)	    ttk_boss_sudaji_flyin	
[00:00:04]: Mod: PhamNhanTuTien (Phàm Nhân Tu Tiên)	    ttk_boss_sudaji_flyout	
[00:00:04]: Mod: PhamNhanTuTien (Phàm Nhân Tu Tiên)	    ttk_boss_sudaji_foxin	
[00:00:04]: Mod: PhamNhanTuTien (Phàm Nhân Tu Tiên)	    ttk_boss_sudaji_foxout	
[00:00:04]: Mod: PhamNhanTuTien (Phàm Nhân Tu Tiên)	    ttk_boss_sudaji_hitfx	
[00:00:04]: Mod: PhamNhanTuTien (Phàm Nhân Tu Tiên)	    ttk_boss_sudaji_lungefx	
[00:00:04]: Mod: PhamNhanTuTien (Phàm Nhân Tu Tiên)	    ttk_boss_sudaji_lungehitfx	
[00:00:04]: Mod: PhamNhanTuTien (Phàm Nhân Tu Tiên)	  Registering prefab file: prefabs/ttk_boss_sudaji_xyj	
[00:00:04]: Mod: PhamNhanTuTien (Phàm Nhân Tu Tiên)	    ttk_boss_elec_charged_fx	
[00:00:04]: Mod: PhamNhanTuTien (Phàm Nhân Tu Tiên)	    ttk_boss_suduji_xyjfx	
[00:00:04]: Mod: PhamNhanTuTien (Phàm Nhân Tu Tiên)	  Registering prefab file: prefabs/ttk_boss_sword	
[00:00:04]: Mod: PhamNhanTuTien (Phàm Nhân Tu Tiên)	    ttk_boss_sword_red	
[00:00:04]: Mod: PhamNhanTuTien (Phàm Nhân Tu Tiên)	    ttk_boss_sword_green	
[00:00:04]: Mod: PhamNhanTuTien (Phàm Nhân Tu Tiên)	    ttk_boss_sword_blue	
[00:00:04]: Mod: PhamNhanTuTien (Phàm Nhân Tu Tiên)	    ttk_boss_sword_fj	
[00:00:04]: Mod: PhamNhanTuTien (Phàm Nhân Tu Tiên)	    ttk_boss_htz_rotationsword	
[00:00:04]: Mod: PhamNhanTuTien (Phàm Nhân Tu Tiên)	    ttk_boss_sword_mo	
[00:00:04]: Mod: PhamNhanTuTien (Phàm Nhân Tu Tiên)	    ttk_boss_xianjian_builder	
[00:00:04]: Mod: PhamNhanTuTien (Phàm Nhân Tu Tiên)	    ttk_boss_mo_builder	
[00:00:04]: Mod: PhamNhanTuTien (Phàm Nhân Tu Tiên)	  Registering prefab file: prefabs/ttk_boss_swordfx	
[00:00:04]: Mod: PhamNhanTuTien (Phàm Nhân Tu Tiên)	    ttk_boss_sword_ayq	
[00:00:04]: Mod: PhamNhanTuTien (Phàm Nhân Tu Tiên)	    ttk_boss_sword_xi	
[00:00:04]: Mod: PhamNhanTuTien (Phàm Nhân Tu Tiên)	    ttk_boss_sword_mofx1	
[00:00:04]: Mod: PhamNhanTuTien (Phàm Nhân Tu Tiên)	    ttk_boss_sword_mofx2	
[00:00:04]: Mod: PhamNhanTuTien (Phàm Nhân Tu Tiên)	    ttk_boss_sword_mo_tornado	
[00:00:04]: Mod: PhamNhanTuTien (Phàm Nhân Tu Tiên)	    ttk_boss_sword_mo_lightning	
[00:00:04]: Mod: PhamNhanTuTien (Phàm Nhân Tu Tiên)	    ttk_boss_sword_mo_aoe	
[00:00:04]: Mod: PhamNhanTuTien (Phàm Nhân Tu Tiên)	    ttk_boss_weapon_jjfirefx	
[00:00:04]: Mod: PhamNhanTuTien (Phàm Nhân Tu Tiên)	    ttk_boss_sword_red_attackfx	
[00:00:04]: Mod: PhamNhanTuTien (Phàm Nhân Tu Tiên)	    ttk_boss_sword_red_skillfx	
[00:00:04]: Mod: PhamNhanTuTien (Phàm Nhân Tu Tiên)	    ttk_boss_sword_white_skillfx	
[00:00:04]: Mod: PhamNhanTuTien (Phàm Nhân Tu Tiên)	    ttk_boss_sword_blue_skillfx	
[00:00:04]: Mod: PhamNhanTuTien (Phàm Nhân Tu Tiên)	    ttk_boss_sword_green_skillfx	
[00:00:04]: Mod: PhamNhanTuTien (Phàm Nhân Tu Tiên)	    ttk_boss_sword_green_explodefx	
[00:00:04]: Mod: PhamNhanTuTien (Phàm Nhân Tu Tiên)	    ttk_boss_sword_bigskill_redfx	
[00:00:04]: Mod: PhamNhanTuTien (Phàm Nhân Tu Tiên)	    ttk_boss_sword_bigskill_redexplodefx	
[00:00:04]: Mod: PhamNhanTuTien (Phàm Nhân Tu Tiên)	    ttk_boss_sword_bigskill_bluefx	
[00:00:04]: Mod: PhamNhanTuTien (Phàm Nhân Tu Tiên)	    ttk_boss_sword_bigskill_blueexplodefx	
[00:00:04]: Mod: PhamNhanTuTien (Phàm Nhân Tu Tiên)	    ttk_boss_sword_bigskill	
[00:00:04]: Mod: PhamNhanTuTien (Phàm Nhân Tu Tiên)	    ttk_boss_sword_mo_meteorfx	
[00:00:04]: Mod: PhamNhanTuTien (Phàm Nhân Tu Tiên)	    ttk_boss_sword_mo_groundfx	
[00:00:04]: Mod: PhamNhanTuTien (Phàm Nhân Tu Tiên)	    ttk_boss_sword_mo_quanfx	
[00:00:04]: Mod: PhamNhanTuTien (Phàm Nhân Tu Tiên)	    ttk_boss_sword_green_upfx	
[00:00:04]: Mod: PhamNhanTuTien (Phàm Nhân Tu Tiên)	    ttk_boss_sword_mo_skillfx	
[00:00:04]: Mod: PhamNhanTuTien (Phàm Nhân Tu Tiên)	    ttk_boss_sword_mo_boom	
[00:00:04]: Mod: PhamNhanTuTien (Phàm Nhân Tu Tiên)	  Registering prefab file: prefabs/ttk_boss_vortex_fx	
[00:00:04]: Mod: PhamNhanTuTien (Phàm Nhân Tu Tiên)	    ttk_boss_vortex_fx	
[00:00:04]: Mod: PhamNhanTuTien (Phàm Nhân Tu Tiên)	    ttk_boss_vortex_spawner	
[00:00:04]: Mod: PhamNhanTuTien (Phàm Nhân Tu Tiên)	    ttk_boss_fgy_fx	
[00:00:04]: Mod: PhamNhanTuTien (Phàm Nhân Tu Tiên)	    ttk_boss_duanzui_baihu_fx	
[00:00:04]: Mod: PhamNhanTuTien (Phàm Nhân Tu Tiên)	    ttk_boss_duanzui_mojun_fx	
[00:00:04]: Mod: PhamNhanTuTien (Phàm Nhân Tu Tiên)	  Registering prefab file: prefabs/ttk_boss_xjs_curve_fx	
[00:00:04]: Mod: PhamNhanTuTien (Phàm Nhân Tu Tiên)	    ttk_boss_xjs_curve_fx	
[00:00:04]: Mod: PhamNhanTuTien (Phàm Nhân Tu Tiên)	  Registering prefab file: prefabs/ttk_ziyunboss	
[00:00:04]: Mod: PhamNhanTuTien (Phàm Nhân Tu Tiên)	    ttk_ziyunboss	
[00:00:04]: Mod: PhamNhanTuTien (Phàm Nhân Tu Tiên)	    ttk_boss_ziyunboss_flyerfx_cloud	
[00:00:04]: Mod: PhamNhanTuTien (Phàm Nhân Tu Tiên)	    ttk_boss_ziyunboss_channeler	
[00:00:04]: Mod: PhamNhanTuTien (Phàm Nhân Tu Tiên)	    ttk_boss_ziyunboss_shadower	
[00:00:04]: Mod: PhamNhanTuTien (Phàm Nhân Tu Tiên)	    ttk_boss_ziyunboss_shadowent	
[00:00:04]: Mod: PhamNhanTuTien (Phàm Nhân Tu Tiên)	    ttk_boss_ziyunboss_sword	
[00:00:04]: Mod: PhamNhanTuTien (Phàm Nhân Tu Tiên)	    ttk_boss_ziyun_house	
[00:00:04]: Mod: PhamNhanTuTien (Phàm Nhân Tu Tiên)	  Registering prefab file: prefabs/ttk_boss_ziyunjfsn	
[00:00:04]: Mod: PhamNhanTuTien (Phàm Nhân Tu Tiên)	    ttk_boss_ziyunjfsn	
[00:00:04]: Mod: PhamNhanTuTien (Phàm Nhân Tu Tiên)	    ttk_boss_ziyunjfsn_meteor	
[00:00:04]: Mod: PhamNhanTuTien (Phàm Nhân Tu Tiên)	    ttk_boss_ziyunjfsn_fire	
[00:00:04]: Mod: PhamNhanTuTien (Phàm Nhân Tu Tiên)	  Registering prefab file: prefabs/ttk_boss_ziyunminions	
[00:00:04]: Mod: PhamNhanTuTien (Phàm Nhân Tu Tiên)	    ttk_boss_minion1	
[00:00:04]: Mod: PhamNhanTuTien (Phàm Nhân Tu Tiên)	    ttk_boss_minion2	
[00:00:04]: Mod: PhamNhanTuTien (Phàm Nhân Tu Tiên)	    ttk_boss_ziyunminion	
[00:00:04]: Mod: PhamNhanTuTien (Phàm Nhân Tu Tiên)	  Registering prefab file: prefabs/ttk_boss_ziyunswordfx	
[00:00:04]: Mod: PhamNhanTuTien (Phàm Nhân Tu Tiên)	    ttk_boss_ziyunsword_meteorfx	
[00:00:04]: Mod: PhamNhanTuTien (Phàm Nhân Tu Tiên)	    ttk_boss_ziyunsword_groundfx	
[00:00:04]: Mod: PhamNhanTuTien (Phàm Nhân Tu Tiên)	    ttk_boss_ziyunsword_quanfx	
[00:00:04]: Mod: PhamNhanTuTien (Phàm Nhân Tu Tiên)	  Registering prefab file: prefabs/ttk_boss_ziyunwarg	
[00:00:04]: Mod: PhamNhanTuTien (Phàm Nhân Tu Tiên)	    ttk_boss_ziyunwarg_breath_fx	
[00:00:04]: Mod: PhamNhanTuTien (Phàm Nhân Tu Tiên)	    ttk_boss_ziyunwarg	
[00:00:04]: Mod: PhamNhanTuTien (Phàm Nhân Tu Tiên)	  Registering prefab file: prefabs/ttk_boss_collectibles	
[00:00:04]: Mod: PhamNhanTuTien (Phàm Nhân Tu Tiên)	    ttk_boss_baihu_skin	
[00:00:04]: Mod: PhamNhanTuTien (Phàm Nhân Tu Tiên)	    ttk_boss_fs	
[00:00:04]: Mod: PhamNhanTuTien (Phàm Nhân Tu Tiên)	    ttk_boss_qlr	
[00:00:04]: Mod: PhamNhanTuTien (Phàm Nhân Tu Tiên)	    ttk_boss_zcmy	
[00:00:04]: Mod: PhamNhanTuTien (Phàm Nhân Tu Tiên)	    ttk_boss_mgqg	
[00:00:04]: Mod: PhamNhanTuTien (Phàm Nhân Tu Tiên)	    ttk_boss_dy_cyfxd_5	
[00:00:04]: Mod: PhamNhanTuTien (Phàm Nhân Tu Tiên)	    ttk_boss_dy_lmsqd_5	
[00:00:04]: Mod: PhamNhanTuTien (Phàm Nhân Tu Tiên)	    ttk_boss_dy_dmhsd_5	
[00:00:04]: Mod: PhamNhanTuTien (Phàm Nhân Tu Tiên)	    ttk_boss_dy_qxdhd_5	
[00:00:04]: Mod: PhamNhanTuTien (Phàm Nhân Tu Tiên)	    ttk_boss_dy_yfsxd_5	
[00:00:04]: Mod: PhamNhanTuTien (Phàm Nhân Tu Tiên)	    ttk_boss_dy_pshsd_5	
[00:00:04]: Mod: PhamNhanTuTien (Phàm Nhân Tu Tiên)	    ttk_boss_dy_qjqsd_5	
[00:00:04]: Mod: PhamNhanTuTien (Phàm Nhân Tu Tiên)	    ttk_boss_dy_xynyd_5	
[00:00:04]: Mod: PhamNhanTuTien (Phàm Nhân Tu Tiên)	    ttk_boss_dy_hsphd_5	
[00:00:04]: Mod: PhamNhanTuTien (Phàm Nhân Tu Tiên)	    ttk_boss_dy_xttyd_5	
[00:00:04]: Mod: PhamNhanTuTien (Phàm Nhân Tu Tiên)	  Registering prefab file: prefabs/ttk_boss_back_xh	
[00:00:04]: Mod: PhamNhanTuTien (Phàm Nhân Tu Tiên)	    ttk_boss_back_xh	
[00:00:04]: Mod: PhamNhanTuTien (Phàm Nhân Tu Tiên)	  Registering prefab file: prefabs/ttk_boss_zcyseed	
[00:00:04]: Mod: PhamNhanTuTien (Phàm Nhân Tu Tiên)	    ttk_boss_zcyseed	
[00:00:04]: Mod: PhamNhanTuTien (Phàm Nhân Tu Tiên)	    ttk_boss_zcyseed_placer	
[00:00:04]: Mod: PhamNhanTuTien (Phàm Nhân Tu Tiên)	  Registering prefab file: prefabs/ttk_zuichunyan	
[00:00:05]: Mod: PhamNhanTuTien (Phàm Nhân Tu Tiên)	    ttk_zuichunyan_green	
[00:00:05]: Mod: PhamNhanTuTien (Phàm Nhân Tu Tiên)	    ttk_zuichunyan_green_short	
[00:00:05]: Mod: PhamNhanTuTien (Phàm Nhân Tu Tiên)	    ttk_zuichunyan_green_tall	
[00:00:05]: Mod: PhamNhanTuTien (Phàm Nhân Tu Tiên)	    ttk_zuichunyan_purple	
[00:00:05]: Mod: PhamNhanTuTien (Phàm Nhân Tu Tiên)	    ttk_zuichunyan_purple_short	
[00:00:05]: Mod: PhamNhanTuTien (Phàm Nhân Tu Tiên)	    ttk_zuichunyan_purple_tall	
[00:00:05]: Mod: PhamNhanTuTien (Phàm Nhân Tu Tiên)	    ttk_zuichunyan_green_burnt	
[00:00:05]: Mod: PhamNhanTuTien (Phàm Nhân Tu Tiên)	    ttk_zuichunyan_green_stump	
[00:00:05]: Mod: PhamNhanTuTien (Phàm Nhân Tu Tiên)	    ttk_zuichunyan_purple_burnt	
[00:00:05]: Mod: PhamNhanTuTien (Phàm Nhân Tu Tiên)	    ttk_zuichunyan_purple_stump	
[00:00:05]: Mod: PhamNhanTuTien (Phàm Nhân Tu Tiên)	  Registering prefab file: prefabs/ttk_zuichunyan_saplings	
[00:00:05]: Mod: PhamNhanTuTien (Phàm Nhân Tu Tiên)	    ttk_zuichunyan_green_sapling	
[00:00:05]: Mod: PhamNhanTuTien (Phàm Nhân Tu Tiên)	    ttk_zuichunyan_purple_sapling	
[00:00:05]: Mod: PhamNhanTuTien (Phàm Nhân Tu Tiên)	  Registering prefab file: prefabs/ttk_boss_cores	
[00:00:05]: Mod: PhamNhanTuTien (Phàm Nhân Tu Tiên)	    ttk_boss_core_baihu	
[00:00:05]: Mod: PhamNhanTuTien (Phàm Nhân Tu Tiên)	    ttk_boss_core_jfsn	
[00:00:05]: Mod: PhamNhanTuTien (Phàm Nhân Tu Tiên)	    ttk_boss_core_qlch	
[00:00:05]: Mod: PhamNhanTuTien (Phàm Nhân Tu Tiên)	    ttk_boss_core_spiderqueen	
[00:00:05]: Mod: PhamNhanTuTien (Phàm Nhân Tu Tiên)	    ttk_boss_core_stalke_fuben	
[00:00:05]: Mod: PhamNhanTuTien (Phàm Nhân Tu Tiên)	    ttk_boss_core_deerclops_ziyun	
[00:00:05]: Mod: PhamNhanTuTien (Phàm Nhân Tu Tiên)	  Registering prefab file: prefabs/ttk_boss_summons	
[00:00:05]: Mod: PhamNhanTuTien (Phàm Nhân Tu Tiên)	    ttk_summon_baihu	
[00:00:05]: Mod: PhamNhanTuTien (Phàm Nhân Tu Tiên)	    ttk_summon_jfsn	
[00:00:05]: Mod: PhamNhanTuTien (Phàm Nhân Tu Tiên)	    ttk_summon_qlch	
[00:00:05]: Mod: PhamNhanTuTien (Phàm Nhân Tu Tiên)	    ttk_summon_spiderqueen	
[00:00:05]: Mod: PhamNhanTuTien (Phàm Nhân Tu Tiên)	    ttk_summon_stalke_fuben	
[00:00:05]: Mod: PhamNhanTuTien (Phàm Nhân Tu Tiên)	    ttk_summon_deerclops_ziyun	
[00:00:05]: Mod: PhamNhanTuTien (Phàm Nhân Tu Tiên)	  Registering prefab file: prefabs/eva	
[00:00:05]: Mod: PhamNhanTuTien (Phàm Nhân Tu Tiên)	    eva	
[00:00:05]: Mod: PhamNhanTuTien (Phàm Nhân Tu Tiên)	  Registering prefab file: prefabs/eva_none	
[00:00:05]: Mod: PhamNhanTuTien (Phàm Nhân Tu Tiên)	    eva_none	
[00:00:05]: Mod: PhamNhanTuTien (Phàm Nhân Tu Tiên)	  Registering prefab file: prefabs/eva_scythe	
[00:00:05]: Mod: PhamNhanTuTien (Phàm Nhân Tu Tiên)	    eva_scythe	
[00:00:05]: Mod: PhamNhanTuTien (Phàm Nhân Tu Tiên)	  Registering prefab file: prefabs/eva_life_fx	
[00:00:05]: Mod: PhamNhanTuTien (Phàm Nhân Tu Tiên)	    eva_life_projectile	
[00:00:05]: Mod: PhamNhanTuTien (Phàm Nhân Tu Tiên)	    eva_life_aura_fx	
[00:00:05]: Mod: PhamNhanTuTien (Phàm Nhân Tu Tiên)	    eva_life_shield_fx	
[00:00:05]: Mod: PhamNhanTuTien (Phàm Nhân Tu Tiên)	    eva_life_hit_fx	
[00:00:05]: Mod: PhamNhanTuTien (Phàm Nhân Tu Tiên)	    eva_life_heal_fx	
[00:00:05]: Mod: PhamNhanTuTien (Phàm Nhân Tu Tiên)	  Registering prefab file: prefabs/eva_wings_fx	
[00:00:05]: Mod: PhamNhanTuTien (Phàm Nhân Tu Tiên)	    eva_wings_fx	
[00:00:05]: Mod: PhamNhanTuTien (Phàm Nhân Tu Tiên)	  Registering prefab file: prefabs/eva_scythe_array_fx	
[00:00:05]: Mod: PhamNhanTuTien (Phàm Nhân Tu Tiên)	    eva_scythe_array_controller	
[00:00:05]: Mod: PhamNhanTuTien (Phàm Nhân Tu Tiên)	    eva_scythe_array_small_scythe_fx	
[00:00:05]: Mod: PhamNhanTuTien (Phàm Nhân Tu Tiên)	    eva_scythe_array_center_scythe_fx	
[00:00:05]: Mod: PhamNhanTuTien (Phàm Nhân Tu Tiên)	    eva_scythe_array_edge_fx	
[00:00:05]: Mod: PhamNhanTuTien (Phàm Nhân Tu Tiên)	    eva_scythe_array_beam_fx	
[00:00:05]: Mod: PhamNhanTuTien (Phàm Nhân Tu Tiên)	  Registering prefab file: prefabs/eva_combat_fx	
[00:00:05]: Mod: PhamNhanTuTien (Phàm Nhân Tu Tiên)	    eva_melee_wave_fx	
[00:00:05]: Mod: PhamNhanTuTien (Phàm Nhân Tu Tiên)	    eva_daydu_projectile	
[00:00:05]: Mod: PhamNhanTuTien (Phàm Nhân Tu Tiên)	    eva_daydu_hit_fx	
[00:00:05]: Mod: PhamNhanTuTien (Phàm Nhân Tu Tiên)	    eva_daydu_debuff	
[00:00:05]: Mod: PhamNhanTuTien (Phàm Nhân Tu Tiên)	  Registering prefab file: prefabs/eva_harvest_fx	
[00:00:05]: Mod: PhamNhanTuTien (Phàm Nhân Tu Tiên)	    eva_harvest_controller	
[00:00:05]: Mod: PhamNhanTuTien (Phàm Nhân Tu Tiên)	    eva_harvest_vortex_fx	
[00:00:05]: Mod: PhamNhanTuTien (Phàm Nhân Tu Tiên)	  Registering prefab file: prefabs/eva_fox_fx	
[00:00:05]: Mod: PhamNhanTuTien (Phàm Nhân Tu Tiên)	    eva_fox_depart_fx	
[00:00:05]: Mod: PhamNhanTuTien (Phàm Nhân Tu Tiên)	    eva_fox_arrive_fx	
[00:00:05]: Mod: PhamNhanTuTien (Phàm Nhân Tu Tiên)	    eva_fox_fire_fx	
[00:00:05]: Mod: PhamNhanTuTien (Phàm Nhân Tu Tiên)	  Registering prefab file: prefabs/eva_skillbook	
[00:00:05]: Mod: PhamNhanTuTien (Phàm Nhân Tu Tiên)	    eva_skillbook	
[00:00:05]: Mod: PhamNhanTuTien (Phàm Nhân Tu Tiên)	  Registering default mod prefab	
[00:00:07]: Warning - Inconsistent use of ALT_RENDERPATH on ANIM asset '../mods/PhamNhanTuTien/anim/xd_sword_mo.zip'
[00:00:07]: Reloading for ALT_RENDERPATH
[00:00:07]: Warning - Inconsistent use of ALT_RENDERPATH on ANIM asset '../mods/PhamNhanTuTien/anim/xd_sword_mo_bz.zip'
[00:00:07]: Reloading for ALT_RENDERPATH
[00:00:08]: Warning - Inconsistent use of ALT_RENDERPATH on ANIM asset '../mods/PhamNhanTuTien/anim/xd_sword_red.zip'
[00:00:08]: Reloading for ALT_RENDERPATH
[00:00:08]: Tried to add build [xd_ftj] from file [../mods/PhamNhanTuTien/anim/ttk_lucnguyen_hoa.zip] but we've already added a build with that name!
[00:00:08]: Tried to add build [xd_sword_red] from file [../mods/PhamNhanTuTien/anim/ttk_lucnguyen_tho.zip] but we've already added a build with that name!
[00:00:08]: Tried to add build [xd_sword_mo] from file [../mods/PhamNhanTuTien/anim/ttk_lucnguyen_loi.zip] but we've already added a build with that name!
[00:00:08]: Warning - Inconsistent use of ALT_RENDERPATH on ANIM asset '../mods/PhamNhanTuTien/anim/xd_sword_mo_quanfx.zip'
[00:00:08]: Reloading for ALT_RENDERPATH
[00:00:09]: Tried to add build [xd_npxsz] from file [../mods/PhamNhanTuTien/anim/ttk_npxsz.zip] but we've already added a build with that name!
[00:00:09]: Tried to add build [xd_spider_puff] from file [../mods/PhamNhanTuTien/anim/ttk_spider_puff.zip] but we've already added a build with that name!
[00:00:09]: Tried to add build [cloak_fx] from file [../mods/PhamNhanTuTien/anim/vanhonphien_cloakfx.zip] but we've already added a build with that name!
[00:00:09]: Tried to add build [xd_vortex_fx] from file [../mods/PhamNhanTuTien/anim/vanhonphien_vortexfx.zip] but we've already added a build with that name!
[00:00:09]: Warning - Inconsistent use of ALT_RENDERPATH on ANIM asset '../mods/PhamNhanTuTien/anim/xd_sword_fj.zip'
[00:00:09]: Reloading for ALT_RENDERPATH
[00:00:09]: Warning - Inconsistent use of ALT_RENDERPATH on ANIM asset '../mods/PhamNhanTuTien/anim/xd_sword_blue.zip'
[00:00:09]: Reloading for ALT_RENDERPATH
[00:00:09]: Warning - Inconsistent use of ALT_RENDERPATH on ANIM asset '../mods/PhamNhanTuTien/anim/xd_sword_mo_quanfx.zip'
[00:00:09]: Reloading for ALT_RENDERPATH
[00:00:09]: Warning - Inconsistent use of ALT_RENDERPATH on ANIM asset '../mods/PhamNhanTuTien/anim/xd_sword_mo_meteorfx.zip'
[00:00:09]: Reloading for ALT_RENDERPATH
[00:00:09]: Warning - Inconsistent use of ALT_RENDERPATH on ANIM asset '../mods/PhamNhanTuTien/anim/xd_sword_mo_skillfx.zip'
[00:00:09]: Reloading for ALT_RENDERPATH
[00:00:09]: Warning - Inconsistent use of ALT_RENDERPATH on ANIM asset '../mods/PhamNhanTuTien/anim/xd_sword_mo_meteorfx.zip'
[00:00:09]: Reloading for ALT_RENDERPATH
[00:00:09]: Warning - Inconsistent use of ALT_RENDERPATH on ANIM asset '../mods/PhamNhanTuTien/anim/xd_sword_mo_meteorfx.zip'
[00:00:09]: Reloading for ALT_RENDERPATH
[00:00:09]: Warning - Inconsistent use of ALT_RENDERPATH on ANIM asset '../mods/PhamNhanTuTien/anim/xd_sword_bigskill.zip'
[00:00:09]: Reloading for ALT_RENDERPATH
[00:00:09]: Warning - Inconsistent use of ALT_RENDERPATH on ANIM asset '../mods/PhamNhanTuTien/anim/xd_sword_bigskill_bluefx.zip'
[00:00:09]: Reloading for ALT_RENDERPATH
[00:00:09]: Warning - Inconsistent use of ALT_RENDERPATH on ANIM asset '../mods/PhamNhanTuTien/anim/xd_sword_bigskill_redfx.zip'
[00:00:09]: Reloading for ALT_RENDERPATH
[00:00:09]: Warning - Inconsistent use of ALT_RENDERPATH on ANIM asset '../mods/PhamNhanTuTien/anim/xd_sword_green.zip'
[00:00:09]: Reloading for ALT_RENDERPATH
[00:00:09]: Warning - Inconsistent use of ALT_RENDERPATH on ANIM asset '../mods/PhamNhanTuTien/anim/xd_sword_green_skillfx.zip'
[00:00:09]: Reloading for ALT_RENDERPATH
[00:00:09]: Warning - Inconsistent use of ALT_RENDERPATH on ANIM asset '../mods/PhamNhanTuTien/anim/xd_sword_blue.zip'
[00:00:09]: Reloading for ALT_RENDERPATH
[00:00:09]: Warning - Inconsistent use of ALT_RENDERPATH on ANIM asset '../mods/PhamNhanTuTien/anim/xd_sword_white_skillfx.zip'
[00:00:09]: Reloading for ALT_RENDERPATH
[00:00:09]: Warning - Inconsistent use of ALT_RENDERPATH on ANIM asset '../mods/PhamNhanTuTien/anim/xd_sword_red_skillfx.zip'
[00:00:09]: Reloading for ALT_RENDERPATH
[00:00:09]: Warning - Inconsistent use of ALT_RENDERPATH on ANIM asset '../mods/PhamNhanTuTien/anim/xd_sword_mo.zip'
[00:00:09]: Reloading for ALT_RENDERPATH
[00:00:10]: Warning - Inconsistent use of ALT_RENDERPATH on ANIM asset '../mods/PhamNhanTuTien/anim/xd_sword_mo_bz.zip'
[00:00:10]: Reloading for ALT_RENDERPATH
[00:00:10]: Warning - Inconsistent use of ALT_RENDERPATH on ANIM asset '../mods/PhamNhanTuTien/anim/xd_sword_mo_skill.zip'
[00:00:10]: Reloading for ALT_RENDERPATH
[00:00:10]: Warning - Inconsistent use of ALT_RENDERPATH on ANIM asset '../mods/PhamNhanTuTien/anim/xd_htz_rotationsword.zip'
[00:00:10]: Reloading for ALT_RENDERPATH
[00:00:10]: Warning - Inconsistent use of ALT_RENDERPATH on ANIM asset '../mods/PhamNhanTuTien/anim/xd_sword_green.zip'
[00:00:10]: Reloading for ALT_RENDERPATH
[00:00:10]: Tried to add build [elec_charged_fx] from file [anim/elec_charged_fx.zip] but we've already added a build with that name!
[00:00:10]: Warning - Inconsistent use of ALT_RENDERPATH on ANIM asset '../mods/PhamNhanTuTien/anim/xd_sword_red.zip'
[00:00:10]: Reloading for ALT_RENDERPATH
[00:00:10]: Tried to add build [xd_spider_leg] from file [../mods/PhamNhanTuTien/anim/ttk_spider_leg.zip] but we've already added a build with that name!
[00:00:10]: Warning - Inconsistent use of ALT_RENDERPATH on ANIM asset '../mods/PhamNhanTuTien/anim/xd_qlch_charge.zip'
[00:00:10]: Reloading for ALT_RENDERPATH
[00:00:10]: Warning - Inconsistent use of ALT_RENDERPATH on ANIM asset '../mods/PhamNhanTuTien/anim/xd_qlch_charge.zip'
[00:00:10]: Reloading for ALT_RENDERPATH
[00:00:10]: Tried to add build [xd_futu] from file [../mods/PhamNhanTuTien/anim/ttk_futu.zip] but we've already added a build with that name!
[00:00:10]: Tried to add build [xd_xlj] from file [../mods/PhamNhanTuTien/anim/ttk_tinhlakiem.zip] but we've already added a build with that name!
[00:00:10]: Tried to add build [bearger_build] from file [anim/bearger_build.zip] but we've already added a build with that name!
[00:00:10]: Tried to add build [bearger_mutated_actions_fx] from file [anim/bearger_mutated_actions_fx.zip] but we've already added a build with that name!
[00:00:10]: Tried to add build [bearger_mutated] from file [anim/bearger_mutated.zip] but we've already added a build with that name!
[00:00:10]: Tried to add build [deerclops_build] from file [anim/deerclops_build.zip] but we've already added a build with that name!
[00:00:11]: Tried to add build [deerclops_mutated] from file [anim/deerclops_mutated.zip] but we've already added a build with that name!
[00:00:11]: Tried to add build [krampus_build] from file [anim/krampus_build.zip] but we've already added a build with that name!
[00:00:12]: Tried to add build [walrus_build] from file [anim/walrus_build.zip] but we've already added a build with that name!
[00:00:13]: Tried to add build [xd_qlch] from file [../mods/PhamNhanTuTien/anim/ttk_skin_spirit.zip] but we've already added a build with that name!
[00:00:13]: Warning - Inconsistent use of ALT_RENDERPATH on ANIM asset '../mods/PhamNhanTuTien/anim/xd_sword_green.zip'
[00:00:13]: Reloading for ALT_RENDERPATH
[00:00:13]: Warning - Inconsistent use of ALT_RENDERPATH on ANIM asset '../mods/PhamNhanTuTien/anim/xd_sword_bigskill_blueexplodefx.zip'
[00:00:13]: Reloading for ALT_RENDERPATH
[00:00:13]: Tried to add build [xd_spider_pro] from file [../mods/PhamNhanTuTien/anim/ttk_spider_pro.zip] but we've already added a build with that name!
[00:00:13]: Tried to add build [xd_slow_buff_ent] from file [../mods/PhamNhanTuTien/anim/ttk_slow_buff_ent.zip] but we've already added a build with that name!
[00:00:14]: Tried to add build [xd_spider] from file [../mods/PhamNhanTuTien/anim/ttk_spider.zip] but we've already added a build with that name!
[00:00:14]: Tried to add build [fruitfly_evil] from file [../mods/PhamNhanTuTien/anim/fruitfly_evil.zip] but we've already added a build with that name!
[00:00:14]: Tried to add build [lavaarena_boarrior_basic] from file [../mods/PhamNhanTuTien/anim/igris_dungeon.zip] but we've already added a build with that name!
[00:00:14]: Warning - Inconsistent use of ALT_RENDERPATH on ANIM asset '../mods/PhamNhanTuTien/anim/xd_sword_green.zip'
[00:00:14]: Reloading for ALT_RENDERPATH
[00:00:14]: Warning - Inconsistent use of ALT_RENDERPATH on ANIM asset '../mods/PhamNhanTuTien/anim/xd_sword_bigskill_redexplodefx.zip'
[00:00:14]: Reloading for ALT_RENDERPATH
[00:00:15]: Tried to add build [xd_spiderden] from file [../mods/PhamNhanTuTien/anim/ttk_spiderden.zip] but we've already added a build with that name!
[00:00:15]: Warning - Inconsistent use of ALT_RENDERPATH on ANIM asset '../mods/PhamNhanTuTien/anim/xd_sword_green.zip'
[00:00:15]: Reloading for ALT_RENDERPATH
[00:00:15]: Warning - Inconsistent use of ALT_RENDERPATH on ANIM asset '../mods/PhamNhanTuTien/anim/xd_sword_mo_meteorfx.zip'
[00:00:15]: Reloading for ALT_RENDERPATH
[00:00:15]: 	Load FE	
[00:00:16]: 	Load FE: done	
[00:00:16]: THREAD - started 'FilesExistAsyncThread' (22352)
[00:00:16]: FilesExistAsyncThread started (0 files)...
[00:00:16]: ... FilesExistAsyncThread complete
[00:00:16]: Starting Dedicated Server Game	
[00:00:16]: Network tick rate: U=15(2), D=0
[00:00:16]: **************************************************************
[00:00:16]: [Warning] Invalid port selection: 12205
[00:00:16]: LAN only servers must use a port in the range of [10998, 11018]
[00:00:16]: Setting server port to : 10999
[00:00:16]: **************************************************************
[00:00:16]: About to start a server with the following settings:
[00:00:16]:   Dedicated: true
[00:00:16]:   Online: false
[00:00:16]:   Passworded: false
[00:00:16]:   ServerPort: 10999
[00:00:16]:   SteamAuthPort: 8766
[00:00:16]:   SteamMasterServerPort: 27016
[00:00:16]:   ClanID: false
[00:00:16]:   ClanOnly: false
[00:00:16]:   ClanAdmin: false
[00:00:16]:   LanOnly: true
[00:00:16]:   FriendsOnly: false
[00:00:16]:   EnableAutosaver: true
[00:00:16]:   EncodeUserPath: false
[00:00:16]:   PVP: false
[00:00:16]:   MaxPlayers: 1
[00:00:16]:   GameMode: survival
[00:00:16]:   OverridenDNS: 
[00:00:16]:   PauseWhenEmpty: false
[00:00:16]:   IdleTimeout: 1800s
[00:00:16]:   VoteEnabled: true
[00:00:16]:   InternetBroadcasting: true
[00:00:16]: [Warning] Could not confirm port 10999 is open in the firewall. 
[00:00:16]: [Shard] Shard server mode disabled by configuration file
[00:00:16]: Could not load mod_config_data/modconfiguration_PhamNhanTuTien	
[00:00:16]: Lan Server Started on port: 10999
[00:00:16]: [ClientObject] Added (pre-auth) on server: guid=2088907156700874039
[00:00:16]: [ClientObject] Initialized (self/server object, locally trusted) on server: guid=2088907156700874039 userid= netid= admin=1
[00:00:16]: SUCCESS: Loaded modoverrides.lua	
[00:00:16]: Not applying level data overrides.	
[00:00:16]: Found a worldgen override file with these contents:	
[00:00:16]: 	K: 	override_enabled	 V: 	true	
[00:00:16]: 	K: 	overrides	 V: 	table: 00000000177C9220	
[00:00:16]: 		K: 	world_size	 V: 	small	
[00:00:16]: 	K: 	preset	 V: 	SURVIVAL_TOGETHER	
[00:00:16]:   sanity-checking worldgenoverride.lua...	
[00:00:16]: Loaded and applied world gen overrides from ../worldgenoverride.lua	
[00:00:16]:   contained worldgen preset SURVIVAL_TOGETHER, loading...	
[00:00:16]:   contained settings preset SURVIVAL_TOGETHER, loading...	
[00:00:16]: Overwriting savedata with override file.	
[00:00:16]: Check for write access: TRUE
[00:00:16]: Check for read access: TRUE
[00:00:16]: Available disk space for save files: 332826 MB
[00:00:16]: ModIndex: Load sequence finished successfully.	
[00:00:16]: Reset() returning
[00:00:16]: Collecting garbage...
[00:00:16]: lua_gc took 0.20 seconds
[00:00:16]: ~ShardLuaProxy()
[00:00:16]: ~cEventLeaderboardProxy()
[00:00:16]: ~ItemServerLuaProxy()
[00:00:16]: ~InventoryLuaProxy()
[00:00:16]: ~NetworkLuaProxy()
[00:00:16]: ~SimLuaProxy()
[00:00:16]: Cancelling LuaQueryCallback handle [1]
[00:00:16]: lua_close took 0.17 seconds
[00:00:16]: ReleaseAll
[00:00:16]: ReleaseAll Finished
[00:00:16]: cGame::StartPlaying
[00:00:16]: AppVersion::GetArchitecture() x64
[00:00:16]: LOADING LUA
[00:00:16]: DoLuaFile scripts/main.lua
[00:00:16]: DoLuaFile loading buffer scripts/main.lua
[00:00:17]:   taskgrouplist:	default	Together	
[00:00:17]:   taskgrouplist:	classic	Classic	
[00:00:17]:   taskgrouplist:	cave_default	Underground	
[00:00:17]:   taskgrouplist:	lavaarena_taskset	The Forge	
[00:00:17]:   taskgrouplist:	quagmire_taskset	The Gorge	
[00:00:17]: Running main.lua
	
[00:00:17]: WARNING: Force-enabling mod 'PhamNhanTuTien' from modsettings.lua! If you are not developing a mod, please use the in-game menu instead.	
[00:00:17]: loaded modindex	
[00:00:17]: ModIndex: Beginning normal load sequence for dedicated server.
	
[00:00:17]: SUCCESS: Loaded modoverrides.lua	
[00:00:17]: modoverrides.lua enabling PhamNhanTuTien	
[00:00:17]: ModIndex:GetModsToLoad inserting moddir, 	PhamNhanTuTien	
[00:00:17]: Could not load mod_config_data/modconfiguration_PhamNhanTuTien	
[00:00:17]: Loading mod: PhamNhanTuTien (Phàm Nhân Tu Tiên) Version:2.0.2	
[00:00:17]: Registering Mods:
[00:00:17]:    Registering Mod PhamNhanTuTien
[00:00:17]: Mods registered.
[00:00:17]: Mod: PhamNhanTuTien (Phàm Nhân Tu Tiên)	Loading modworldgenmain.lua	
[00:00:17]: ModIndex:GetModsToLoad inserting modname, 	PhamNhanTuTien	
[00:00:17]: modimport: ../mods/PhamNhanTuTien/main/ttk_solo_worldgen.lua	
[00:00:17]: Mod: PhamNhanTuTien (Phàm Nhân Tu Tiên)	Loading modmain.lua	
[00:00:17]: ModIndex:GetModsToLoad inserting modname, 	PhamNhanTuTien	
[00:00:17]: modimport: ../mods/PhamNhanTuTien/main/ttk_weapon_solo.lua	
[00:00:17]: modimport: ../mods/PhamNhanTuTien/main/ttk_stacksize.lua	
[00:00:17]: modimport: ../mods/PhamNhanTuTien/main/ttk_qualityoflife.lua	
[00:00:17]: modimport: ../mods/PhamNhanTuTien/main/ttk_smarter_flingomatic.lua	
[00:00:17]: modimport: ../mods/PhamNhanTuTien/main/ttk_inventory45.lua	
[00:00:17]: modimport: ../mods/PhamNhanTuTien/main/ttk_inventory45_compat.lua	
[00:00:17]: modimport: ../mods/PhamNhanTuTien/main/lucmachthankiem.lua	
[00:00:17]: modimport: ../mods/PhamNhanTuTien/main/lucmachthankiem_autoattack.lua	
[00:00:17]: modimport: ../mods/PhamNhanTuTien/main/lucmachthankiem_recharge.lua	
[00:00:17]: modimport: ../mods/PhamNhanTuTien/main/lucmachthankiem_enemyselect.lua	
[00:00:17]: modimport: ../mods/PhamNhanTuTien/main/vanhonphien.lua	
[00:00:17]: modimport: ../mods/PhamNhanTuTien/main/thanhiquangtruong.lua	
[00:00:17]: modimport: ../mods/PhamNhanTuTien/main/nhatvuphuonghoa.lua	
[00:00:17]: modimport: ../mods/PhamNhanTuTien/main/ttk_elemental_swords.lua	
[00:00:17]: modimport: ../mods/PhamNhanTuTien/main/ttk_tinhlakiem.lua	
[00:00:17]: modimport: ../mods/PhamNhanTuTien/main/ttk_lucnguyenkiemdong.lua	
[00:00:17]: modimport: ../mods/PhamNhanTuTien/main/ttk_ngulongdang.lua	
[00:00:17]: modimport: ../mods/PhamNhanTuTien/main/ttk_fsct.lua	
[00:00:17]: modimport: ../mods/PhamNhanTuTien/main/ttk_garden.lua	
[00:00:17]: modimport: ../mods/PhamNhanTuTien/main/ttk_luoshen_food.lua	
[00:00:17]: modimport: ../mods/PhamNhanTuTien/main/ttk_buildings.lua	
[00:00:17]: modimport: ../mods/PhamNhanTuTien/main/ttk_rituals.lua	
[00:00:17]: modimport: ../mods/PhamNhanTuTien/main/ttk_jitan.lua	
[00:00:17]: modimport: ../mods/PhamNhanTuTien/main/ttk_batch19_misc.lua	
[00:00:17]: modimport: ../mods/PhamNhanTuTien/main/ttk_batch19_herbs.lua	
[00:00:17]: modimport: ../mods/PhamNhanTuTien/main/ttk_portal.lua	
[00:00:17]: [Truyền Tống Trận]	Chưa bật mod Camp Security.	
[00:00:17]: modimport: ../mods/PhamNhanTuTien/main/ttk_vinhhangthanhoa.lua	
[00:00:17]: modimport: ../mods/PhamNhanTuTien/main/ttk_chuongthienbinh.lua	
[00:00:17]: modimport: ../mods/PhamNhanTuTien/main/ttk_armor_set.lua	
[00:00:17]: modimport: ../mods/PhamNhanTuTien/main/ttk_tianji.lua	
[00:00:17]: modimport: ../mods/PhamNhanTuTien/main/ttk_batch19_houses.lua	
[00:00:17]: modimport: ../mods/PhamNhanTuTien/main/ttk_choujiangji.lua	
[00:00:17]: modimport: ../mods/PhamNhanTuTien/main/ttk_garden_expansion.lua	
[00:00:17]: modimport: ../mods/PhamNhanTuTien/main/ttk_spirit_mines.lua	
[00:00:17]: modimport: ../mods/PhamNhanTuTien/main/ttk_solo_bootstrap.lua	
[00:00:17]: modimport: ../mods/PhamNhanTuTien/main/ttk_solo_source.lua	
[00:00:17]: modimport: ../mods/PhamNhanTuTien/main/hh_assets.lua	
[00:00:17]: modimport: ../mods/PhamNhanTuTien/main/hh_config.lua	
[00:00:17]: modimport: ../mods/PhamNhanTuTien/main/hh_tunning.lua	
[00:00:17]: modimport: ../mods/PhamNhanTuTien/main/hh_string.lua	
[00:00:17]: modimport: ../mods/PhamNhanTuTien/main/hh_api.lua	
[00:00:17]: modimport: ../mods/PhamNhanTuTien/main/hh_world_rank.lua	
[00:00:17]: modimport: ../mods/PhamNhanTuTien/main/hh_act.lua	
[00:00:17]: modimport: ../mods/PhamNhanTuTien/main/hh_ui.lua	
[00:00:17]: modimport: ../mods/PhamNhanTuTien/main/ttk_forge_fonts.lua	
[00:00:17]: modimport: ../mods/PhamNhanTuTien/main/hh_rpc.lua	
[00:00:17]: modimport: ../mods/PhamNhanTuTien/main/hh_guild_main.lua	
[00:00:17]: modimport: ../mods/PhamNhanTuTien/main/hh_guild_rpc.lua	
[00:00:17]: modimport: ../mods/PhamNhanTuTien/main/hh_sg.lua	
[00:00:17]: modimport: ../mods/PhamNhanTuTien/main/hh_recipe.lua	
[00:00:17]: Warning: function AddRecipeTab in modmain is deprecated.	
[00:00:17]: Warning: function AddRecipe in modmain is deprecated, please use AddRecipe2. Recipe name:	nn_liquidluck	
[00:00:17]: Warning: function AddRecipe in modmain is deprecated, please use AddRecipe2. Recipe name:	nn_magicpaper	
[00:00:17]: Warning: function AddRecipe in modmain is deprecated, please use AddRecipe2. Recipe name:	wb_strengthen_strengthen_protectpaper	
[00:00:17]: modimport: ../mods/PhamNhanTuTien/main/hh_dungeon_mobs_sg.lua	
[00:00:17]: modimport: ../mods/PhamNhanTuTien/main/hh_skill_cost.lua	
[00:00:17]: modimport: ../mods/PhamNhanTuTien/main/hh_daogam_main.lua	
[00:00:17]: modimport: ../mods/PhamNhanTuTien/main/hh_dungeon_shop.lua	
[00:00:17]: modimport: ../mods/PhamNhanTuTien/main/ttk_combat_hud.lua	
[00:00:17]: modimport: ../mods/PhamNhanTuTien/main/ttk_bosses.lua	
[00:00:17]: modimport: ../mods/PhamNhanTuTien/main/ttk_boss_combat.lua	
[00:00:17]: modimport: ../mods/PhamNhanTuTien/main/ttk_boss_backpack.lua	
[00:00:17]: modimport: ../mods/PhamNhanTuTien/main/ttk_boss_seed.lua	
[00:00:17]: modimport: ../mods/PhamNhanTuTien/main/ttk_boss_food.lua	
[00:00:17]: modimport: ../mods/PhamNhanTuTien/main/ttk_eva.lua	
[00:00:17]: ModIndex:GetModsToLoad inserting modname, 	PhamNhanTuTien	
[00:00:17]: modimport: ../mods/PhamNhanTuTien/main/ttk_eva_source.lua	
[00:00:17]: modimport: ../mods/PhamNhanTuTien/scripts/util/eva_settings.lua	
[00:00:17]: modimport: ../mods/PhamNhanTuTien/scripts/util/eva_recipes.lua	
[00:00:17]: Warning: function AddRecipeTab in modmain is deprecated.	
[00:00:17]: Warning: function AddRecipe in modmain is deprecated, please use AddRecipe2. Recipe name:	eva_scythe	
[00:00:17]: modimport: ../mods/PhamNhanTuTien/scripts/util/eva_widget.lua	
[00:00:17]: modimport: ../mods/PhamNhanTuTien/scripts/announcestrings.lua	
[00:00:18]: Event data unavailable: lavaarena_event_server/lavaarena_achievement_quest_defs
[00:00:18]: CURL ERROR: (lobby-v2-cdn.klei.com) [7]Failed to connect to lobby-v2-cdn.klei.com port 443: Bad access
[00:00:18]: LOADING LUA SUCCESS
[00:00:18]: Registering Server mod namespace "phamnhantutien"
[00:00:18]: Registering Server mod namespace "nyx_ttt"
[00:00:18]: Registering Server mod namespace "eliminate"
[00:00:18]: Registering Server mod namespace "eva_skill_panel_v1"
[00:00:18]: Registering Server mod namespace "eva_life_v1"
[00:00:18]: Registering Server mod namespace "hh_lo_ren"
[00:00:18]: Registering Server mod namespace "eva_wings_v1"
[00:00:18]: Registering Server mod namespace "hh_rpc"
[00:00:18]: Registering Server mod namespace "eva_scythe_array_v1"
[00:00:18]: Registering Server mod namespace "lucmachthankiem"
[00:00:18]: Registering Client mod namespace "hh_rpc"
[00:00:18]: Registering Client mod namespace "ttk_hudcore"
[00:00:18]: Registering Client mod namespace "ttk_hud"
[00:00:18]: Registering Shard mod namespace "hh_world_rank"
[00:00:18]: PlayerDeaths could not load morgue	
[00:00:18]: PlayerHistory could not load player_history	
[00:00:18]: ServerPreferences could not load server_preferences	
[00:00:18]: ConsoleScreenSettings could not load consolescreen	
[00:00:18]: bloom_enabled	true	
[00:00:18]: OnFilesLoaded()	
[00:00:18]: OnUpdatePurchaseStateComplete	
[00:00:18]: SUCCESS: Loaded modoverrides.lua	
[00:00:18]: Not applying level data overrides.	
[00:00:18]: Found a worldgen override file with these contents:	
[00:00:18]: 	K: 	override_enabled	 V: 	true	
[00:00:18]: 	K: 	overrides	 V: 	table: 000000000A564290	
[00:00:18]: 		K: 	world_size	 V: 	small	
[00:00:18]: 	K: 	preset	 V: 	SURVIVAL_TOGETHER	
[00:00:18]:   sanity-checking worldgenoverride.lua...	
[00:00:18]: Loaded and applied world gen overrides from ../worldgenoverride.lua	
[00:00:18]:   contained worldgen preset SURVIVAL_TOGETHER, loading...	
[00:00:18]:   contained settings preset SURVIVAL_TOGETHER, loading...	
[00:00:18]: Overwriting savedata with override file.	
[00:00:18]: WorldSim::SimThread::SimThread()
[00:00:18]: ABOUT TO INSTALL STACKTRACE
[00:00:18]: DoLuaFile scripts/stacktrace.lua
[00:00:18]: DoLuaFile loading buffer scripts/stacktrace.lua
[00:00:18]: INSTALLED STACKTRACE
[00:00:18]: Engine Seed: (1789921097 + 1885980611) & 0x7FFFFFFF = 1528418060
[00:00:18]: WorldSim::SimThread::SimThread() complete
[00:00:18]: THREAD - started 'WorldSim' (22124)
[00:00:18]: WorldSim::SimThread::Main()
[00:00:18]: DoLuaFile scripts/worldgen_main.lua
[00:00:18]: DoLuaFile loading buffer scripts/worldgen_main.lua
[00:00:18]: Check for write access: TRUE
[00:00:18]: Check for read access: TRUE
[00:00:18]: Available disk space for save files: 332826 MB
[00:00:18]: ModIndex: Load sequence finished successfully.	
[00:00:18]: Reset() returning
[00:00:18]: ERROR reading region capabilities. 
[00:00:18]: DLC enabled : 	false	
[00:00:19]:   taskgrouplist:	default	Together	
[00:00:19]:   taskgrouplist:	classic	Classic	
[00:00:19]:   taskgrouplist:	cave_default	Underground	
[00:00:19]:   taskgrouplist:	lavaarena_taskset	The Forge	
[00:00:19]:   taskgrouplist:	quagmire_taskset	The Gorge	
[00:00:19]: ModIndex:GetModsToLoad inserting modname, 	PhamNhanTuTien	
[00:00:19]: Loading mod: PhamNhanTuTien (Phàm Nhân Tu Tiên) Version:2.0.2	
[00:00:19]: Mod: PhamNhanTuTien (Phàm Nhân Tu Tiên)	Loading modworldgenmain.lua	
[00:00:19]: ModIndex:GetModsToLoad inserting modname, 	PhamNhanTuTien	
[00:00:19]: modimport: ../mods/PhamNhanTuTien/main/ttk_solo_worldgen.lua	
[00:00:19]: running worldgen_main.lua
	
[00:00:19]: SEED = 	1528418060	
[00:00:19]: Generating world with these parameters:	
[00:00:19]: level_type	SURVIVAL	
[00:00:19]: level_data:	
[00:00:19]: 	K: 	desc	 V: 	The standard Don't Starve experience.	
[00:00:19]: 	K: 	hideminimap	 V: 	false	
[00:00:19]: 	K: 	id	 V: 	SURVIVAL_TOGETHER	
[00:00:19]: 	K: 	location	 V: 	forest	
[00:00:19]: 	K: 	max_playlist_position	 V: 	999	
[00:00:19]: 	K: 	min_playlist_position	 V: 	0	
[00:00:19]: 	K: 	name	 V: 	Survival	
[00:00:19]: 	K: 	numrandom_set_pieces	 V: 	4	
[00:00:19]: 	K: 	override_level_string	 V: 	false	
[00:00:19]: 	K: 	overrides	 V: 	table: 00000000168A9E40	
[00:00:19]: 		K: 	has_ocean	 V: 	true	
[00:00:19]: 		K: 	keep_disconnected_tiles	 V: 	true	
[00:00:19]: 		K: 	layout_mode	 V: 	LinkNodesByKeys	
[00:00:19]: 		K: 	no_joining_islands	 V: 	true	
[00:00:19]: 		K: 	no_wormholes_to_disconnected_tiles	 V: 	true	
[00:00:19]: 		K: 	roads	 V: 	default	
[00:00:19]: 		K: 	season_start	 V: 	default	
[00:00:19]: 		K: 	start_location	 V: 	default	
[00:00:19]: 		K: 	task_set	 V: 	default	
[00:00:19]: 		K: 	world_size	 V: 	small	
[00:00:19]: 		K: 	wormhole_prefab	 V: 	wormhole	
[00:00:19]: 	K: 	playstyle	 V: 	survival	
[00:00:19]: 	K: 	random_set_pieces	 V: 	table: 00000000168A8950	
[00:00:19]: 		K: 	1	 V: 	Sculptures_2	
[00:00:19]: 		K: 	2	 V: 	Sculptures_3	
[00:00:19]: 		K: 	3	 V: 	Sculptures_4	
[00:00:19]: 		K: 	4	 V: 	Sculptures_5	
[00:00:19]: 		K: 	5	 V: 	Chessy_1	
[00:00:19]: 		K: 	6	 V: 	Chessy_2	
[00:00:19]: 		K: 	7	 V: 	Chessy_3	
[00:00:19]: 		K: 	8	 V: 	Chessy_4	
[00:00:19]: 		K: 	9	 V: 	Chessy_5	
[00:00:19]: 		K: 	10	 V: 	Chessy_6	
[00:00:19]: 		K: 	11	 V: 	Maxwell1	
[00:00:19]: 		K: 	12	 V: 	Maxwell2	
[00:00:19]: 		K: 	13	 V: 	Maxwell3	
[00:00:19]: 		K: 	14	 V: 	Maxwell4	
[00:00:19]: 		K: 	15	 V: 	Maxwell6	
[00:00:19]: 		K: 	16	 V: 	Maxwell7	
[00:00:19]: 		K: 	17	 V: 	Warzone_1	
[00:00:19]: 		K: 	18	 V: 	Warzone_2	
[00:00:19]: 		K: 	19	 V: 	Warzone_3	
[00:00:19]: 	K: 	required_prefabs	 V: 	table: 00000000168A9210	
[00:00:19]: 		K: 	1	 V: 	multiplayer_portal	
[00:00:19]: 	K: 	required_setpieces	 V: 	table: 00000000168A9300	
[00:00:19]: 		K: 	1	 V: 	Sculptures_1	
[00:00:19]: 		K: 	2	 V: 	Maxwell5	
[00:00:19]: 	K: 	settings_desc	 V: 	The standard Don't Starve experience.	
[00:00:19]: 	K: 	settings_id	 V: 	SURVIVAL_TOGETHER	
[00:00:19]: 	K: 	settings_name	 V: 	Survival	
[00:00:19]: 	K: 	substitutes	 V: 	table: 00000000168A9490	
[00:00:19]: 	K: 	version	 V: 	4	
[00:00:19]: 	K: 	worldgen_desc	 V: 	The standard Don't Starve experience.	
[00:00:19]: 	K: 	worldgen_id	 V: 	SURVIVAL_TOGETHER	
[00:00:19]: 	K: 	worldgen_name	 V: 	Survival	
[00:00:19]: 
#######
#
# Generating SURVIVAL Mode Level
#
#######
	
[00:00:19]: Prefab Swap Selection: grass gekko	
[00:00:19]: Prefab Swap Selection: regular twigs	
[00:00:19]: Prefab Swap Selection: regular berries	
[00:00:19]: Sculptures_1 added to task Lightning Bluff	
[00:00:19]: Maxwell5 added to task Kill the spiders	
[00:00:19]: Sculptures_4 added to task Speak to the king	
[00:00:19]: Maxwell4 added to task Killer bees!	
[00:00:19]: Maxwell3 added to task Great Plains	
[00:00:19]: Chessy_6 added to task Great Plains	
[00:00:19]: New size:	50	small	
[00:00:19]: Creating story...	
[00:00:19]: [Story Gen] Generate nodes. Starting at: 'Make a pick'	
[00:00:19]: [Story Gen] LinkNodesByKeys	
[00:00:19]: Finding valid start task...	
[00:00:19]:    ...picked 	Make a pick	
[00:00:19]: Has start node	Clearing	
[00:00:19]: Adding Background Nodes	
[00:00:19]: [Story Gen] Adding Cove Nodes	
[00:00:19]: [Ocean] Processing ocean fake room content.	
[00:00:19]: [WorldSimActual::WorldGen_InitializeNodePoints]
[00:00:19]: [WorldSimActual::WorldGen_VoronoiPass]
[00:00:19]: GenerateVoronoiMap [100]:
.....10....20....30....40....50....60....70....80....90....100
[00:00:20]: ...Done.
[00:00:20]: [Make a pick:COVE_2:Blank] poly.size() == 0
[00:00:20]: [!]	 edge == NULL
[00:00:20]: [Story Gen] Finding nodes on mainland to connect a region to.	
[00:00:20]: [Story Gen] Generate nodes. Starting at: 'MoonIsland_IslandShards'	
[00:00:20]: [Story Gen] RestrictNodesByKey	
[00:00:20]: [Story Gen] Adding Cove Nodes	
[00:00:20]: [WorldSimActual::WorldGen_AddNewPositions]
[00:00:20]: [WorldSimActual::WorldGen_VoronoiPass]
[00:00:20]: GenerateVoronoiMap [50]:
.....10....20....30....40....50
[00:00:21]: ...Done.
[00:00:21]: [Make a pick:COVE_2:Blank] poly.size() == 0
[00:00:21]: [!]	 edge == NULL
[00:00:21]: ... story created	
[00:00:21]: Baking map...	50	
[00:00:21]: [WorldSimActual::WorldGen_Commit] worldgen success.
[00:00:21]: [WorldSimActual::ConvertToTileMap]
[00:00:21]: [ConvertToTileMap]
[00:00:21]: [WorldSimActual::ConvertToTileMap] complete
[00:00:21]: [WorldSimActual::SeparateIslands]
[00:00:21]: [SeparateIslands]
[00:00:21]: [WorldSimActual::SeparateIslands] complete
[00:00:21]: Map Baked!	
[00:00:21]: [WorldSimActual::ForceConnectivity]
[00:00:21]: [GenerateLandmasses]
[00:00:21]: [GenerateLandmasses] islands: 11
[00:00:21]: [MergeConnectedLandmasses] false
[00:00:21]: [WorldSimActual::ForceConnectivity] complete
[00:00:21]: [WorldSimActual::DrawRoads]
[00:00:21]: [DrawRoads]
[00:00:21]: [WorldSimActual::DrawRoads] complete
[00:00:21]: Encoding...	
[00:00:21]: [WorldSimActual::CreateNodeIdTileMap]
[00:00:21]: Encoding... DONE	
[00:00:21]: Checking Tags	
[00:00:21]: Tag: Labyrinth	
[00:00:21]: Tag: Maze	
[00:00:21]: Populating voronoi...	
[00:00:21]: [ReplaceSingleNonLandTiles] Validating...
[00:00:21]: [ReplaceSingleNonLandTiles] Replaced 6 tiles.
[00:00:21]: Not checking for disconnected tiles.	
[00:00:21]: [Ocean] Placing ocean set pieces.	
[00:00:21]: [Ocean] Placed 11 of 11 ocean set pieces.	
[00:00:21]: [Ocean] Convert impassible to water...	
[00:00:21]: [Ocean]  Square fill...	
[00:00:23]: [Ocean]  Ground fill...	
[00:00:23]: [Ocean]  Noise...	
[00:00:23]: [Ocean]  Blend...	
[WorldSimActual::GenerateBlendedMap]
[WorldSimActual::GenerateBlendedMap]
[WorldSimActual::GenerateBlendedMap]
[00:00:23]: [Ocean]  Adding shoreline...	
[00:00:23]: [Ocean] Void Outline...	
[00:00:23]: [Ocean] Populating the ocean with lots of fun things to do...	
[00:00:23]: [Ocean] Placing ocean set pieces.	
[00:00:23]: [Ocean] Placed 9 of 9 ocean set pieces.	
[00:00:23]: [Ocean] Placing ocean set pieces.	
[00:00:23]: [Ocean] Placed 4 of 4 ocean set pieces.	
[00:00:23]: [Ocean] Placing ocean set pieces.	
[00:00:23]: [Ocean] Placed 2 of 3 ocean set pieces.	
[00:00:23]: Checking Required Prefab moon_altar_rock_glass has at least 1 instances (1 found).	
[00:00:23]: Checking Required Prefab sculpture_bishop has at least 1 instances (1 found).	
[00:00:23]: Checking Required Prefab pigking has at least 1 instances (1 found).	
[00:00:23]: Checking Required Prefab moon_fissure has at least 2 instances (65 found).	
[00:00:23]: Checking Required Prefab monkeyqueen has at least 1 instances (0 found).	
[00:00:23]: PANIC: missing required prefab [monkeyqueen]! Expected 1, got 0	
[00:00:23]: An error occured during world gen we will retry! [was 	1	 of 	5	]	
[00:00:23]: New size:	50	small	
[00:00:23]: Creating story...	
[00:00:23]: [Story Gen] Generate nodes. Starting at: 'Make a pick'	
[00:00:23]: [Story Gen] LinkNodesByKeys	
[00:00:23]: Finding valid start task...	
[00:00:23]:    ...picked 	Make a pick	
[00:00:23]: Has start node	Clearing	
[00:00:23]: Adding Background Nodes	
[00:00:23]: [Story Gen] Adding Cove Nodes	
[00:00:23]: [Ocean] Processing ocean fake room content.	
[00:00:23]: [WorldSimActual::WorldGen_InitializeNodePoints]
[00:00:23]: [WorldSimActual::WorldGen_VoronoiPass]
[00:00:23]: GenerateVoronoiMap [100]:
.....10....20....30....40....50....60....70....80....90....100
[00:00:24]: ...Done.
[00:00:24]: [Story Gen] Finding nodes on mainland to connect a region to.	
[00:00:24]: [Story Gen] Generate nodes. Starting at: 'MoonIsland_IslandShards'	
[00:00:24]: [Story Gen] RestrictNodesByKey	
[00:00:24]: [Story Gen] Adding Cove Nodes	
[00:00:24]: [WorldSimActual::WorldGen_AddNewPositions]
[00:00:24]: [WorldSimActual::WorldGen_VoronoiPass]
[00:00:24]: GenerateVoronoiMap [50]:
.....10....20....30....40....50
[00:00:25]: ...Done.
[00:00:25]: ... story created	
[00:00:25]: Baking map...	50	
[00:00:25]: [WorldSimActual::WorldGen_Commit] worldgen success.
[00:00:25]: [WorldSimActual::ConvertToTileMap]
[00:00:25]: [ConvertToTileMap]
[00:00:25]: [WorldSimActual::ConvertToTileMap] complete
[00:00:25]: [WorldSimActual::SeparateIslands]
[00:00:25]: [SeparateIslands]
[00:00:25]: [WorldSimActual::SeparateIslands] complete
[00:00:25]: Map Baked!	
[00:00:25]: [WorldSimActual::ForceConnectivity]
[00:00:25]: [GenerateLandmasses]
[00:00:25]: [GenerateLandmasses] islands: 11
[00:00:25]: [MergeConnectedLandmasses] false
[00:00:25]: [WorldSimActual::ForceConnectivity] complete
[00:00:25]: [WorldSimActual::DrawRoads]
[00:00:25]: [DrawRoads]
[00:00:25]: [WorldSimActual::DrawRoads] complete
[00:00:25]: Encoding...	
[00:00:25]: [WorldSimActual::CreateNodeIdTileMap]
[00:00:25]: Encoding... DONE	
[00:00:25]: Checking Tags	
[00:00:25]: Tag: Labyrinth	
[00:00:25]: Tag: Maze	
[00:00:25]: Populating voronoi...	
[00:00:25]: Warning! Could not find a spot for Chessy_6 in node Great Plains:6:Clearing	
[00:00:25]: Warning! Could not find a spot for Maxwell3 in node Great Plains:BG_32:BGSavanna	
[00:00:25]: [ReplaceSingleNonLandTiles] Validating...
[00:00:25]: [ReplaceSingleNonLandTiles] Replaced 3 tiles.
[00:00:25]: Not checking for disconnected tiles.	
[00:00:25]: Badlands:6:DragonflyArena Cant process points	
[00:00:25]: [Ocean] Placing ocean set pieces.	
[00:00:25]: [Ocean] Placed 11 of 11 ocean set pieces.	
[00:00:25]: [Ocean] Convert impassible to water...	
[00:00:25]: [Ocean]  Square fill...	
[00:00:26]: [Ocean]  Ground fill...	
[00:00:26]: [Ocean]  Noise...	
[00:00:27]: [Ocean]  Blend...	
[WorldSimActual::GenerateBlendedMap]
[WorldSimActual::GenerateBlendedMap]
[WorldSimActual::GenerateBlendedMap]
[00:00:27]: [Ocean]  Adding shoreline...	
[00:00:27]: [Ocean] Void Outline...	
[00:00:27]: [Ocean] Populating the ocean with lots of fun things to do...	
[00:00:27]: [Ocean] Placing ocean set pieces.	
[00:00:27]: [Ocean] Placed 9 of 9 ocean set pieces.	
[00:00:27]: [Ocean] Placing ocean set pieces.	
[00:00:27]: [Ocean] Placed 2 of 2 ocean set pieces.	
[00:00:27]: [Ocean] Placing ocean set pieces.	
[00:00:27]: [Ocean] Placed 3 of 3 ocean set pieces.	
[00:00:27]: Checking Required Prefab moon_altar_rock_glass has at least 1 instances (1 found).	
[00:00:27]: Checking Required Prefab sculpture_bishop has at least 1 instances (1 found).	
[00:00:27]: Checking Required Prefab pigking has at least 1 instances (1 found).	
[00:00:27]: Checking Required Prefab moon_fissure has at least 2 instances (80 found).	
[00:00:27]: Checking Required Prefab monkeyqueen has at least 1 instances (1 found).	
[00:00:27]: Checking Required Prefab terrariumchest has at least 1 instances (1 found).	
[00:00:27]: Checking Required Prefab gravestone has at least 1 instances (18 found).	
[00:00:27]: Checking Required Prefab statueglommer has at least 1 instances (1 found).	
[00:00:27]: Checking Required Prefab waterplant has at least 1 instances (64 found).	
[00:00:27]: Checking Required Prefab balatro_machine has at least 1 instances (1 found).	
[00:00:27]: Checking Required Prefab sculpture_rook has at least 1 instances (1 found).	
[00:00:27]: Checking Required Prefab hermithouse_construction1 has at least 1 instances (1 found).	
[00:00:27]: Checking Required Prefab moon_altar_rock_seed has at least 1 instances (1 found).	
[00:00:27]: Checking Required Prefab charlie_stage_post has at least 1 instances (1 found).	
[00:00:27]: Checking Required Prefab statueharp_hedgespawner has at least 1 instances (1 found).	
[00:00:27]: Checking Required Prefab crabking_spawner has at least 1 instances (1 found).	
[00:00:27]: Checking Required Prefab moon_altar_rock_idol has at least 1 instances (1 found).	
[00:00:27]: Checking Required Prefab junk_pile_big has at least 1 instances (1 found).	
[00:00:27]: Checking Required Prefab sculpture_knight has at least 1 instances (3 found).	
[00:00:27]: Checking Required Prefab oceanwhirlbigportal has at least 1 instances (1 found).	
[00:00:27]: [ReplaceSingleNonLandTiles] Validating...
[00:00:27]: [ReplaceSingleNonLandTiles] Replaced 0 tiles.
[00:00:27]: Done forest map gen!	
[00:00:27]: New size:	50	small	
[00:00:27]: Creating story...	
[00:00:27]: [Story Gen] Generate nodes. Starting at: 'Make a pick'	
[00:00:27]: [Story Gen] LinkNodesByKeys	
[00:00:27]: Finding valid start task...	
[00:00:27]:    ...picked 	Make a pick	
[00:00:27]: Has start node	Clearing	
[00:00:27]: Adding Background Nodes	
[00:00:27]: [Story Gen] Adding Cove Nodes	
[00:00:27]: [Ocean] Processing ocean fake room content.	
[00:00:27]: [WorldSimActual::WorldGen_InitializeNodePoints]
[00:00:27]: [WorldSimActual::WorldGen_VoronoiPass]
[00:00:27]: GenerateVoronoiMap [100]:
.....10....20....30....40....50....60....70....80....90....100
[00:00:28]: ...Done.
[00:00:28]: [Make a pick:BG_88:BGGrass] poly.size() == 0
[00:00:28]: [!]	 edge == NULL
[00:00:28]: [Story Gen] Finding nodes on mainland to connect a region to.	
[00:00:28]: [Story Gen] Generate nodes. Starting at: 'MoonIsland_IslandShards'	
[00:00:28]: [Story Gen] RestrictNodesByKey	
[00:00:28]: [Story Gen] Adding Cove Nodes	
[00:00:28]: [WorldSimActual::WorldGen_AddNewPositions]
[00:00:28]: [WorldSimActual::WorldGen_VoronoiPass]
[00:00:28]: GenerateVoronoiMap [50]:
.....10....20....30....40....50
[00:00:29]: ...Done.
[00:00:29]: [Make a pick:BG_90:BGGrass] poly.size() == 0
[00:00:29]: [!]	 edge == NULL
[00:00:29]: [Make a pick:BG_83:BGGrass] poly.size() == 0
[00:00:29]: [!]	 edge == NULL
[00:00:29]: [Make a pick:BG_88:BGGrass] poly.size() == 0
[00:00:29]: [!]	 edge == NULL
[00:00:29]: ... story created	
[00:00:29]: Baking map...	50	
[00:00:29]: [WorldSimActual::WorldGen_Commit] worldgen success.
[00:00:29]: [WorldSimActual::ConvertToTileMap]
[00:00:29]: [ConvertToTileMap]
[00:00:29]: [WorldSimActual::ConvertToTileMap] complete
[00:00:29]: [WorldSimActual::SeparateIslands]
[00:00:29]: [SeparateIslands]
[00:00:29]: [WorldSimActual::SeparateIslands] complete
[00:00:29]: Map Baked!	
[00:00:29]: [WorldSimActual::ForceConnectivity]
[00:00:29]: [GenerateLandmasses]
[00:00:29]: [GenerateLandmasses] islands: 12
[00:00:29]: [MergeConnectedLandmasses] false
[00:00:29]: [WorldSimActual::ForceConnectivity] complete
[00:00:29]: [WorldSimActual::DrawRoads]
[00:00:29]: [DrawRoads]
[00:00:29]: [WorldSimActual::DrawRoads] complete
[00:00:29]: Encoding...	
[00:00:29]: [WorldSimActual::CreateNodeIdTileMap]
[00:00:29]: Encoding... DONE	
[00:00:29]: Checking Tags	
[00:00:29]: Tag: Labyrinth	
[00:00:29]: Tag: Maze	
[00:00:29]: Populating voronoi...	
[00:00:29]: Warning! Could not find a spot for moontrees_2 in node MoonIsland_Forest:1:MoonIsland_Forest	
[00:00:29]: Warning! Could not find a spot for moontrees_2 in node MoonIsland_Forest:2:MoonIsland_Forest	
[00:00:29]: Warning! Could not find a spot for moontrees_2 in node MoonIsland_Forest:2:MoonIsland_Forest	
[00:00:29]: Warning! Could not find a spot for Maxwell3 in node Great Plains:4:Plain	
[00:00:29]: [ReplaceSingleNonLandTiles] Validating...
[00:00:29]: [ReplaceSingleNonLandTiles] Replaced 3 tiles.
[00:00:29]: Not checking for disconnected tiles.	
[00:00:29]: [Ocean] Placing ocean set pieces.	
[00:00:29]: [Ocean] Placed 11 of 11 ocean set pieces.	
[00:00:29]: [Ocean] Convert impassible to water...	
[00:00:29]: [Ocean]  Square fill...	
[00:00:31]: [Ocean]  Ground fill...	
[00:00:31]: [Ocean]  Noise...	
[00:00:31]: [Ocean]  Blend...	
[WorldSimActual::GenerateBlendedMap]
[WorldSimActual::GenerateBlendedMap]
[WorldSimActual::GenerateBlendedMap]
[00:00:31]: [Ocean]  Adding shoreline...	
[00:00:32]: [Ocean] Void Outline...	
[00:00:32]: [Ocean] Populating the ocean with lots of fun things to do...	
[00:00:32]: [Ocean] Placing ocean set pieces.	
[00:00:32]: [Ocean] Placed 9 of 9 ocean set pieces.	
[00:00:32]: [Ocean] Placing ocean set pieces.	
[00:00:32]: [Ocean] Placed 2 of 2 ocean set pieces.	
[00:00:32]: [Ocean] Placing ocean set pieces.	
[00:00:32]: [Ocean] Placed 3 of 3 ocean set pieces.	
[00:00:32]: Checking Required Prefab moon_altar_rock_glass has at least 1 instances (1 found).	
[00:00:32]: Checking Required Prefab sculpture_bishop has at least 1 instances (1 found).	
[00:00:32]: Checking Required Prefab pigking has at least 1 instances (1 found).	
[00:00:32]: Checking Required Prefab moon_fissure has at least 2 instances (60 found).	
[00:00:32]: Checking Required Prefab monkeyqueen has at least 1 instances (1 found).	
[00:00:32]: Checking Required Prefab terrariumchest has at least 1 instances (1 found).	
[00:00:32]: Checking Required Prefab gravestone has at least 1 instances (15 found).	
[00:00:32]: Checking Required Prefab statueglommer has at least 1 instances (1 found).	
[00:00:32]: Checking Required Prefab waterplant has at least 1 instances (94 found).	
[00:00:32]: Checking Required Prefab balatro_machine has at least 1 instances (1 found).	
[00:00:32]: Checking Required Prefab sculpture_rook has at least 1 instances (1 found).	
[00:00:32]: Checking Required Prefab hermithouse_construction1 has at least 1 instances (1 found).	
[00:00:32]: Checking Required Prefab moon_altar_rock_seed has at least 1 instances (1 found).	
[00:00:32]: Checking Required Prefab charlie_stage_post has at least 1 instances (1 found).	
[00:00:32]: Checking Required Prefab statueharp_hedgespawner has at least 1 instances (1 found).	
[00:00:32]: Checking Required Prefab crabking_spawner has at least 1 instances (1 found).	
[00:00:32]: Checking Required Prefab moon_altar_rock_idol has at least 1 instances (1 found).	
[00:00:32]: Checking Required Prefab junk_pile_big has at least 1 instances (1 found).	
[00:00:32]: Checking Required Prefab sculpture_knight has at least 1 instances (3 found).	
[00:00:32]: Checking Required Prefab oceanwhirlbigportal has at least 1 instances (1 found).	
[00:00:32]: [ReplaceSingleNonLandTiles] Validating...
[00:00:32]: [ReplaceSingleNonLandTiles] Replaced 0 tiles.
[00:00:32]: Done forest map gen!	
[00:00:32]: Checking map...	
[00:00:32]: Generation complete, injecting world entities.	
[00:00:32]: Injected world entities.	
[00:00:32]: WorldSim::SimThread::Main() complete
[00:00:32]: Serializing world: session/6C421331FF514E8D/0000000002
[00:00:32]: Auto-enabling encoded user paths
[00:00:32]: Klump load on boot started.	
[00:00:32]: Klump files loaded: 	0	
[00:00:32]: 	Unload FE	
[00:00:32]: 	Unload FE done	
[00:00:33]: Could not unload undefined prefab (ocean_splash_med1)
[00:00:33]: Could not unload undefined prefab (ocean_splash_med2)
[00:00:33]: Could not unload undefined prefab (ocean_splash_med1)
[00:00:33]: Could not unload undefined prefab (ocean_splash_med2)
[00:00:33]: Could not unload undefined prefab (ttk_tianji_room)
[00:00:33]: Could not unload undefined prefab (ttk_tianji_wallpaper)
[00:00:33]: Could not unload undefined prefab (ttk_tianji_room)
[00:00:33]: Could not unload undefined prefab (ttk_tianji_wallpaper)
[00:00:33]: Could not unload undefined prefab (oceanfishinghook_ripple)
[00:00:33]: Could not unload undefined prefab (ocean_splash_med1)
[00:00:33]: Could not unload undefined prefab (ocean_splash_med2)
[00:00:33]: Could not unload undefined prefab (splash_ocean)
[00:00:33]: Could not unload undefined prefab (oceanfishinghook_ripple)
[00:00:33]: Could not unload undefined prefab (ocean_splash_med1)
[00:00:33]: Could not unload undefined prefab (ocean_splash_med2)
[00:00:33]: Could not unload undefined prefab (splash_ocean)
[00:00:36]: Mod: PhamNhanTuTien (Phàm Nhân Tu Tiên)	Registering prefabs	
[00:00:36]: Mod: PhamNhanTuTien (Phàm Nhân Tu Tiên)	  Registering prefab file: prefabs/ttk_hhlmz	
[00:00:36]: Mod: PhamNhanTuTien (Phàm Nhân Tu Tiên)	    ttk_hhlmz	
[00:00:36]: Mod: PhamNhanTuTien (Phàm Nhân Tu Tiên)	    ttk_hhlmz_placer	
[00:00:36]: Mod: PhamNhanTuTien (Phàm Nhân Tu Tiên)	  Registering prefab file: prefabs/ttk_hhlmz_skins	
[00:00:36]: Mod: PhamNhanTuTien (Phàm Nhân Tu Tiên)	    ttt_portal_gcsz	
[00:00:36]: Mod: PhamNhanTuTien (Phàm Nhân Tu Tiên)	    nhatvuphuonghoa_skins_lxzy	
[00:00:36]: Mod: PhamNhanTuTien (Phàm Nhân Tu Tiên)	    ttk_chuongthienbinh_skins_lmxq	
[00:00:36]: Mod: PhamNhanTuTien (Phàm Nhân Tu Tiên)	    ttk_crc_skins_hqyx	
[00:00:36]: Mod: PhamNhanTuTien (Phàm Nhân Tu Tiên)	    ttk_dbg_skins_llt	
[00:00:36]: Mod: PhamNhanTuTien (Phàm Nhân Tu Tiên)	    ttk_dbg_skins_ybg	
[00:00:36]: Mod: PhamNhanTuTien (Phàm Nhân Tu Tiên)	    ttk_dc_skins_hh	
[00:00:36]: Mod: PhamNhanTuTien (Phàm Nhân Tu Tiên)	    ttk_flower_bh_skins_ya	
[00:00:36]: Mod: PhamNhanTuTien (Phàm Nhân Tu Tiên)	    ttk_flower_bmg_skins_srlg	
[00:00:36]: Mod: PhamNhanTuTien (Phàm Nhân Tu Tiên)	    ttk_flower_md_skins_rjfg	
[00:00:36]: Mod: PhamNhanTuTien (Phàm Nhân Tu Tiên)	    ttk_flower_sfr_skins_fr	
[00:00:36]: Mod: PhamNhanTuTien (Phàm Nhân Tu Tiên)	    ttk_flower_sfr_skins_xy	
[00:00:36]: Mod: PhamNhanTuTien (Phàm Nhân Tu Tiên)	    ttk_ftys_skins_zjzy	
[00:00:36]: Mod: PhamNhanTuTien (Phàm Nhân Tu Tiên)	    ttk_gj_skins_lrq	
[00:00:36]: Mod: PhamNhanTuTien (Phàm Nhân Tu Tiên)	    ttk_gj_skins_qsj	
[00:00:36]: Mod: PhamNhanTuTien (Phàm Nhân Tu Tiên)	    ttk_gjx_skins_jsth	
[00:00:36]: Mod: PhamNhanTuTien (Phàm Nhân Tu Tiên)	    ttk_hhlmz_skins_htjc	
[00:00:36]: Mod: PhamNhanTuTien (Phàm Nhân Tu Tiên)	    ttk_hhlmz_skins_wfz	
[00:00:36]: Mod: PhamNhanTuTien (Phàm Nhân Tu Tiên)	    ttk_hmsw_skins_bzxw	
[00:00:36]: Mod: PhamNhanTuTien (Phàm Nhân Tu Tiên)	    ttk_lbjlt_skins_zgrpt	
[00:00:36]: Mod: PhamNhanTuTien (Phàm Nhân Tu Tiên)	    ttk_lgzbh_skins_jlyc	
[00:00:36]: Mod: PhamNhanTuTien (Phàm Nhân Tu Tiên)	    ttk_lgzbh_skins_lz	
[00:00:36]: Mod: PhamNhanTuTien (Phàm Nhân Tu Tiên)	    ttk_makiem_skins_duanzui	
[00:00:36]: Mod: PhamNhanTuTien (Phàm Nhân Tu Tiên)	    ttk_makiem_skins_wendao	
[00:00:36]: Mod: PhamNhanTuTien (Phàm Nhân Tu Tiên)	    ttk_mg_skins_qwg	
[00:00:36]: Mod: PhamNhanTuTien (Phàm Nhân Tu Tiên)	    ttk_ngulongdang_skins_zyx	
[00:00:36]: Mod: PhamNhanTuTien (Phàm Nhân Tu Tiên)	    ttk_pflnw_skins_qns	
[00:00:36]: Mod: PhamNhanTuTien (Phàm Nhân Tu Tiên)	    ttk_qljq_skins_hlq	
[00:00:36]: Mod: PhamNhanTuTien (Phàm Nhân Tu Tiên)	    ttk_qwsk_skins_xznw	
[00:00:36]: Mod: PhamNhanTuTien (Phàm Nhân Tu Tiên)	    ttk_sgc_skins_wgc	
[00:00:36]: Mod: PhamNhanTuTien (Phàm Nhân Tu Tiên)	    ttk_thanhtrucphongvankiem_skins_cgsh	
[00:00:36]: Mod: PhamNhanTuTien (Phàm Nhân Tu Tiên)	    ttk_thanhtrucphongvankiem_skins_clzgj	
[00:00:36]: Mod: PhamNhanTuTien (Phàm Nhân Tu Tiên)	    ttk_thanhtrucphongvankiem_skins_cxlt	
[00:00:36]: Mod: PhamNhanTuTien (Phàm Nhân Tu Tiên)	    ttk_thanhtrucphongvankiem_skins_cygh	
[00:00:36]: Mod: PhamNhanTuTien (Phàm Nhân Tu Tiên)	    ttk_thanhtrucphongvankiem_skins_fgy	
[00:00:36]: Mod: PhamNhanTuTien (Phàm Nhân Tu Tiên)	    ttk_thanhtrucphongvankiem_skins_fhjd	
[00:00:36]: Mod: PhamNhanTuTien (Phàm Nhân Tu Tiên)	    ttk_thanhtrucphongvankiem_skins_flzr	
[00:00:36]: Mod: PhamNhanTuTien (Phàm Nhân Tu Tiên)	    ttk_thanhtrucphongvankiem_skins_fsfmg	
[00:00:36]: Mod: PhamNhanTuTien (Phàm Nhân Tu Tiên)	    ttk_thanhtrucphongvankiem_skins_fshm	
[00:00:36]: Mod: PhamNhanTuTien (Phàm Nhân Tu Tiên)	    ttk_thanhtrucphongvankiem_skins_fyzz	
[00:00:36]: Mod: PhamNhanTuTien (Phàm Nhân Tu Tiên)	    ttk_thanhtrucphongvankiem_skins_hasaki	
[00:00:36]: Mod: PhamNhanTuTien (Phàm Nhân Tu Tiên)	    ttk_thanhtrucphongvankiem_skins_hyys	
[00:00:36]: Mod: PhamNhanTuTien (Phàm Nhân Tu Tiên)	    ttk_thanhtrucphongvankiem_skins_jj	
[00:00:36]: Mod: PhamNhanTuTien (Phàm Nhân Tu Tiên)	    ttk_thanhtrucphongvankiem_skins_jydm	
[00:00:36]: Mod: PhamNhanTuTien (Phàm Nhân Tu Tiên)	    ttk_thanhtrucphongvankiem_skins_jypk	
[00:00:36]: Mod: PhamNhanTuTien (Phàm Nhân Tu Tiên)	    ttk_thanhtrucphongvankiem_skins_kt	
[00:00:36]: Mod: PhamNhanTuTien (Phàm Nhân Tu Tiên)	    ttk_thanhtrucphongvankiem_skins_ly	
[00:00:36]: Mod: PhamNhanTuTien (Phàm Nhân Tu Tiên)	    ttk_thanhtrucphongvankiem_skins_lysy	
[00:00:36]: Mod: PhamNhanTuTien (Phàm Nhân Tu Tiên)	    ttk_thanhtrucphongvankiem_skins_mzhcd	
[00:00:36]: Mod: PhamNhanTuTien (Phàm Nhân Tu Tiên)	    ttk_thanhtrucphongvankiem_skins_mzly	
[00:00:36]: Mod: PhamNhanTuTien (Phàm Nhân Tu Tiên)	    ttk_thanhtrucphongvankiem_skins_nczx	
[00:00:36]: Mod: PhamNhanTuTien (Phàm Nhân Tu Tiên)	    ttk_thanhtrucphongvankiem_skins_ny	
[00:00:36]: Mod: PhamNhanTuTien (Phàm Nhân Tu Tiên)	    ttk_thanhtrucphongvankiem_skins_nyhr	
[00:00:36]: Mod: PhamNhanTuTien (Phàm Nhân Tu Tiên)	    ttk_thanhtrucphongvankiem_skins_smy	
[00:00:36]: Mod: PhamNhanTuTien (Phàm Nhân Tu Tiên)	    ttk_thanhtrucphongvankiem_skins_sny	
[00:00:36]: Mod: PhamNhanTuTien (Phàm Nhân Tu Tiên)	    ttk_thanhtrucphongvankiem_skins_tf	
[00:00:36]: Mod: PhamNhanTuTien (Phàm Nhân Tu Tiên)	    ttk_thanhtrucphongvankiem_skins_wxj	
[00:00:36]: Mod: PhamNhanTuTien (Phàm Nhân Tu Tiên)	    ttk_thanhtrucphongvankiem_skins_wzsb	
[00:00:36]: Mod: PhamNhanTuTien (Phàm Nhân Tu Tiên)	    ttk_thanhtrucphongvankiem_skins_xgl	
[00:00:36]: Mod: PhamNhanTuTien (Phàm Nhân Tu Tiên)	    ttk_thanhtrucphongvankiem_skins_xqc	
[00:00:36]: Mod: PhamNhanTuTien (Phàm Nhân Tu Tiên)	    ttk_thanhtrucphongvankiem_skins_xuanyuan	
[00:00:36]: Mod: PhamNhanTuTien (Phàm Nhân Tu Tiên)	    ttk_thanhtrucphongvankiem_skins_xyb	
[00:00:36]: Mod: PhamNhanTuTien (Phàm Nhân Tu Tiên)	    ttk_thanhtrucphongvankiem_skins_yfcy	
[00:00:36]: Mod: PhamNhanTuTien (Phàm Nhân Tu Tiên)	    ttk_thanhtrucphongvankiem_skins_yfly	
[00:00:36]: Mod: PhamNhanTuTien (Phàm Nhân Tu Tiên)	    ttk_thanhtrucphongvankiem_skins_ylxh	
[00:00:36]: Mod: PhamNhanTuTien (Phàm Nhân Tu Tiên)	    ttk_thanhtrucphongvankiem_skins_ys	
[00:00:36]: Mod: PhamNhanTuTien (Phàm Nhân Tu Tiên)	    ttk_thanhtrucphongvankiem_skins_ysb	
[00:00:36]: Mod: PhamNhanTuTien (Phàm Nhân Tu Tiên)	    ttk_thanhtrucphongvankiem_skins_zj	
[00:00:36]: Mod: PhamNhanTuTien (Phàm Nhân Tu Tiên)	    ttk_thanhtrucphongvankiem_skins_zste	
[00:00:36]: Mod: PhamNhanTuTien (Phàm Nhân Tu Tiên)	    ttk_thanhtrucphongvankiem_skins_zsxm	
[00:00:36]: Mod: PhamNhanTuTien (Phàm Nhân Tu Tiên)	    ttk_thanhtrucphongvankiem_skins_zw	
[00:00:36]: Mod: PhamNhanTuTien (Phàm Nhân Tu Tiên)	    ttk_thanhtrucphongvankiem_skins_zyj	
[00:00:36]: Mod: PhamNhanTuTien (Phàm Nhân Tu Tiên)	    ttk_tianjiwu_skins_byj	
[00:00:36]: Mod: PhamNhanTuTien (Phàm Nhân Tu Tiên)	    ttk_tienkiem_skins_duanzui	
[00:00:36]: Mod: PhamNhanTuTien (Phàm Nhân Tu Tiên)	    ttk_tienkiem_skins_wendao	
[00:00:36]: Mod: PhamNhanTuTien (Phàm Nhân Tu Tiên)	    ttk_tinhlakiem_skins_cgsh	
[00:00:36]: Mod: PhamNhanTuTien (Phàm Nhân Tu Tiên)	    ttk_tinhlakiem_skins_clzgj	
[00:00:36]: Mod: PhamNhanTuTien (Phàm Nhân Tu Tiên)	    ttk_tinhlakiem_skins_cxlt	
[00:00:36]: Mod: PhamNhanTuTien (Phàm Nhân Tu Tiên)	    ttk_tinhlakiem_skins_cygh	
[00:00:36]: Mod: PhamNhanTuTien (Phàm Nhân Tu Tiên)	    ttk_tinhlakiem_skins_fgy	
[00:00:36]: Mod: PhamNhanTuTien (Phàm Nhân Tu Tiên)	    ttk_tinhlakiem_skins_fhjd	
[00:00:36]: Mod: PhamNhanTuTien (Phàm Nhân Tu Tiên)	    ttk_tinhlakiem_skins_flzr	
[00:00:36]: Mod: PhamNhanTuTien (Phàm Nhân Tu Tiên)	    ttk_tinhlakiem_skins_fsfmg	
[00:00:36]: Mod: PhamNhanTuTien (Phàm Nhân Tu Tiên)	    ttk_tinhlakiem_skins_fshm	
[00:00:36]: Mod: PhamNhanTuTien (Phàm Nhân Tu Tiên)	    ttk_tinhlakiem_skins_fyzz	
[00:00:36]: Mod: PhamNhanTuTien (Phàm Nhân Tu Tiên)	    ttk_tinhlakiem_skins_hasaki	
[00:00:36]: Mod: PhamNhanTuTien (Phàm Nhân Tu Tiên)	    ttk_tinhlakiem_skins_hyys	
[00:00:36]: Mod: PhamNhanTuTien (Phàm Nhân Tu Tiên)	    ttk_tinhlakiem_skins_jj	
[00:00:36]: Mod: PhamNhanTuTien (Phàm Nhân Tu Tiên)	    ttk_tinhlakiem_skins_jydm	
[00:00:36]: Mod: PhamNhanTuTien (Phàm Nhân Tu Tiên)	    ttk_tinhlakiem_skins_jypk	
[00:00:36]: Mod: PhamNhanTuTien (Phàm Nhân Tu Tiên)	    ttk_tinhlakiem_skins_kt	
[00:00:36]: Mod: PhamNhanTuTien (Phàm Nhân Tu Tiên)	    ttk_tinhlakiem_skins_ly	
[00:00:36]: Mod: PhamNhanTuTien (Phàm Nhân Tu Tiên)	    ttk_tinhlakiem_skins_lysy	
[00:00:36]: Mod: PhamNhanTuTien (Phàm Nhân Tu Tiên)	    ttk_tinhlakiem_skins_mzhcd	
[00:00:36]: Mod: PhamNhanTuTien (Phàm Nhân Tu Tiên)	    ttk_tinhlakiem_skins_mzly	
[00:00:36]: Mod: PhamNhanTuTien (Phàm Nhân Tu Tiên)	    ttk_tinhlakiem_skins_nczx	
[00:00:36]: Mod: PhamNhanTuTien (Phàm Nhân Tu Tiên)	    ttk_tinhlakiem_skins_ny	
[00:00:36]: Mod: PhamNhanTuTien (Phàm Nhân Tu Tiên)	    ttk_tinhlakiem_skins_nyhr	
[00:00:36]: Mod: PhamNhanTuTien (Phàm Nhân Tu Tiên)	    ttk_tinhlakiem_skins_smy	
[00:00:36]: Mod: PhamNhanTuTien (Phàm Nhân Tu Tiên)	    ttk_tinhlakiem_skins_sny	
[00:00:36]: Mod: PhamNhanTuTien (Phàm Nhân Tu Tiên)	    ttk_tinhlakiem_skins_tf	
[00:00:36]: Mod: PhamNhanTuTien (Phàm Nhân Tu Tiên)	    ttk_tinhlakiem_skins_wxj	
[00:00:36]: Mod: PhamNhanTuTien (Phàm Nhân Tu Tiên)	    ttk_tinhlakiem_skins_wzsb	
[00:00:36]: Mod: PhamNhanTuTien (Phàm Nhân Tu Tiên)	    ttk_tinhlakiem_skins_xgl	
[00:00:36]: Mod: PhamNhanTuTien (Phàm Nhân Tu Tiên)	    ttk_tinhlakiem_skins_xqc	
[00:00:36]: Mod: PhamNhanTuTien (Phàm Nhân Tu Tiên)	    ttk_tinhlakiem_skins_xuanyuan	
[00:00:36]: Mod: PhamNhanTuTien (Phàm Nhân Tu Tiên)	    ttk_tinhlakiem_skins_xyb	
[00:00:36]: Mod: PhamNhanTuTien (Phàm Nhân Tu Tiên)	    ttk_tinhlakiem_skins_yfcy	
[00:00:36]: Mod: PhamNhanTuTien (Phàm Nhân Tu Tiên)	    ttk_tinhlakiem_skins_yfly	
[00:00:36]: Mod: PhamNhanTuTien (Phàm Nhân Tu Tiên)	    ttk_tinhlakiem_skins_ylxh	
[00:00:36]: Mod: PhamNhanTuTien (Phàm Nhân Tu Tiên)	    ttk_tinhlakiem_skins_ys	
[00:00:36]: Mod: PhamNhanTuTien (Phàm Nhân Tu Tiên)	    ttk_tinhlakiem_skins_ysb	
[00:00:36]: Mod: PhamNhanTuTien (Phàm Nhân Tu Tiên)	    ttk_tinhlakiem_skins_zj	
[00:00:36]: Mod: PhamNhanTuTien (Phàm Nhân Tu Tiên)	    ttk_tinhlakiem_skins_zste	
[00:00:36]: Mod: PhamNhanTuTien (Phàm Nhân Tu Tiên)	    ttk_tinhlakiem_skins_zsxm	
[00:00:36]: Mod: PhamNhanTuTien (Phàm Nhân Tu Tiên)	    ttk_tinhlakiem_skins_zw	
[00:00:36]: Mod: PhamNhanTuTien (Phàm Nhân Tu Tiên)	    ttk_tinhlakiem_skins_zyj	
[00:00:36]: Mod: PhamNhanTuTien (Phàm Nhân Tu Tiên)	    ttk_tree_df_skins_zsyj	
[00:00:36]: Mod: PhamNhanTuTien (Phàm Nhân Tu Tiên)	    ttk_tree_xhs_skins_lgs	
[00:00:36]: Mod: PhamNhanTuTien (Phàm Nhân Tu Tiên)	    ttk_tree_yhs_skins_fd	
[00:00:36]: Mod: PhamNhanTuTien (Phàm Nhân Tu Tiên)	    ttk_tree_yls_skins_cl	
[00:00:36]: Mod: PhamNhanTuTien (Phàm Nhân Tu Tiên)	    ttk_tree_yxs_skins_jqs	
[00:00:36]: Mod: PhamNhanTuTien (Phàm Nhân Tu Tiên)	    ttk_votuongkiem_skins_cgsh	
[00:00:36]: Mod: PhamNhanTuTien (Phàm Nhân Tu Tiên)	    ttk_votuongkiem_skins_clzgj	
[00:00:36]: Mod: PhamNhanTuTien (Phàm Nhân Tu Tiên)	    ttk_votuongkiem_skins_cxlt	
[00:00:36]: Mod: PhamNhanTuTien (Phàm Nhân Tu Tiên)	    ttk_votuongkiem_skins_cygh	
[00:00:36]: Mod: PhamNhanTuTien (Phàm Nhân Tu Tiên)	    ttk_votuongkiem_skins_fgy	
[00:00:36]: Mod: PhamNhanTuTien (Phàm Nhân Tu Tiên)	    ttk_votuongkiem_skins_fhjd	
[00:00:36]: Mod: PhamNhanTuTien (Phàm Nhân Tu Tiên)	    ttk_votuongkiem_skins_flzr	
[00:00:36]: Mod: PhamNhanTuTien (Phàm Nhân Tu Tiên)	    ttk_votuongkiem_skins_fsfmg	
[00:00:36]: Mod: PhamNhanTuTien (Phàm Nhân Tu Tiên)	    ttk_votuongkiem_skins_fshm	
[00:00:36]: Mod: PhamNhanTuTien (Phàm Nhân Tu Tiên)	    ttk_votuongkiem_skins_fyzz	
[00:00:36]: Mod: PhamNhanTuTien (Phàm Nhân Tu Tiên)	    ttk_votuongkiem_skins_hasaki	
[00:00:36]: Mod: PhamNhanTuTien (Phàm Nhân Tu Tiên)	    ttk_votuongkiem_skins_hyys	
[00:00:36]: Mod: PhamNhanTuTien (Phàm Nhân Tu Tiên)	    ttk_votuongkiem_skins_jj	
[00:00:36]: Mod: PhamNhanTuTien (Phàm Nhân Tu Tiên)	    ttk_votuongkiem_skins_jydm	
[00:00:36]: Mod: PhamNhanTuTien (Phàm Nhân Tu Tiên)	    ttk_votuongkiem_skins_jypk	
[00:00:36]: Mod: PhamNhanTuTien (Phàm Nhân Tu Tiên)	    ttk_votuongkiem_skins_kt	
[00:00:36]: Mod: PhamNhanTuTien (Phàm Nhân Tu Tiên)	    ttk_votuongkiem_skins_ly	
[00:00:36]: Mod: PhamNhanTuTien (Phàm Nhân Tu Tiên)	    ttk_votuongkiem_skins_lysy	
[00:00:36]: Mod: PhamNhanTuTien (Phàm Nhân Tu Tiên)	    ttk_votuongkiem_skins_mzhcd	
[00:00:36]: Mod: PhamNhanTuTien (Phàm Nhân Tu Tiên)	    ttk_votuongkiem_skins_mzly	
[00:00:36]: Mod: PhamNhanTuTien (Phàm Nhân Tu Tiên)	    ttk_votuongkiem_skins_nczx	
[00:00:36]: Mod: PhamNhanTuTien (Phàm Nhân Tu Tiên)	    ttk_votuongkiem_skins_ny	
[00:00:36]: Mod: PhamNhanTuTien (Phàm Nhân Tu Tiên)	    ttk_votuongkiem_skins_nyhr	
[00:00:36]: Mod: PhamNhanTuTien (Phàm Nhân Tu Tiên)	    ttk_votuongkiem_skins_smy	
[00:00:36]: Mod: PhamNhanTuTien (Phàm Nhân Tu Tiên)	    ttk_votuongkiem_skins_sny	
[00:00:36]: Mod: PhamNhanTuTien (Phàm Nhân Tu Tiên)	    ttk_votuongkiem_skins_tf	
[00:00:36]: Mod: PhamNhanTuTien (Phàm Nhân Tu Tiên)	    ttk_votuongkiem_skins_wxj	
[00:00:36]: Mod: PhamNhanTuTien (Phàm Nhân Tu Tiên)	    ttk_votuongkiem_skins_wzsb	
[00:00:36]: Mod: PhamNhanTuTien (Phàm Nhân Tu Tiên)	    ttk_votuongkiem_skins_xgl	
[00:00:36]: Mod: PhamNhanTuTien (Phàm Nhân Tu Tiên)	    ttk_votuongkiem_skins_xqc	
[00:00:36]: Mod: PhamNhanTuTien (Phàm Nhân Tu Tiên)	    ttk_votuongkiem_skins_xuanyuan	
[00:00:36]: Mod: PhamNhanTuTien (Phàm Nhân Tu Tiên)	    ttk_votuongkiem_skins_xyb	
[00:00:36]: Mod: PhamNhanTuTien (Phàm Nhân Tu Tiên)	    ttk_votuongkiem_skins_yfcy	
[00:00:36]: Mod: PhamNhanTuTien (Phàm Nhân Tu Tiên)	    ttk_votuongkiem_skins_yfly	
[00:00:36]: Mod: PhamNhanTuTien (Phàm Nhân Tu Tiên)	    ttk_votuongkiem_skins_ylxh	
[00:00:36]: Mod: PhamNhanTuTien (Phàm Nhân Tu Tiên)	    ttk_votuongkiem_skins_ys	
[00:00:36]: Mod: PhamNhanTuTien (Phàm Nhân Tu Tiên)	    ttk_votuongkiem_skins_ysb	
[00:00:36]: Mod: PhamNhanTuTien (Phàm Nhân Tu Tiên)	    ttk_votuongkiem_skins_zj	
[00:00:36]: Mod: PhamNhanTuTien (Phàm Nhân Tu Tiên)	    ttk_votuongkiem_skins_zste	
[00:00:36]: Mod: PhamNhanTuTien (Phàm Nhân Tu Tiên)	    ttk_votuongkiem_skins_zsxm	
[00:00:36]: Mod: PhamNhanTuTien (Phàm Nhân Tu Tiên)	    ttk_votuongkiem_skins_zw	
[00:00:36]: Mod: PhamNhanTuTien (Phàm Nhân Tu Tiên)	    ttk_votuongkiem_skins_zyj	
[00:00:36]: Mod: PhamNhanTuTien (Phàm Nhân Tu Tiên)	    ttk_wsjx_skins_xzyj	
[00:00:36]: Mod: PhamNhanTuTien (Phàm Nhân Tu Tiên)	    ttk_wsjx_skins_yzjx	
[00:00:36]: Mod: PhamNhanTuTien (Phàm Nhân Tu Tiên)	    ttk_xshj_skins_bbzy	
[00:00:36]: Mod: PhamNhanTuTien (Phàm Nhân Tu Tiên)	    ttk_xshj_skins_fhlh	
[00:00:36]: Mod: PhamNhanTuTien (Phàm Nhân Tu Tiên)	    ttk_xshj_skins_hyparmor	
[00:00:36]: Mod: PhamNhanTuTien (Phàm Nhân Tu Tiên)	    ttk_xshj_skins_jdjarmor	
[00:00:36]: Mod: PhamNhanTuTien (Phàm Nhân Tu Tiên)	    ttk_xshj_skins_yaoarmor	
[00:00:36]: Mod: PhamNhanTuTien (Phàm Nhân Tu Tiên)	    ttk_yhsyz_skins_qlyyz	
[00:00:36]: Mod: PhamNhanTuTien (Phàm Nhân Tu Tiên)	    ttk_ylxc_skins_qhnlc	
[00:00:36]: Mod: PhamNhanTuTien (Phàm Nhân Tu Tiên)	    ttk_ylxq_skins_fynl	
[00:00:36]: Mod: PhamNhanTuTien (Phàm Nhân Tu Tiên)	    ttk_zcmj_skins_jhxs	
[00:00:36]: Mod: PhamNhanTuTien (Phàm Nhân Tu Tiên)	    ttk_zcmj_skins_jtkhat	
[00:00:36]: Mod: PhamNhanTuTien (Phàm Nhân Tu Tiên)	    ttk_zcmj_skins_lhyhat	
[00:00:36]: Mod: PhamNhanTuTien (Phàm Nhân Tu Tiên)	    ttk_zcmj_skins_trxz	
[00:00:36]: Mod: PhamNhanTuTien (Phàm Nhân Tu Tiên)	    ttk_zcmj_skins_yaohat	
[00:00:36]: Mod: PhamNhanTuTien (Phàm Nhân Tu Tiên)	  Registering prefab file: prefabs/ttk_skin_spirit	
[00:00:36]: Mod: PhamNhanTuTien (Phàm Nhân Tu Tiên)	    ttk_skin_spirit	
[00:00:36]: Mod: PhamNhanTuTien (Phàm Nhân Tu Tiên)	  Registering prefab file: prefabs/ttk_skin_hyys_fx	
[00:00:36]: Mod: PhamNhanTuTien (Phàm Nhân Tu Tiên)	    ttk_skin_hyys_fx	
[00:00:36]: Mod: PhamNhanTuTien (Phàm Nhân Tu Tiên)	  Registering prefab file: prefabs/ttk_lingshi	
[00:00:36]: Mod: PhamNhanTuTien (Phàm Nhân Tu Tiên)	    ttk_lingshi1	
[00:00:36]: Mod: PhamNhanTuTien (Phàm Nhân Tu Tiên)	    ttk_lingshi2	
[00:00:36]: Mod: PhamNhanTuTien (Phàm Nhân Tu Tiên)	    ttk_lingshi3	
[00:00:36]: Mod: PhamNhanTuTien (Phàm Nhân Tu Tiên)	    ttk_lingshi4	
[00:00:36]: Mod: PhamNhanTuTien (Phàm Nhân Tu Tiên)	  Registering prefab file: prefabs/lucmachthankiem	
[00:00:36]: Mod: PhamNhanTuTien (Phàm Nhân Tu Tiên)	    lucmachthankiem_red	
[00:00:36]: Mod: PhamNhanTuTien (Phàm Nhân Tu Tiên)	    lucmachthankiem_blue	
[00:00:36]: Mod: PhamNhanTuTien (Phàm Nhân Tu Tiên)	    lucmachthankiem_purple	
[00:00:36]: Mod: PhamNhanTuTien (Phàm Nhân Tu Tiên)	    lucmachthankiem_orange	
[00:00:36]: Mod: PhamNhanTuTien (Phàm Nhân Tu Tiên)	    lucmachthankiem_yellow	
[00:00:36]: Mod: PhamNhanTuTien (Phàm Nhân Tu Tiên)	    lucmachthankiem_green	
[00:00:36]: Mod: PhamNhanTuTien (Phàm Nhân Tu Tiên)	    lucmachthankiem	
[00:00:36]: Mod: PhamNhanTuTien (Phàm Nhân Tu Tiên)	  Registering prefab file: prefabs/lucmachthankiem_ember_vfx	
[00:00:36]: Mod: PhamNhanTuTien (Phàm Nhân Tu Tiên)	    lucmachthankiem_red_ember_vfx	
[00:00:36]: Mod: PhamNhanTuTien (Phàm Nhân Tu Tiên)	    lucmachthankiem_blue_ember_vfx	
[00:00:36]: Mod: PhamNhanTuTien (Phàm Nhân Tu Tiên)	    lucmachthankiem_purple_ember_vfx	
[00:00:36]: Mod: PhamNhanTuTien (Phàm Nhân Tu Tiên)	    lucmachthankiem_orange_ember_vfx	
[00:00:36]: Mod: PhamNhanTuTien (Phàm Nhân Tu Tiên)	    lucmachthankiem_yellow_ember_vfx	
[00:00:36]: Mod: PhamNhanTuTien (Phàm Nhân Tu Tiên)	    lucmachthankiem_green_ember_vfx	
[00:00:36]: Mod: PhamNhanTuTien (Phàm Nhân Tu Tiên)	  Registering prefab file: prefabs/lucmachthankiem_sparkle_vfx	
[00:00:36]: Mod: PhamNhanTuTien (Phàm Nhân Tu Tiên)	    lucmachthankiem_red_sparkle_vfx	
[00:00:36]: Mod: PhamNhanTuTien (Phàm Nhân Tu Tiên)	    lucmachthankiem_blue_sparkle_vfx	
[00:00:36]: Mod: PhamNhanTuTien (Phàm Nhân Tu Tiên)	    lucmachthankiem_purple_sparkle_vfx	
[00:00:36]: Mod: PhamNhanTuTien (Phàm Nhân Tu Tiên)	    lucmachthankiem_orange_sparkle_vfx	
[00:00:36]: Mod: PhamNhanTuTien (Phàm Nhân Tu Tiên)	    lucmachthankiem_yellow_sparkle_vfx	
[00:00:36]: Mod: PhamNhanTuTien (Phàm Nhân Tu Tiên)	    lucmachthankiem_green_sparkle_vfx	
[00:00:36]: Mod: PhamNhanTuTien (Phàm Nhân Tu Tiên)	  Registering prefab file: prefabs/vanhonphien	
[00:00:36]: Mod: PhamNhanTuTien (Phàm Nhân Tu Tiên)	    vanhonphien	
[00:00:36]: Mod: PhamNhanTuTien (Phàm Nhân Tu Tiên)	    vanhonphien_ground	
[00:00:36]: Mod: PhamNhanTuTien (Phàm Nhân Tu Tiên)	    vanhonphien_soul	
[00:00:36]: Mod: PhamNhanTuTien (Phàm Nhân Tu Tiên)	    vanhonphien_soulfx	
[00:00:36]: Mod: PhamNhanTuTien (Phàm Nhân Tu Tiên)	    vanhonphien_soulfx_in	
[00:00:36]: Mod: PhamNhanTuTien (Phàm Nhân Tu Tiên)	    vanhonphien_placer	
[00:00:36]: Mod: PhamNhanTuTien (Phàm Nhân Tu Tiên)	    vanhonphien_projectile	
[00:00:36]: Mod: PhamNhanTuTien (Phàm Nhân Tu Tiên)	    vanhonphien_hit_fx	
[00:00:36]: Mod: PhamNhanTuTien (Phàm Nhân Tu Tiên)	  Registering prefab file: prefabs/vanhonphien_vortexfx	
[00:00:36]: Mod: PhamNhanTuTien (Phàm Nhân Tu Tiên)	    vanhonphien_vortexfx	
[00:00:36]: Mod: PhamNhanTuTien (Phàm Nhân Tu Tiên)	    vanhonphien_vortexspawner	
[00:00:36]: Mod: PhamNhanTuTien (Phàm Nhân Tu Tiên)	  Registering prefab file: prefabs/thanhiquangtruong	
[00:00:36]: Mod: PhamNhanTuTien (Phàm Nhân Tu Tiên)	    thanhiquangtruong	
[00:00:36]: Mod: PhamNhanTuTien (Phàm Nhân Tu Tiên)	  Registering prefab file: prefabs/thanhiquangtruongfx	
[00:00:36]: Mod: PhamNhanTuTien (Phàm Nhân Tu Tiên)	    thanhiquangtruongfx	
[00:00:36]: Mod: PhamNhanTuTien (Phàm Nhân Tu Tiên)	  Registering prefab file: prefabs/nhatvuphuonghoa	
[00:00:36]: Mod: PhamNhanTuTien (Phàm Nhân Tu Tiên)	    nhatvuphuonghoa	
[00:00:36]: Mod: PhamNhanTuTien (Phàm Nhân Tu Tiên)	  Registering prefab file: prefabs/nhatvuphuonghoa_buff	
[00:00:36]: Mod: PhamNhanTuTien (Phàm Nhân Tu Tiên)	    nhatvuphuonghoa_buff	
[00:00:36]: Mod: PhamNhanTuTien (Phàm Nhân Tu Tiên)	  Registering prefab file: prefabs/ttk_elemental_swords	
[00:00:36]: Mod: PhamNhanTuTien (Phàm Nhân Tu Tiên)	    ttk_votuongkiem	
[00:00:36]: Mod: PhamNhanTuTien (Phàm Nhân Tu Tiên)	    ttk_thanhtrucphongvankiem	
[00:00:36]: Mod: PhamNhanTuTien (Phàm Nhân Tu Tiên)	    ttk_phanthienkiem	
[00:00:36]: Mod: PhamNhanTuTien (Phàm Nhân Tu Tiên)	    ttk_tienkiem	
[00:00:36]: Mod: PhamNhanTuTien (Phàm Nhân Tu Tiên)	    ttk_makiem	
[00:00:36]: Mod: PhamNhanTuTien (Phàm Nhân Tu Tiên)	  Registering prefab file: prefabs/ttk_tinhlakiem	
[00:00:36]: Mod: PhamNhanTuTien (Phàm Nhân Tu Tiên)	    ttk_tinhlakiem	
[00:00:36]: Mod: PhamNhanTuTien (Phàm Nhân Tu Tiên)	  Registering prefab file: prefabs/ttk_lucnguyenkiemdong	
[00:00:36]: Mod: PhamNhanTuTien (Phàm Nhân Tu Tiên)	    ttk_lucnguyenkiemdong	
[00:00:36]: Mod: PhamNhanTuTien (Phàm Nhân Tu Tiên)	    ttk_lucnguyen_primary_projectile	
[00:00:36]: Mod: PhamNhanTuTien (Phàm Nhân Tu Tiên)	    ttk_lucnguyen_sword_1	
[00:00:36]: Mod: PhamNhanTuTien (Phàm Nhân Tu Tiên)	    ttk_lucnguyen_trail_1	
[00:00:36]: Mod: PhamNhanTuTien (Phàm Nhân Tu Tiên)	    ttk_lucnguyen_sword_2	
[00:00:36]: Mod: PhamNhanTuTien (Phàm Nhân Tu Tiên)	    ttk_lucnguyen_trail_2	
[00:00:36]: Mod: PhamNhanTuTien (Phàm Nhân Tu Tiên)	    ttk_lucnguyen_sword_3	
[00:00:36]: Mod: PhamNhanTuTien (Phàm Nhân Tu Tiên)	    ttk_lucnguyen_trail_3	
[00:00:36]: Mod: PhamNhanTuTien (Phàm Nhân Tu Tiên)	    ttk_lucnguyen_sword_4	
[00:00:36]: Mod: PhamNhanTuTien (Phàm Nhân Tu Tiên)	    ttk_lucnguyen_trail_4	
[00:00:36]: Mod: PhamNhanTuTien (Phàm Nhân Tu Tiên)	    ttk_lucnguyen_sword_5	
[00:00:36]: Mod: PhamNhanTuTien (Phàm Nhân Tu Tiên)	    ttk_lucnguyen_trail_5	
[00:00:36]: Mod: PhamNhanTuTien (Phàm Nhân Tu Tiên)	    ttk_lucnguyen_sword_6	
[00:00:36]: Mod: PhamNhanTuTien (Phàm Nhân Tu Tiên)	    ttk_lucnguyen_trail_6	
[00:00:36]: Mod: PhamNhanTuTien (Phàm Nhân Tu Tiên)	  Registering prefab file: prefabs/ttk_ngulongdang	
[00:00:36]: Mod: PhamNhanTuTien (Phàm Nhân Tu Tiên)	    ttk_ngulongdang	
[00:00:36]: Mod: PhamNhanTuTien (Phàm Nhân Tu Tiên)	    ttk_ngulongdanglight	
[00:00:36]: Mod: PhamNhanTuTien (Phàm Nhân Tu Tiên)	    ttk_ngulongdangbody	
[00:00:36]: Mod: PhamNhanTuTien (Phàm Nhân Tu Tiên)	  Registering prefab file: prefabs/ttk_fsct	
[00:00:36]: Mod: PhamNhanTuTien (Phàm Nhân Tu Tiên)	    ttk_fsct	
[00:00:36]: Mod: PhamNhanTuTien (Phàm Nhân Tu Tiên)	    ttk_fsct_placer	
[00:00:36]: Mod: PhamNhanTuTien (Phàm Nhân Tu Tiên)	  Registering prefab file: prefabs/ttk_garden	
[00:00:36]: Mod: PhamNhanTuTien (Phàm Nhân Tu Tiên)	    ttk_tree_yhs	
[00:00:36]: Mod: PhamNhanTuTien (Phàm Nhân Tu Tiên)	    ttk_tree_yhs_placer	
[00:00:36]: Mod: PhamNhanTuTien (Phàm Nhân Tu Tiên)	    ttk_tree_df	
[00:00:36]: Mod: PhamNhanTuTien (Phàm Nhân Tu Tiên)	    ttk_tree_df_placer	
[00:00:36]: Mod: PhamNhanTuTien (Phàm Nhân Tu Tiên)	    ttk_tree_yxs	
[00:00:36]: Mod: PhamNhanTuTien (Phàm Nhân Tu Tiên)	    ttk_tree_yxs_placer	
[00:00:36]: Mod: PhamNhanTuTien (Phàm Nhân Tu Tiên)	    ttk_tree_xhs	
[00:00:36]: Mod: PhamNhanTuTien (Phàm Nhân Tu Tiên)	    ttk_tree_xhs_placer	
[00:00:36]: Mod: PhamNhanTuTien (Phàm Nhân Tu Tiên)	    ttk_tree_ls	
[00:00:36]: Mod: PhamNhanTuTien (Phàm Nhân Tu Tiên)	    ttk_tree_ls_placer	
[00:00:36]: Mod: PhamNhanTuTien (Phàm Nhân Tu Tiên)	    ttk_gj	
[00:00:36]: Mod: PhamNhanTuTien (Phàm Nhân Tu Tiên)	    ttk_gj_placer	
[00:00:36]: Mod: PhamNhanTuTien (Phàm Nhân Tu Tiên)	    ttk_flower_bh	
[00:00:36]: Mod: PhamNhanTuTien (Phàm Nhân Tu Tiên)	    ttk_flower_bh_placer	
[00:00:36]: Mod: PhamNhanTuTien (Phàm Nhân Tu Tiên)	    ttk_flower_bmg	
[00:00:36]: Mod: PhamNhanTuTien (Phàm Nhân Tu Tiên)	    ttk_flower_bmg_placer	
[00:00:36]: Mod: PhamNhanTuTien (Phàm Nhân Tu Tiên)	    ttk_flower_pgy	
[00:00:36]: Mod: PhamNhanTuTien (Phàm Nhân Tu Tiên)	    ttk_flower_pgy_placer	
[00:00:36]: Mod: PhamNhanTuTien (Phàm Nhân Tu Tiên)	    ttk_flower_ll	
[00:00:36]: Mod: PhamNhanTuTien (Phàm Nhân Tu Tiên)	    ttk_flower_ll_placer	
[00:00:36]: Mod: PhamNhanTuTien (Phàm Nhân Tu Tiên)	    ttk_flower_md	
[00:00:36]: Mod: PhamNhanTuTien (Phàm Nhân Tu Tiên)	    ttk_flower_md_placer	
[00:00:36]: Mod: PhamNhanTuTien (Phàm Nhân Tu Tiên)	    ttk_flower_mlh	
[00:00:36]: Mod: PhamNhanTuTien (Phàm Nhân Tu Tiên)	    ttk_flower_mlh_placer	
[00:00:36]: Mod: PhamNhanTuTien (Phàm Nhân Tu Tiên)	  Registering prefab file: prefabs/ttk_huapen	
[00:00:36]: Mod: PhamNhanTuTien (Phàm Nhân Tu Tiên)	    ttk_huapen	
[00:00:36]: Mod: PhamNhanTuTien (Phàm Nhân Tu Tiên)	    ttk_huapen_placer	
[00:00:36]: Mod: PhamNhanTuTien (Phàm Nhân Tu Tiên)	  Registering prefab file: prefabs/ttk_luoshen_hua	
[00:00:36]: Mod: PhamNhanTuTien (Phàm Nhân Tu Tiên)	    ttk_luoshen_huazhong	
[00:00:36]: Mod: PhamNhanTuTien (Phàm Nhân Tu Tiên)	    ttk_luoshen_hua	
[00:00:36]: Mod: PhamNhanTuTien (Phàm Nhân Tu Tiên)	    ttk_luoshen_huayin	
[00:00:36]: Mod: PhamNhanTuTien (Phàm Nhân Tu Tiên)	    ttk_luoshen_huazhong_placer	
[00:00:36]: Mod: PhamNhanTuTien (Phàm Nhân Tu Tiên)	  Registering prefab file: prefabs/ttk_luoshen_food	
[00:00:36]: Mod: PhamNhanTuTien (Phàm Nhân Tu Tiên)	    ttk_luoshen_qingshu	
[00:00:36]: Mod: PhamNhanTuTien (Phàm Nhân Tu Tiên)	    ttk_luoxiang_pengrou	
[00:00:36]: Mod: PhamNhanTuTien (Phàm Nhân Tu Tiên)	    ttk_luoxiang_pengrou_buff	
[00:00:36]: Mod: PhamNhanTuTien (Phàm Nhân Tu Tiên)	  Registering prefab file: prefabs/ttk_pflnw	
[00:00:36]: Mod: PhamNhanTuTien (Phàm Nhân Tu Tiên)	    ttk_pflnw	
[00:00:36]: Mod: PhamNhanTuTien (Phàm Nhân Tu Tiên)	    ttk_pflnw_placer	
[00:00:36]: Mod: PhamNhanTuTien (Phàm Nhân Tu Tiên)	  Registering prefab file: prefabs/ttk_ftys	
[00:00:36]: Mod: PhamNhanTuTien (Phàm Nhân Tu Tiên)	    ttk_ftys	
[00:00:36]: Mod: PhamNhanTuTien (Phàm Nhân Tu Tiên)	    ttk_ftys_placer	
[00:00:36]: Mod: PhamNhanTuTien (Phàm Nhân Tu Tiên)	  Registering prefab file: prefabs/ttk_klxw	
[00:00:36]: Mod: PhamNhanTuTien (Phàm Nhân Tu Tiên)	    ttk_klxw	
[00:00:36]: Mod: PhamNhanTuTien (Phàm Nhân Tu Tiên)	    ttk_klxw_placer	
[00:00:36]: Mod: PhamNhanTuTien (Phàm Nhân Tu Tiên)	  Registering prefab file: prefabs/ttk_beefalo	
[00:00:36]: Mod: PhamNhanTuTien (Phàm Nhân Tu Tiên)	    ttk_beefalo	
[00:00:36]: Mod: PhamNhanTuTien (Phàm Nhân Tu Tiên)	  Registering prefab file: prefabs/ttk_lightninggoat	
[00:00:36]: Mod: PhamNhanTuTien (Phàm Nhân Tu Tiên)	    ttk_lightninggoat	
[00:00:36]: Mod: PhamNhanTuTien (Phàm Nhân Tu Tiên)	  Registering prefab file: prefabs/ttk_koalefant	
[00:00:36]: Mod: PhamNhanTuTien (Phàm Nhân Tu Tiên)	    ttk_koalefant	
[00:00:36]: Mod: PhamNhanTuTien (Phàm Nhân Tu Tiên)	  Registering prefab file: prefabs/ttk_gjx	
[00:00:36]: Mod: PhamNhanTuTien (Phàm Nhân Tu Tiên)	    ttk_gjx	
[00:00:36]: Mod: PhamNhanTuTien (Phàm Nhân Tu Tiên)	    ttk_gjx_placer	
[00:00:36]: Mod: PhamNhanTuTien (Phàm Nhân Tu Tiên)	  Registering prefab file: prefabs/ttk_dbg	
[00:00:36]: Mod: PhamNhanTuTien (Phàm Nhân Tu Tiên)	    ttk_dbg	
[00:00:36]: Mod: PhamNhanTuTien (Phàm Nhân Tu Tiên)	    ttk_dbg_placer	
[00:00:36]: Mod: PhamNhanTuTien (Phàm Nhân Tu Tiên)	  Registering prefab file: prefabs/ttk_dc	
[00:00:36]: Mod: PhamNhanTuTien (Phàm Nhân Tu Tiên)	    ttk_dc	
[00:00:36]: Mod: PhamNhanTuTien (Phàm Nhân Tu Tiên)	    ttk_dc_placer	
[00:00:36]: Mod: PhamNhanTuTien (Phàm Nhân Tu Tiên)	  Registering prefab file: prefabs/ttk_lbx	
[00:00:36]: Mod: PhamNhanTuTien (Phàm Nhân Tu Tiên)	    ttk_lbx	
[00:00:36]: Mod: PhamNhanTuTien (Phàm Nhân Tu Tiên)	    ttk_lbx_placer	
[00:00:36]: Mod: PhamNhanTuTien (Phàm Nhân Tu Tiên)	  Registering prefab file: prefabs/ttk_lgzbh	
[00:00:36]: Mod: PhamNhanTuTien (Phàm Nhân Tu Tiên)	    ttk_lgzbh	
[00:00:36]: Mod: PhamNhanTuTien (Phàm Nhân Tu Tiên)	    ttk_lgzbh_fx	
[00:00:36]: Mod: PhamNhanTuTien (Phàm Nhân Tu Tiên)	    ttk_lgzbh_placer	
[00:00:36]: Mod: PhamNhanTuTien (Phàm Nhân Tu Tiên)	  Registering prefab file: prefabs/ttk_mg	
[00:00:36]: Mod: PhamNhanTuTien (Phàm Nhân Tu Tiên)	    ttk_mg	
[00:00:36]: Mod: PhamNhanTuTien (Phàm Nhân Tu Tiên)	    ttk_mg_placer	
[00:00:36]: Mod: PhamNhanTuTien (Phàm Nhân Tu Tiên)	  Registering prefab file: prefabs/ttk_hyf_fx	
[00:00:36]: Mod: PhamNhanTuTien (Phàm Nhân Tu Tiên)	    ttk_hyf_fullfx	
[00:00:36]: Mod: PhamNhanTuTien (Phàm Nhân Tu Tiên)	    ttk_hyf_frontfx	
[00:00:36]: Mod: PhamNhanTuTien (Phàm Nhân Tu Tiên)	    ttk_hyf_frontfx_small	
[00:00:36]: Mod: PhamNhanTuTien (Phàm Nhân Tu Tiên)	  Registering prefab file: prefabs/ttk_sj_kls	
[00:00:36]: Mod: PhamNhanTuTien (Phàm Nhân Tu Tiên)	    ttk_sj_kls	
[00:00:36]: Mod: PhamNhanTuTien (Phàm Nhân Tu Tiên)	    ttk_sj_kls_placer	
[00:00:36]: Mod: PhamNhanTuTien (Phàm Nhân Tu Tiên)	  Registering prefab file: prefabs/ttk_lbjlt	
[00:00:36]: Mod: PhamNhanTuTien (Phàm Nhân Tu Tiên)	    ttk_lbjlt	
[00:00:36]: Mod: PhamNhanTuTien (Phàm Nhân Tu Tiên)	    ttk_lbjlt_fx	
[00:00:36]: Mod: PhamNhanTuTien (Phàm Nhân Tu Tiên)	    ttk_lbjlt_placer	
[00:00:36]: Mod: PhamNhanTuTien (Phàm Nhân Tu Tiên)	  Registering prefab file: prefabs/ttk_jitan	
[00:00:36]: Mod: PhamNhanTuTien (Phàm Nhân Tu Tiên)	    ttk_jitan	
[00:00:36]: Mod: PhamNhanTuTien (Phàm Nhân Tu Tiên)	    ttk_jitan_placer	
[00:00:36]: Mod: PhamNhanTuTien (Phàm Nhân Tu Tiên)	  Registering prefab file: prefabs/ttk_llbx	
[00:00:36]: Mod: PhamNhanTuTien (Phàm Nhân Tu Tiên)	    ttk_llbx	
[00:00:36]: Mod: PhamNhanTuTien (Phàm Nhân Tu Tiên)	    ttk_llbx_container	
[00:00:36]: Mod: PhamNhanTuTien (Phàm Nhân Tu Tiên)	    ttk_llbx_placer	
[00:00:36]: Mod: PhamNhanTuTien (Phàm Nhân Tu Tiên)	  Registering prefab file: prefabs/ttk_qljq	
[00:00:36]: Mod: PhamNhanTuTien (Phàm Nhân Tu Tiên)	    ttk_qljq	
[00:00:36]: Mod: PhamNhanTuTien (Phàm Nhân Tu Tiên)	    ttk_qljq_placer	
[00:00:36]: Mod: PhamNhanTuTien (Phàm Nhân Tu Tiên)	  Registering prefab file: prefabs/ttk_foodstores	
[00:00:36]: Mod: PhamNhanTuTien (Phàm Nhân Tu Tiên)	    ttk_crc	
[00:00:36]: Mod: PhamNhanTuTien (Phàm Nhân Tu Tiên)	    ttk_crc_placer	
[00:00:36]: Mod: PhamNhanTuTien (Phàm Nhân Tu Tiên)	    ttk_sgc	
[00:00:36]: Mod: PhamNhanTuTien (Phàm Nhân Tu Tiên)	    ttk_sgc_placer	
[00:00:36]: Mod: PhamNhanTuTien (Phàm Nhân Tu Tiên)	  Registering prefab file: prefabs/ttk_qwsk	
[00:00:36]: Mod: PhamNhanTuTien (Phàm Nhân Tu Tiên)	    ttk_qwsk	
[00:00:36]: Mod: PhamNhanTuTien (Phàm Nhân Tu Tiên)	    ttk_qwsk_placer	
[00:00:36]: Mod: PhamNhanTuTien (Phàm Nhân Tu Tiên)	  Registering prefab file: prefabs/ttk_wsjx	
[00:00:36]: Mod: PhamNhanTuTien (Phàm Nhân Tu Tiên)	    ttk_wsjx	
[00:00:36]: Mod: PhamNhanTuTien (Phàm Nhân Tu Tiên)	    ttk_wsjx_placer	
[00:00:36]: Mod: PhamNhanTuTien (Phàm Nhân Tu Tiên)	  Registering prefab file: prefabs/ttk_batch19_garden	
[00:00:36]: Mod: PhamNhanTuTien (Phàm Nhân Tu Tiên)	    ttk_tree_yls	
[00:00:36]: Mod: PhamNhanTuTien (Phàm Nhân Tu Tiên)	    ttk_tree_yls_placer	
[00:00:36]: Mod: PhamNhanTuTien (Phàm Nhân Tu Tiên)	    ttk_flower_sfr	
[00:00:36]: Mod: PhamNhanTuTien (Phàm Nhân Tu Tiên)	    ttk_flower_sfr_placer	
[00:00:36]: Mod: PhamNhanTuTien (Phàm Nhân Tu Tiên)	    ttk_flower_zyh	
[00:00:36]: Mod: PhamNhanTuTien (Phàm Nhân Tu Tiên)	    ttk_flower_zyh_placer	
[00:00:36]: Mod: PhamNhanTuTien (Phàm Nhân Tu Tiên)	    ttk_flower_yl	
[00:00:36]: Mod: PhamNhanTuTien (Phàm Nhân Tu Tiên)	    ttk_flower_yl_placer	
[00:00:36]: Mod: PhamNhanTuTien (Phàm Nhân Tu Tiên)	  Registering prefab file: prefabs/ttk_yunxiao_portable_spicer	
[00:00:36]: Mod: PhamNhanTuTien (Phàm Nhân Tu Tiên)	    ttk_yunxiao_portable_spicer	
[00:00:36]: Mod: PhamNhanTuTien (Phàm Nhân Tu Tiên)	    ttk_yunxiao_portable_spicer_placer	
[00:00:36]: Mod: PhamNhanTuTien (Phàm Nhân Tu Tiên)	  Registering prefab file: prefabs/ttk_ylxc	
[00:00:36]: Mod: PhamNhanTuTien (Phàm Nhân Tu Tiên)	    ttk_ylxc	
[00:00:36]: Mod: PhamNhanTuTien (Phàm Nhân Tu Tiên)	    ttk_ylxc_placer	
[00:00:36]: Mod: PhamNhanTuTien (Phàm Nhân Tu Tiên)	  Registering prefab file: prefabs/ttk_ylxq	
[00:00:36]: Mod: PhamNhanTuTien (Phàm Nhân Tu Tiên)	    ttk_ylxq	
[00:00:36]: Mod: PhamNhanTuTien (Phàm Nhân Tu Tiên)	    ttk_ylxq_placer	
[00:00:36]: Mod: PhamNhanTuTien (Phàm Nhân Tu Tiên)	  Registering prefab file: prefabs/ttk_herbs	
[00:00:36]: Mod: PhamNhanTuTien (Phàm Nhân Tu Tiên)	    ttk_plant_lmg	
[00:00:36]: Mod: PhamNhanTuTien (Phàm Nhân Tu Tiên)	    ttk_lc_lmg	
[00:00:36]: Mod: PhamNhanTuTien (Phàm Nhân Tu Tiên)	    ttk_lc_lmg_seed	
[00:00:36]: Mod: PhamNhanTuTien (Phàm Nhân Tu Tiên)	    ttk_plant_dms	
[00:00:36]: Mod: PhamNhanTuTien (Phàm Nhân Tu Tiên)	    ttk_lc_dms	
[00:00:36]: Mod: PhamNhanTuTien (Phàm Nhân Tu Tiên)	    ttk_lc_dms_seed	
[00:00:36]: Mod: PhamNhanTuTien (Phàm Nhân Tu Tiên)	    ttk_plant_hsc	
[00:00:36]: Mod: PhamNhanTuTien (Phàm Nhân Tu Tiên)	    ttk_lc_hsc	
[00:00:36]: Mod: PhamNhanTuTien (Phàm Nhân Tu Tiên)	    ttk_lc_hsc_seed	
[00:00:36]: Mod: PhamNhanTuTien (Phàm Nhân Tu Tiên)	    ttk_plant_yhh	
[00:00:36]: Mod: PhamNhanTuTien (Phàm Nhân Tu Tiên)	    ttk_lc_yhh	
[00:00:36]: Mod: PhamNhanTuTien (Phàm Nhân Tu Tiên)	    ttk_lc_yhh_seed	
[00:00:36]: Mod: PhamNhanTuTien (Phàm Nhân Tu Tiên)	    ttk_plant_qfx	
[00:00:36]: Mod: PhamNhanTuTien (Phàm Nhân Tu Tiên)	    ttk_lc_qfx	
[00:00:36]: Mod: PhamNhanTuTien (Phàm Nhân Tu Tiên)	    ttk_lc_qfx_seed	
[00:00:36]: Mod: PhamNhanTuTien (Phàm Nhân Tu Tiên)	    ttk_plant_cyh	
[00:00:36]: Mod: PhamNhanTuTien (Phàm Nhân Tu Tiên)	    ttk_lc_cyh	
[00:00:36]: Mod: PhamNhanTuTien (Phàm Nhân Tu Tiên)	    ttk_lc_cyh_seed	
[00:00:36]: Mod: PhamNhanTuTien (Phàm Nhân Tu Tiên)	    ttk_dms_healthregenbuff	
[00:00:36]: Mod: PhamNhanTuTien (Phàm Nhân Tu Tiên)	    ttk_plant_cyh_buff	
[00:00:36]: Mod: PhamNhanTuTien (Phàm Nhân Tu Tiên)	  Registering prefab file: prefabs/ttt_travelable_classified	
[00:00:36]: Mod: PhamNhanTuTien (Phàm Nhân Tu Tiên)	    ttt_travelable_classified	
[00:00:36]: Mod: PhamNhanTuTien (Phàm Nhân Tu Tiên)	  Registering prefab file: prefabs/deluxe_firepit	
[00:00:36]: Mod: PhamNhanTuTien (Phàm Nhân Tu Tiên)	    deluxe_firepit	
[00:00:36]: Mod: PhamNhanTuTien (Phàm Nhân Tu Tiên)	    deluxe_firepit_placer	
[00:00:36]: Mod: PhamNhanTuTien (Phàm Nhân Tu Tiên)	  Registering prefab file: prefabs/deluxe_firepit_fire	
[00:00:36]: Mod: PhamNhanTuTien (Phàm Nhân Tu Tiên)	    deluxe_firepit_fire	
[00:00:36]: Mod: PhamNhanTuTien (Phàm Nhân Tu Tiên)	  Registering prefab file: prefabs/endo_firepit	
[00:00:36]: Mod: PhamNhanTuTien (Phàm Nhân Tu Tiên)	    endo_firepit	
[00:00:36]: Mod: PhamNhanTuTien (Phàm Nhân Tu Tiên)	    endo_firepit_placer	
[00:00:36]: Mod: PhamNhanTuTien (Phàm Nhân Tu Tiên)	  Registering prefab file: prefabs/endo_firepit_fire	
[00:00:36]: Mod: PhamNhanTuTien (Phàm Nhân Tu Tiên)	    endo_firepit_fire	
[00:00:36]: Mod: PhamNhanTuTien (Phàm Nhân Tu Tiên)	  Registering prefab file: prefabs/ice_star	
[00:00:36]: Mod: PhamNhanTuTien (Phàm Nhân Tu Tiên)	    ice_star	
[00:00:36]: Mod: PhamNhanTuTien (Phàm Nhân Tu Tiên)	    ice_star_placer	
[00:00:36]: Mod: PhamNhanTuTien (Phàm Nhân Tu Tiên)	  Registering prefab file: prefabs/ice_star_flame	
[00:00:36]: Mod: PhamNhanTuTien (Phàm Nhân Tu Tiên)	    ice_star_flame	
[00:00:36]: Mod: PhamNhanTuTien (Phàm Nhân Tu Tiên)	  Registering prefab file: prefabs/heat_star	
[00:00:36]: Mod: PhamNhanTuTien (Phàm Nhân Tu Tiên)	    heat_star	
[00:00:36]: Mod: PhamNhanTuTien (Phàm Nhân Tu Tiên)	    heat_star_placer	
[00:00:36]: Mod: PhamNhanTuTien (Phàm Nhân Tu Tiên)	  Registering prefab file: prefabs/heat_star_flame	
[00:00:36]: Mod: PhamNhanTuTien (Phàm Nhân Tu Tiên)	    heat_star_flame	
[00:00:36]: Mod: PhamNhanTuTien (Phàm Nhân Tu Tiên)	  Registering prefab file: prefabs/ttk_chuongthienbinh	
[00:00:36]: Mod: PhamNhanTuTien (Phàm Nhân Tu Tiên)	    ttk_chuongthienbinh	
[00:00:36]: Mod: PhamNhanTuTien (Phàm Nhân Tu Tiên)	  Registering prefab file: prefabs/ttk_zcmj	
[00:00:36]: Mod: PhamNhanTuTien (Phàm Nhân Tu Tiên)	    ttk_zcmj	
[00:00:36]: Mod: PhamNhanTuTien (Phàm Nhân Tu Tiên)	    ttk_zcmj_forcefield	
[00:00:36]: Mod: PhamNhanTuTien (Phàm Nhân Tu Tiên)	  Registering prefab file: prefabs/ttk_xshj	
[00:00:36]: Mod: PhamNhanTuTien (Phàm Nhân Tu Tiên)	    ttk_xshj	
[00:00:36]: Mod: PhamNhanTuTien (Phàm Nhân Tu Tiên)	  Registering prefab file: prefabs/ttk_yunxiao_ymsz	
[00:00:36]: Mod: PhamNhanTuTien (Phàm Nhân Tu Tiên)	    ttk_yunxiao_ymsz	
[00:00:36]: Mod: PhamNhanTuTien (Phàm Nhân Tu Tiên)	  Registering prefab file: prefabs/ttk_tianji	
[00:00:36]: Mod: PhamNhanTuTien (Phàm Nhân Tu Tiên)	    ttk_tianjiwu	
[00:00:36]: Mod: PhamNhanTuTien (Phàm Nhân Tu Tiên)	    ttk_tianji_juanzhou	
[00:00:36]: Mod: PhamNhanTuTien (Phàm Nhân Tu Tiên)	    ttk_tianji_lingpai	
[00:00:36]: Mod: PhamNhanTuTien (Phàm Nhân Tu Tiên)	    ttk_tianji_juanzhou_placer	
[00:00:36]: Mod: PhamNhanTuTien (Phàm Nhân Tu Tiên)	  Registering prefab file: prefabs/ttk_tianji_interior	
[00:00:36]: Mod: PhamNhanTuTien (Phàm Nhân Tu Tiên)	    ttk_tianji_room	
[00:00:36]: Mod: PhamNhanTuTien (Phàm Nhân Tu Tiên)	    ttk_tianji_wall	
[00:00:36]: Mod: PhamNhanTuTien (Phàm Nhân Tu Tiên)	    ttk_tianji_exit	
[00:00:36]: Mod: PhamNhanTuTien (Phàm Nhân Tu Tiên)	    ttk_tianji_floor	
[00:00:36]: Mod: PhamNhanTuTien (Phàm Nhân Tu Tiên)	    ttk_tianji_wallpaper	
[00:00:36]: Mod: PhamNhanTuTien (Phàm Nhân Tu Tiên)	    ttk_tianji_doorart	
[00:00:36]: Mod: PhamNhanTuTien (Phàm Nhân Tu Tiên)	    ttk_tianji_decals	
[00:00:36]: Mod: PhamNhanTuTien (Phàm Nhân Tu Tiên)	  Registering prefab file: prefabs/ttk_zzxhcx	
[00:00:36]: Mod: PhamNhanTuTien (Phàm Nhân Tu Tiên)	    ttk_zzxhcx	
[00:00:36]: Mod: PhamNhanTuTien (Phàm Nhân Tu Tiên)	    ttk_zzxhcx_placer	
[00:00:36]: Mod: PhamNhanTuTien (Phàm Nhân Tu Tiên)	  Registering prefab file: prefabs/ttk_lycx	
[00:00:36]: Mod: PhamNhanTuTien (Phàm Nhân Tu Tiên)	    ttk_lycx	
[00:00:36]: Mod: PhamNhanTuTien (Phàm Nhân Tu Tiên)	    ttk_lycx_placer	
[00:00:36]: Mod: PhamNhanTuTien (Phàm Nhân Tu Tiên)	  Registering prefab file: prefabs/ttk_spiderden	
[00:00:36]: Mod: PhamNhanTuTien (Phàm Nhân Tu Tiên)	    ttk_spiderden	
[00:00:36]: Mod: PhamNhanTuTien (Phàm Nhân Tu Tiên)	    ttk_spiderden_placer	
[00:00:36]: Mod: PhamNhanTuTien (Phàm Nhân Tu Tiên)	  Registering prefab file: prefabs/ttk_pog	
[00:00:36]: Mod: PhamNhanTuTien (Phàm Nhân Tu Tiên)	    ttk_pog	
[00:00:36]: Mod: PhamNhanTuTien (Phàm Nhân Tu Tiên)	    ttk_pog_fire	
[00:00:36]: Mod: PhamNhanTuTien (Phàm Nhân Tu Tiên)	    ttk_pog_house	
[00:00:36]: Mod: PhamNhanTuTien (Phàm Nhân Tu Tiên)	    ttk_pog_house_placer	
[00:00:36]: Mod: PhamNhanTuTien (Phàm Nhân Tu Tiên)	  Registering prefab file: prefabs/ttk_stool	
[00:00:36]: Mod: PhamNhanTuTien (Phàm Nhân Tu Tiên)	    ttk_stool	
[00:00:36]: Mod: PhamNhanTuTien (Phàm Nhân Tu Tiên)	    ttk_stool_placer	
[00:00:36]: Mod: PhamNhanTuTien (Phàm Nhân Tu Tiên)	  Registering prefab file: prefabs/ttk_bearger	
[00:00:36]: Mod: PhamNhanTuTien (Phàm Nhân Tu Tiên)	    ttk_bearger	
[00:00:36]: Mod: PhamNhanTuTien (Phàm Nhân Tu Tiên)	  Registering prefab file: prefabs/ttk_dragonfly	
[00:00:36]: Mod: PhamNhanTuTien (Phàm Nhân Tu Tiên)	    ttk_dragonfly	
[00:00:36]: Mod: PhamNhanTuTien (Phàm Nhân Tu Tiên)	  Registering prefab file: prefabs/ttk_spider	
[00:00:36]: Mod: PhamNhanTuTien (Phàm Nhân Tu Tiên)	    ttk_spider	
[00:00:36]: Mod: PhamNhanTuTien (Phàm Nhân Tu Tiên)	    ttk_spider_pro	
[00:00:36]: Mod: PhamNhanTuTien (Phàm Nhân Tu Tiên)	    ttk_slow_buff_ent	
[00:00:36]: Mod: PhamNhanTuTien (Phàm Nhân Tu Tiên)	  Registering prefab file: prefabs/ttk_batch19_houseitems	
[00:00:36]: Mod: PhamNhanTuTien (Phàm Nhân Tu Tiên)	    ttk_npxsz	
[00:00:36]: Mod: PhamNhanTuTien (Phàm Nhân Tu Tiên)	    ttk_spider_leg	
[00:00:36]: Mod: PhamNhanTuTien (Phàm Nhân Tu Tiên)	    ttk_pog_tail	
[00:00:36]: Mod: PhamNhanTuTien (Phàm Nhân Tu Tiên)	    ttk_spider_puff_front	
[00:00:36]: Mod: PhamNhanTuTien (Phàm Nhân Tu Tiên)	    ttk_spider_puff_back	
[00:00:36]: Mod: PhamNhanTuTien (Phàm Nhân Tu Tiên)	    ttk_slow_buff	
[00:00:36]: Mod: PhamNhanTuTien (Phàm Nhân Tu Tiên)	    ttk_pog_fire_buff	
[00:00:36]: Mod: PhamNhanTuTien (Phàm Nhân Tu Tiên)	  Registering prefab file: prefabs/ttk_tianji_byj	
[00:00:36]: Mod: PhamNhanTuTien (Phàm Nhân Tu Tiên)	    ttk_tianjiwu_baihufx	
[00:00:36]: Mod: PhamNhanTuTien (Phàm Nhân Tu Tiên)	  Registering prefab file: prefabs/ttk_choujiangji	
[00:00:36]: Mod: PhamNhanTuTien (Phàm Nhân Tu Tiên)	    ttk_choujiangji	
[00:00:36]: Mod: PhamNhanTuTien (Phàm Nhân Tu Tiên)	    ttk_choujiangji_placer	
[00:00:36]: Mod: PhamNhanTuTien (Phàm Nhân Tu Tiên)	  Registering prefab file: prefabs/ttk_yhsyz	
[00:00:36]: Mod: PhamNhanTuTien (Phàm Nhân Tu Tiên)	    ttk_yhsyz	
[00:00:36]: Mod: PhamNhanTuTien (Phàm Nhân Tu Tiên)	  Registering prefab file: prefabs/ttk_hyc	
[00:00:36]: Mod: PhamNhanTuTien (Phàm Nhân Tu Tiên)	    ttk_hyc	
[00:00:36]: Mod: PhamNhanTuTien (Phàm Nhân Tu Tiên)	    ttk_hyc_placer	
[00:00:36]: Mod: PhamNhanTuTien (Phàm Nhân Tu Tiên)	  Registering prefab file: prefabs/ttk_hmsw	
[00:00:36]: Mod: PhamNhanTuTien (Phàm Nhân Tu Tiên)	    ttk_hmsw	
[00:00:36]: Mod: PhamNhanTuTien (Phàm Nhân Tu Tiên)	    ttk_hmsw_placer	
[00:00:36]: Mod: PhamNhanTuTien (Phàm Nhân Tu Tiên)	  Registering prefab file: prefabs/ttk_spirit_mines	
[00:00:36]: Mod: PhamNhanTuTien (Phàm Nhân Tu Tiên)	    ttk_rock1	
[00:00:36]: Mod: PhamNhanTuTien (Phàm Nhân Tu Tiên)	    ttk_rock2	
[00:00:36]: Mod: PhamNhanTuTien (Phàm Nhân Tu Tiên)	    ttk_rock3	
[00:00:36]: Mod: PhamNhanTuTien (Phàm Nhân Tu Tiên)	    ttk_rock1_placer	
[00:00:36]: Mod: PhamNhanTuTien (Phàm Nhân Tu Tiên)	    ttk_rock2_placer	
[00:00:36]: Mod: PhamNhanTuTien (Phàm Nhân Tu Tiên)	    ttk_rock3_placer	
[00:00:36]: Mod: PhamNhanTuTien (Phàm Nhân Tu Tiên)	  Registering prefab file: prefabs/ttk_spirit_workshop	
[00:00:36]: Mod: PhamNhanTuTien (Phàm Nhân Tu Tiên)	    ttk_spirit_workshop	
[00:00:36]: Mod: PhamNhanTuTien (Phàm Nhân Tu Tiên)	    ttk_spirit_workshop_placer	
[00:00:36]: Mod: PhamNhanTuTien (Phàm Nhân Tu Tiên)	  Registering prefab file: prefabs/hh_dungeon_potion	
[00:00:36]: Mod: PhamNhanTuTien (Phàm Nhân Tu Tiên)	    hh_dungeon_potion	
[00:00:36]: Mod: PhamNhanTuTien (Phàm Nhân Tu Tiên)	    hh_thuoc_suc_manh	
[00:00:36]: Mod: PhamNhanTuTien (Phàm Nhân Tu Tiên)	    hh_thuoc_phong_toc	
[00:00:36]: Mod: PhamNhanTuTien (Phàm Nhân Tu Tiên)	    hh_thuoc_lien_kich	
[00:00:36]: Mod: PhamNhanTuTien (Phàm Nhân Tu Tiên)	    hh_thuoc_ho_the	
[00:00:36]: Mod: PhamNhanTuTien (Phàm Nhân Tu Tiên)	    hh_thuoc_sinh_menh	
[00:00:36]: Mod: PhamNhanTuTien (Phàm Nhân Tu Tiên)	    hh_thuoc_tai_sinh	
[00:00:36]: Mod: PhamNhanTuTien (Phàm Nhân Tu Tiên)	    hh_thuoc_tinh_tam	
[00:00:36]: Mod: PhamNhanTuTien (Phàm Nhân Tu Tiên)	    hh_thuoc_ma_luc	
[00:00:36]: Mod: PhamNhanTuTien (Phàm Nhân Tu Tiên)	    hh_thuoc_tiet_ma	
[00:00:36]: Mod: PhamNhanTuTien (Phàm Nhân Tu Tiên)	    hh_thuoc_hoc_gia	
[00:00:36]: Mod: PhamNhanTuTien (Phàm Nhân Tu Tiên)	    hh_thuoc_chinh_phat	
[00:00:36]: Mod: PhamNhanTuTien (Phàm Nhân Tu Tiên)	    hh_thuoc_bao_kich	
[00:00:36]: Mod: PhamNhanTuTien (Phàm Nhân Tu Tiên)	    hh_thuoc_hap_huyet	
[00:00:36]: Mod: PhamNhanTuTien (Phàm Nhân Tu Tiên)	    hh_thuoc_khang_the	
[00:00:36]: Mod: PhamNhanTuTien (Phàm Nhân Tu Tiên)	    hh_thuoc_toan_nang	
[00:00:36]: Mod: PhamNhanTuTien (Phàm Nhân Tu Tiên)	    hh_hac_duoc_sinh_menh	
[00:00:36]: Mod: PhamNhanTuTien (Phàm Nhân Tu Tiên)	    hh_hac_duoc_cong_kich	
[00:00:36]: Mod: PhamNhanTuTien (Phàm Nhân Tu Tiên)	    hh_hac_duoc_phong_ngu	
[00:00:36]: Mod: PhamNhanTuTien (Phàm Nhân Tu Tiên)	    hh_hac_duoc_toc_hanh	
[00:00:36]: Mod: PhamNhanTuTien (Phàm Nhân Tu Tiên)	    hh_hac_duoc_lien_kich	
[00:00:36]: Mod: PhamNhanTuTien (Phàm Nhân Tu Tiên)	    hh_hac_duoc_tai_sinh	
[00:00:36]: Mod: PhamNhanTuTien (Phàm Nhân Tu Tiên)	    hh_igris_thiet_ve	
[00:00:36]: Mod: PhamNhanTuTien (Phàm Nhân Tu Tiên)	    hh_igris_khieu_khich	
[00:00:36]: Mod: PhamNhanTuTien (Phàm Nhân Tu Tiên)	    hh_beru_san_boss	
[00:00:36]: Mod: PhamNhanTuTien (Phàm Nhân Tu Tiên)	    hh_beru_hap_huyet	
[00:00:36]: Mod: PhamNhanTuTien (Phàm Nhân Tu Tiên)	    hh_fruitfly_mo_rong	
[00:00:36]: Mod: PhamNhanTuTien (Phàm Nhân Tu Tiên)	    hh_fruitfly_cham_soc	
[00:00:36]: Mod: PhamNhanTuTien (Phàm Nhân Tu Tiên)	    hh_mac_anh_lao_dong	
[00:00:36]: Mod: PhamNhanTuTien (Phàm Nhân Tu Tiên)	    hh_quan_doan_tiet_ma	
[00:00:36]: Mod: PhamNhanTuTien (Phàm Nhân Tu Tiên)	    hh_den_ham_nguc	
[00:00:36]: Mod: PhamNhanTuTien (Phàm Nhân Tu Tiên)	    hh_sua_vu_khi	
[00:00:36]: Mod: PhamNhanTuTien (Phàm Nhân Tu Tiên)	    hh_bo_sua_giap	
[00:00:36]: Mod: PhamNhanTuTien (Phàm Nhân Tu Tiên)	    hh_bua_hoi_chieu	
[00:00:36]: Mod: PhamNhanTuTien (Phàm Nhân Tu Tiên)	    hh_bua_tu_nhat	
[00:00:36]: Mod: PhamNhanTuTien (Phàm Nhân Tu Tiên)	    hh_tui_tiep_te	
[00:00:36]: Mod: PhamNhanTuTien (Phàm Nhân Tu Tiên)	    hh_trai_da_chien	
[00:00:36]: Mod: PhamNhanTuTien (Phàm Nhân Tu Tiên)	    hh_bo_chong_lanh	
[00:00:36]: Mod: PhamNhanTuTien (Phàm Nhân Tu Tiên)	    hh_bo_chong_nong	
[00:00:36]: Mod: PhamNhanTuTien (Phàm Nhân Tu Tiên)	    hh_bua_lao_dong	
[00:00:36]: Mod: PhamNhanTuTien (Phàm Nhân Tu Tiên)	    hh_may_thu_do	
[00:00:36]: Mod: PhamNhanTuTien (Phàm Nhân Tu Tiên)	    hh_nang_cap_tui	
[00:00:36]: Mod: PhamNhanTuTien (Phàm Nhân Tu Tiên)	    hh_khau_phan_an	
[00:00:36]: Mod: PhamNhanTuTien (Phàm Nhân Tu Tiên)	    hh_quang_minh_thach	
[00:00:36]: Mod: PhamNhanTuTien (Phàm Nhân Tu Tiên)	    hh_bua_ben_bi	
[00:00:36]: Mod: PhamNhanTuTien (Phàm Nhân Tu Tiên)	    hh_phieu_bo_sung	
[00:00:36]: Mod: PhamNhanTuTien (Phàm Nhân Tu Tiên)	    hh_da_chuyen_sinh	
[00:00:36]: Mod: PhamNhanTuTien (Phàm Nhân Tu Tiên)	  Registering prefab file: prefabs/guild_staff	
[00:00:36]: Mod: PhamNhanTuTien (Phàm Nhân Tu Tiên)	    guild_staff	
[00:00:36]: Mod: PhamNhanTuTien (Phàm Nhân Tu Tiên)	    guild_staff_mapicon	
[00:00:36]: Mod: PhamNhanTuTien (Phàm Nhân Tu Tiên)	  Registering prefab file: prefabs/hh_guild_complete_fx	
[00:00:36]: Mod: PhamNhanTuTien (Phàm Nhân Tu Tiên)	    hh_guild_complete_fx	
[00:00:36]: Mod: PhamNhanTuTien (Phàm Nhân Tu Tiên)	  Registering prefab file: prefabs/hh_macanh_shadow	
[00:00:36]: Mod: PhamNhanTuTien (Phàm Nhân Tu Tiên)	    hh_macanh_shadow	
[00:00:36]: Mod: PhamNhanTuTien (Phàm Nhân Tu Tiên)	    hh_macanh_shadow_globalicon	
[00:00:36]: Mod: PhamNhanTuTien (Phàm Nhân Tu Tiên)	    hh_macanh_shadow_revealableicon	
[00:00:36]: Mod: PhamNhanTuTien (Phàm Nhân Tu Tiên)	  Registering prefab file: prefabs/hh_hacanh_shadow	
[00:00:36]: Mod: PhamNhanTuTien (Phàm Nhân Tu Tiên)	    hh_hacanh_shadow	
[00:00:36]: Mod: PhamNhanTuTien (Phàm Nhân Tu Tiên)	    hh_hacanh_shadow_globalicon	
[00:00:36]: Mod: PhamNhanTuTien (Phàm Nhân Tu Tiên)	    hh_hacanh_shadow_revealableicon	
[00:00:36]: Mod: PhamNhanTuTien (Phàm Nhân Tu Tiên)	  Registering prefab file: prefabs/dungeon_wall_ruins	
[00:00:36]: Mod: PhamNhanTuTien (Phàm Nhân Tu Tiên)	    dungeon_wall_ruins	
[00:00:36]: Mod: PhamNhanTuTien (Phàm Nhân Tu Tiên)	  Registering prefab file: prefabs/dungeon_gate	
[00:00:36]: Mod: PhamNhanTuTien (Phàm Nhân Tu Tiên)	    dungeon_gate	
[00:00:36]: Mod: PhamNhanTuTien (Phàm Nhân Tu Tiên)	  Registering prefab file: prefabs/dungeon_exit	
[00:00:36]: Mod: PhamNhanTuTien (Phàm Nhân Tu Tiên)	    dungeon_exit	
[00:00:36]: Mod: PhamNhanTuTien (Phàm Nhân Tu Tiên)	  Registering prefab file: prefabs/hh_fx	
[00:00:36]: Mod: PhamNhanTuTien (Phàm Nhân Tu Tiên)	    hh_common_fx	
[00:00:36]: Mod: PhamNhanTuTien (Phàm Nhân Tu Tiên)	    hh_indicator_fx	
[00:00:36]: Mod: PhamNhanTuTien (Phàm Nhân Tu Tiên)	    hh_project_fx	
[00:00:36]: Mod: PhamNhanTuTien (Phàm Nhân Tu Tiên)	    hh_bow_project	
[00:00:36]: Mod: PhamNhanTuTien (Phàm Nhân Tu Tiên)	    hh_superlight_fx	
[00:00:36]: Mod: PhamNhanTuTien (Phàm Nhân Tu Tiên)	    sparks2_fx	
[00:00:36]: Mod: PhamNhanTuTien (Phàm Nhân Tu Tiên)	    ice_bounce_fx	
[00:00:36]: Mod: PhamNhanTuTien (Phàm Nhân Tu Tiên)	    sparks1_fx	
[00:00:36]: Mod: PhamNhanTuTien (Phàm Nhân Tu Tiên)	    hh_light_fx	
[00:00:36]: Mod: PhamNhanTuTien (Phàm Nhân Tu Tiên)	    fx1	
[00:00:36]: Mod: PhamNhanTuTien (Phàm Nhân Tu Tiên)	    fx2	
[00:00:36]: Mod: PhamNhanTuTien (Phàm Nhân Tu Tiên)	    fx3	
[00:00:36]: Mod: PhamNhanTuTien (Phàm Nhân Tu Tiên)	  Registering prefab file: prefabs/hh_prefabs	
[00:00:36]: Mod: PhamNhanTuTien (Phàm Nhân Tu Tiên)	    hh_ui_container	
[00:00:36]: Mod: PhamNhanTuTien (Phàm Nhân Tu Tiên)	    hh_forge_container	
[00:00:36]: Mod: PhamNhanTuTien (Phàm Nhân Tu Tiên)	    hh_monarch_storage_container	
[00:00:36]: Mod: PhamNhanTuTien (Phàm Nhân Tu Tiên)	    hh_effect_stone	
[00:00:36]: Mod: PhamNhanTuTien (Phàm Nhân Tu Tiên)	    hh_effect_tally	
[00:00:36]: Mod: PhamNhanTuTien (Phàm Nhân Tu Tiên)	    hh_remove_stone	
[00:00:36]: Mod: PhamNhanTuTien (Phàm Nhân Tu Tiên)	    hh_essence	
[00:00:36]: Mod: PhamNhanTuTien (Phàm Nhân Tu Tiên)	    hh_tips	
[00:00:36]: Mod: PhamNhanTuTien (Phàm Nhân Tu Tiên)	    wb_enhancegem	
[00:00:36]: Mod: PhamNhanTuTien (Phàm Nhân Tu Tiên)	    nn_cloud	
[00:00:36]: Mod: PhamNhanTuTien (Phàm Nhân Tu Tiên)	    nn_livingstaff_flower	
[00:00:36]: Mod: PhamNhanTuTien (Phàm Nhân Tu Tiên)	    nn_livingstaff_projectile	
[00:00:36]: Mod: PhamNhanTuTien (Phàm Nhân Tu Tiên)	    nn_freeze	
[00:00:36]: Mod: PhamNhanTuTien (Phàm Nhân Tu Tiên)	    nn_meteor	
[00:00:36]: Mod: PhamNhanTuTien (Phàm Nhân Tu Tiên)	    nn_base	
[00:00:36]: Mod: PhamNhanTuTien (Phàm Nhân Tu Tiên)	    nn_splash	
[00:00:36]: Mod: PhamNhanTuTien (Phàm Nhân Tu Tiên)	    forginghammer_crackle_fx	
[00:00:36]: Mod: PhamNhanTuTien (Phàm Nhân Tu Tiên)	    forginghammer_cracklebase_fx	
[00:00:36]: Mod: PhamNhanTuTien (Phàm Nhân Tu Tiên)	    hh_van_nang_trao	
[00:00:36]: Mod: PhamNhanTuTien (Phàm Nhân Tu Tiên)	    hh_fx_text	
[00:00:36]: Mod: PhamNhanTuTien (Phàm Nhân Tu Tiên)	    hh_levelup_text	
[00:00:36]: Mod: PhamNhanTuTien (Phàm Nhân Tu Tiên)	  Registering prefab file: prefabs/hh_hac_nguyet_ho	
[00:00:36]: Mod: PhamNhanTuTien (Phàm Nhân Tu Tiên)	    hh_hac_nguyet_ho	
[00:00:36]: Mod: PhamNhanTuTien (Phàm Nhân Tu Tiên)	    hh_hac_nguyet_ho_placer	
[00:00:36]: Mod: PhamNhanTuTien (Phàm Nhân Tu Tiên)	  Registering prefab file: prefabs/rock_treasure	
[00:00:36]: Mod: PhamNhanTuTien (Phàm Nhân Tu Tiên)	    rock_treasure	
[00:00:36]: Mod: PhamNhanTuTien (Phàm Nhân Tu Tiên)	  Registering prefab file: prefabs/hh_laser	
[00:00:36]: Mod: PhamNhanTuTien (Phàm Nhân Tu Tiên)	    hh_deerclops_laser	
[00:00:36]: Mod: PhamNhanTuTien (Phàm Nhân Tu Tiên)	    hh_deerclops_laserempty	
[00:00:36]: Mod: PhamNhanTuTien (Phàm Nhân Tu Tiên)	    hh_deerclops_laserscorch	
[00:00:36]: Mod: PhamNhanTuTien (Phàm Nhân Tu Tiên)	    hh_deerclops_lasertrail	
[00:00:36]: Mod: PhamNhanTuTien (Phàm Nhân Tu Tiên)	    hh_deerclops_laserhit	
[00:00:36]: Mod: PhamNhanTuTien (Phàm Nhân Tu Tiên)	  Registering prefab file: prefabs/hh_weapon	
[00:00:36]: Mod: PhamNhanTuTien (Phàm Nhân Tu Tiên)	    hh_daogam5	
[00:00:36]: Mod: PhamNhanTuTien (Phàm Nhân Tu Tiên)	    hh_daogam3	
[00:00:36]: Mod: PhamNhanTuTien (Phàm Nhân Tu Tiên)	    hh_quat_long_vu	
[00:00:36]: Mod: PhamNhanTuTien (Phàm Nhân Tu Tiên)	    hh_daogam4	
[00:00:36]: Mod: PhamNhanTuTien (Phàm Nhân Tu Tiên)	  Registering prefab file: prefabs/hh_build	
[00:00:36]: Mod: PhamNhanTuTien (Phàm Nhân Tu Tiên)	    hh_suit_build	
[00:00:36]: Mod: PhamNhanTuTien (Phàm Nhân Tu Tiên)	    hh_suit_build_placer	
[00:00:36]: Mod: PhamNhanTuTien (Phàm Nhân Tu Tiên)	  Registering prefab file: prefabs/hh_lz_fx	
[00:00:36]: Mod: PhamNhanTuTien (Phàm Nhân Tu Tiên)	    hh_fx_star_red	
[00:00:36]: Mod: PhamNhanTuTien (Phàm Nhân Tu Tiên)	    hh_ball_fx_blue	
[00:00:36]: Mod: PhamNhanTuTien (Phàm Nhân Tu Tiên)	    hh_turret_fx_poison	
[00:00:36]: Mod: PhamNhanTuTien (Phàm Nhân Tu Tiên)	    hh_ball_fx_orange	
[00:00:36]: Mod: PhamNhanTuTien (Phàm Nhân Tu Tiên)	    hh_fx_star_blue	
[00:00:36]: Mod: PhamNhanTuTien (Phàm Nhân Tu Tiên)	    hh_ball_fx_green	
[00:00:36]: Mod: PhamNhanTuTien (Phàm Nhân Tu Tiên)	    hh_fx_star_green	
[00:00:36]: Mod: PhamNhanTuTien (Phàm Nhân Tu Tiên)	    hh_fx_star_orange	
[00:00:36]: Mod: PhamNhanTuTien (Phàm Nhân Tu Tiên)	    hh_fx_star_purple	
[00:00:36]: Mod: PhamNhanTuTien (Phàm Nhân Tu Tiên)	    hh_fx_star_yellow	
[00:00:36]: Mod: PhamNhanTuTien (Phàm Nhân Tu Tiên)	    hh_turret_fx_ice	
[00:00:36]: Mod: PhamNhanTuTien (Phàm Nhân Tu Tiên)	    hh_fx_star_white	
[00:00:36]: Mod: PhamNhanTuTien (Phàm Nhân Tu Tiên)	    hh_ball_fx_purple	
[00:00:36]: Mod: PhamNhanTuTien (Phàm Nhân Tu Tiên)	    hh_ball_fx_red	
[00:00:36]: Mod: PhamNhanTuTien (Phàm Nhân Tu Tiên)	    hh_turret_fx_fire	
[00:00:36]: Mod: PhamNhanTuTien (Phàm Nhân Tu Tiên)	    hh_sparkle_fx	
[00:00:36]: Mod: PhamNhanTuTien (Phàm Nhân Tu Tiên)	  Registering prefab file: prefabs/hh_com_prefab	
[00:00:36]: Mod: PhamNhanTuTien (Phàm Nhân Tu Tiên)	    hh_wing_fx	
[00:00:36]: Mod: PhamNhanTuTien (Phàm Nhân Tu Tiên)	    hh_treasure_tally	
[00:00:36]: Mod: PhamNhanTuTien (Phàm Nhân Tu Tiên)	    hh_shark_ice_fx	
[00:00:36]: Mod: PhamNhanTuTien (Phàm Nhân Tu Tiên)	    hh_treasure_build	
[00:00:36]: Mod: PhamNhanTuTien (Phàm Nhân Tu Tiên)	    hh_treasure_text	
[00:00:36]: Mod: PhamNhanTuTien (Phàm Nhân Tu Tiên)	    hh_duck_box	
[00:00:36]: Mod: PhamNhanTuTien (Phàm Nhân Tu Tiên)	    hh_cat_box	
[00:00:36]: Mod: PhamNhanTuTien (Phàm Nhân Tu Tiên)	    hh_footprint_fz_fx	
[00:00:36]: Mod: PhamNhanTuTien (Phàm Nhân Tu Tiên)	    hh_shark_ice_start_fx	
[00:00:36]: Mod: PhamNhanTuTien (Phàm Nhân Tu Tiên)	  Registering prefab file: prefabs/hh_boss	
[00:00:36]: Mod: PhamNhanTuTien (Phàm Nhân Tu Tiên)	    hh_beetle_pig	
[00:00:36]: Mod: PhamNhanTuTien (Phàm Nhân Tu Tiên)	    hh_igris_dungeon	
[00:00:36]: Mod: PhamNhanTuTien (Phàm Nhân Tu Tiên)	    hh_sharkboi	
[00:00:36]: Mod: PhamNhanTuTien (Phàm Nhân Tu Tiên)	    hh_dual_wield_pig	
[00:00:36]: Mod: PhamNhanTuTien (Phàm Nhân Tu Tiên)	  Registering prefab file: prefabs/hh_beru_dungeon	
[00:00:36]: Mod: PhamNhanTuTien (Phàm Nhân Tu Tiên)	    hh_beru_dungeon	
[00:00:36]: Mod: PhamNhanTuTien (Phàm Nhân Tu Tiên)	  Registering prefab file: prefabs/hh_shadows	
[00:00:36]: Mod: PhamNhanTuTien (Phàm Nhân Tu Tiên)	    hh_igris_shadow	
[00:00:36]: Mod: PhamNhanTuTien (Phàm Nhân Tu Tiên)	    hh_corpse_igris	
[00:00:36]: Mod: PhamNhanTuTien (Phàm Nhân Tu Tiên)	    hh_beru_shadow	
[00:00:36]: Mod: PhamNhanTuTien (Phàm Nhân Tu Tiên)	    hh_corpse_beru	
[00:00:36]: Mod: PhamNhanTuTien (Phàm Nhân Tu Tiên)	  Registering prefab file: prefabs/hh_fruitfly_shadow	
[00:00:36]: Mod: PhamNhanTuTien (Phàm Nhân Tu Tiên)	    hh_fruitfly_shadow	
[00:00:36]: Mod: PhamNhanTuTien (Phàm Nhân Tu Tiên)	    hh_corpse_fruitfly	
[00:00:36]: Mod: PhamNhanTuTien (Phàm Nhân Tu Tiên)	    hh_fruitfly_shadow_globalicon	
[00:00:36]: Mod: PhamNhanTuTien (Phàm Nhân Tu Tiên)	    hh_fruitfly_shadow_revealableicon	
[00:00:36]: Mod: PhamNhanTuTien (Phàm Nhân Tu Tiên)	  Registering prefab file: prefabs/hh_shadow_swap_grab_fx	
[00:00:36]: Mod: PhamNhanTuTien (Phàm Nhân Tu Tiên)	    hh_shadow_swap_grab_fx	
[00:00:36]: Mod: PhamNhanTuTien (Phàm Nhân Tu Tiên)	  Registering prefab file: prefabs/hh_daily_slot_lock	
[00:00:36]: Mod: PhamNhanTuTien (Phàm Nhân Tu Tiên)	    hh_daily_slot_lock_hands	
[00:00:36]: Mod: PhamNhanTuTien (Phàm Nhân Tu Tiên)	    hh_daily_slot_lock_head	
[00:00:36]: Mod: PhamNhanTuTien (Phàm Nhân Tu Tiên)	    hh_daily_slot_lock_body	
[00:00:36]: Mod: PhamNhanTuTien (Phàm Nhân Tu Tiên)	  Registering prefab file: prefabs/hh_lo_ren	
[00:00:36]: Mod: PhamNhanTuTien (Phàm Nhân Tu Tiên)	    hh_lo_ren	
[00:00:36]: Mod: PhamNhanTuTien (Phàm Nhân Tu Tiên)	    hh_lo_ren_placer	
[00:00:36]: Mod: PhamNhanTuTien (Phàm Nhân Tu Tiên)	  Registering prefab file: prefabs/wb_strengthen_levelpaper	
[00:00:36]: Mod: PhamNhanTuTien (Phàm Nhân Tu Tiên)	    wb_strengthen_levelpaper_container	
[00:00:36]: Mod: PhamNhanTuTien (Phàm Nhân Tu Tiên)	    wb_strengthen_levelpaper_bundle	
[00:00:36]: Mod: PhamNhanTuTien (Phàm Nhân Tu Tiên)	    wb_strengthen_levelpaper_bundle_test	
[00:00:36]: Mod: PhamNhanTuTien (Phàm Nhân Tu Tiên)	    lv_5	
[00:00:36]: Mod: PhamNhanTuTien (Phàm Nhân Tu Tiên)	    lv_7	
[00:00:36]: Mod: PhamNhanTuTien (Phàm Nhân Tu Tiên)	    lv_9	
[00:00:36]: Mod: PhamNhanTuTien (Phàm Nhân Tu Tiên)	    lv_11	
[00:00:36]: Mod: PhamNhanTuTien (Phàm Nhân Tu Tiên)	    lv_13	
[00:00:36]: Mod: PhamNhanTuTien (Phàm Nhân Tu Tiên)	    wb_strengthen_strengthen_6_levelpaper	
[00:00:36]: Mod: PhamNhanTuTien (Phàm Nhân Tu Tiên)	    wb_strengthen_strengthen_7_levelpaper	
[00:00:36]: Mod: PhamNhanTuTien (Phàm Nhân Tu Tiên)	    wb_strengthen_strengthen_8_levelpaper	
[00:00:36]: Mod: PhamNhanTuTien (Phàm Nhân Tu Tiên)	    wb_strengthen_strengthen_9_levelpaper	
[00:00:36]: Mod: PhamNhanTuTien (Phàm Nhân Tu Tiên)	    wb_strengthen_strengthen_10_levelpaper	
[00:00:36]: Mod: PhamNhanTuTien (Phàm Nhân Tu Tiên)	    wb_strengthen_strengthen_11_levelpaper	
[00:00:36]: Mod: PhamNhanTuTien (Phàm Nhân Tu Tiên)	    wb_strengthen_strengthen_12_levelpaper	
[00:00:36]: Mod: PhamNhanTuTien (Phàm Nhân Tu Tiên)	  Registering prefab file: prefabs/wb_strengthen_protectpaper	
[00:00:36]: Mod: PhamNhanTuTien (Phàm Nhân Tu Tiên)	    wb_strengthen_strengthen_protectpaper	
[00:00:36]: Mod: PhamNhanTuTien (Phàm Nhân Tu Tiên)	  Registering prefab file: prefabs/wb_strengthen_food	
[00:00:36]: Mod: PhamNhanTuTien (Phàm Nhân Tu Tiên)	    nn_liquidluck	
[00:00:36]: Mod: PhamNhanTuTien (Phàm Nhân Tu Tiên)	    nn_liquidluck_buff	
[00:00:36]: Mod: PhamNhanTuTien (Phàm Nhân Tu Tiên)	    nn_liquidluck_2	
[00:00:36]: Mod: PhamNhanTuTien (Phàm Nhân Tu Tiên)	    nn_liquidluck_2_buff	
[00:00:36]: Mod: PhamNhanTuTien (Phàm Nhân Tu Tiên)	    nn_liquidluck_3	
[00:00:36]: Mod: PhamNhanTuTien (Phàm Nhân Tu Tiên)	    nn_liquidluck_3_buff	
[00:00:36]: Mod: PhamNhanTuTien (Phàm Nhân Tu Tiên)	  Registering prefab file: prefabs/wb_magical_shadow	
[00:00:36]: Mod: PhamNhanTuTien (Phàm Nhân Tu Tiên)	    wb_magical_shadow	
[00:00:36]: Mod: PhamNhanTuTien (Phàm Nhân Tu Tiên)	  Registering prefab file: prefabs/wb_magical_weaponsparks	
[00:00:36]: Mod: PhamNhanTuTien (Phàm Nhân Tu Tiên)	    wb_magical_weaponsparks	
[00:00:36]: Mod: PhamNhanTuTien (Phàm Nhân Tu Tiên)	  Registering prefab file: prefabs/poisonbubble	
[00:00:36]: Mod: PhamNhanTuTien (Phàm Nhân Tu Tiên)	    poisonbubble	
[00:00:36]: Mod: PhamNhanTuTien (Phàm Nhân Tu Tiên)	    poisonbubble_short	
[00:00:36]: Mod: PhamNhanTuTien (Phàm Nhân Tu Tiên)	    poisonbubble_level1	
[00:00:36]: Mod: PhamNhanTuTien (Phàm Nhân Tu Tiên)	    poisonbubble_level1_loop	
[00:00:36]: Mod: PhamNhanTuTien (Phàm Nhân Tu Tiên)	    poisonbubble_level2	
[00:00:36]: Mod: PhamNhanTuTien (Phàm Nhân Tu Tiên)	    poisonbubble_level2_loop	
[00:00:36]: Mod: PhamNhanTuTien (Phàm Nhân Tu Tiên)	    poisonbubble_level3	
[00:00:36]: Mod: PhamNhanTuTien (Phàm Nhân Tu Tiên)	    poisonbubble_level3_loop	
[00:00:36]: Mod: PhamNhanTuTien (Phàm Nhân Tu Tiên)	    poisonbubble_level4	
[00:00:36]: Mod: PhamNhanTuTien (Phàm Nhân Tu Tiên)	    poisonbubble_level4_loop	
[00:00:36]: Mod: PhamNhanTuTien (Phàm Nhân Tu Tiên)	  Registering prefab file: prefabs/nn_fx	
[00:00:36]: Mod: PhamNhanTuTien (Phàm Nhân Tu Tiên)	    deer_ice_circle	
[00:00:36]: Mod: PhamNhanTuTien (Phàm Nhân Tu Tiên)	    deer_ice_fx	
[00:00:36]: Mod: PhamNhanTuTien (Phàm Nhân Tu Tiên)	    deer_ice_burst	
[00:00:36]: Mod: PhamNhanTuTien (Phàm Nhân Tu Tiên)	    deer_ice_flakes	
[00:00:36]: Mod: PhamNhanTuTien (Phàm Nhân Tu Tiên)	    deer_ice_charge	
[00:00:36]: Mod: PhamNhanTuTien (Phàm Nhân Tu Tiên)	    deer_fire_circle	
[00:00:36]: Mod: PhamNhanTuTien (Phàm Nhân Tu Tiên)	    deer_fire_burst	
[00:00:36]: Mod: PhamNhanTuTien (Phàm Nhân Tu Tiên)	    deer_fire_flakes	
[00:00:36]: Mod: PhamNhanTuTien (Phàm Nhân Tu Tiên)	    deer_fire_charge	
[00:00:36]: Mod: PhamNhanTuTien (Phàm Nhân Tu Tiên)	  Registering prefab file: prefabs/nn_magicpaper	
[00:00:36]: Mod: PhamNhanTuTien (Phàm Nhân Tu Tiên)	    nn_magicpaper	
[00:00:36]: Mod: PhamNhanTuTien (Phàm Nhân Tu Tiên)	  Registering prefab file: prefabs/reticulearcline	
[00:00:36]: Mod: PhamNhanTuTien (Phàm Nhân Tu Tiên)	    reticulearcline	
[00:00:36]: Mod: PhamNhanTuTien (Phàm Nhân Tu Tiên)	    reticulearclineping	
[00:00:36]: Mod: PhamNhanTuTien (Phàm Nhân Tu Tiên)	  Registering prefab file: prefabs/lavaarena_heal_flowers_fx	
[00:00:36]: Mod: PhamNhanTuTien (Phàm Nhân Tu Tiên)	    lavaarena_heal_flowers_fx	
[00:00:36]: Mod: PhamNhanTuTien (Phàm Nhân Tu Tiên)	  Registering prefab file: prefabs/travelable_classified	
[00:00:36]: Mod: PhamNhanTuTien (Phàm Nhân Tu Tiên)	    travelable_classified	
[00:00:36]: Mod: PhamNhanTuTien (Phàm Nhân Tu Tiên)	  Registering prefab file: prefabs/minotau	
[00:00:36]: Mod: PhamNhanTuTien (Phàm Nhân Tu Tiên)	    minotau	
[00:00:36]: Mod: PhamNhanTuTien (Phàm Nhân Tu Tiên)	    minotauchestspawner	
[00:00:36]: Mod: PhamNhanTuTien (Phàm Nhân Tu Tiên)	  Registering prefab file: prefabs/minotaur_deadlyshockwave	
[00:00:36]: Mod: PhamNhanTuTien (Phàm Nhân Tu Tiên)	    minotaur_deadlyshockwave	
[00:00:36]: Mod: PhamNhanTuTien (Phàm Nhân Tu Tiên)	    minotaur_deathshockwave	
[00:00:36]: Mod: PhamNhanTuTien (Phàm Nhân Tu Tiên)	  Registering prefab file: prefabs/minotaurtransform_fx	
[00:00:36]: Mod: PhamNhanTuTien (Phàm Nhân Tu Tiên)	    minotaurtransform_fx	
[00:00:36]: Mod: PhamNhanTuTien (Phàm Nhân Tu Tiên)	  Registering prefab file: prefabs/minotaurtarget_fx	
[00:00:36]: Mod: PhamNhanTuTien (Phàm Nhân Tu Tiên)	    minotaurtarget_fx	
[00:00:36]: Mod: PhamNhanTuTien (Phàm Nhân Tu Tiên)	  Registering prefab file: prefabs/minotaurteleport_fx	
[00:00:36]: Mod: PhamNhanTuTien (Phàm Nhân Tu Tiên)	    minotaurteleport_fx	
[00:00:36]: Mod: PhamNhanTuTien (Phàm Nhân Tu Tiên)	  Registering prefab file: prefabs/minotaurteleportpost_fx	
[00:00:36]: Mod: PhamNhanTuTien (Phàm Nhân Tu Tiên)	    minotaurteleportpost_fx	
[00:00:36]: Mod: PhamNhanTuTien (Phàm Nhân Tu Tiên)	  Registering prefab file: prefabs/minotaur_shadowblaze	
[00:00:36]: Mod: PhamNhanTuTien (Phàm Nhân Tu Tiên)	    minotaur_shadowblaze	
[00:00:36]: Mod: PhamNhanTuTien (Phàm Nhân Tu Tiên)	    minotaur_shadowblaze_rigidbody	
[00:00:36]: Mod: PhamNhanTuTien (Phàm Nhân Tu Tiên)	    minotaur_shadowblaze_high	
[00:00:36]: Mod: PhamNhanTuTien (Phàm Nhân Tu Tiên)	  Registering prefab file: prefabs/minotaurfirecharge_fx	
[00:00:36]: Mod: PhamNhanTuTien (Phàm Nhân Tu Tiên)	    minotaurfirecharge_fx	
[00:00:36]: Mod: PhamNhanTuTien (Phàm Nhân Tu Tiên)	  Registering prefab file: prefabs/minotaurattachedfire_fx	
[00:00:36]: Mod: PhamNhanTuTien (Phàm Nhân Tu Tiên)	    minotaurattachedfire_fx	
[00:00:36]: Mod: PhamNhanTuTien (Phàm Nhân Tu Tiên)	  Registering prefab file: prefabs/minotaur_weakeningfx	
[00:00:36]: Mod: PhamNhanTuTien (Phàm Nhân Tu Tiên)	    minotaur_weakeningfx	
[00:00:36]: Mod: PhamNhanTuTien (Phàm Nhân Tu Tiên)	  Registering prefab file: prefabs/minotaurfiresplash_fx	
[00:00:36]: Mod: PhamNhanTuTien (Phàm Nhân Tu Tiên)	    minotaurfiresplash_fx	
[00:00:36]: Mod: PhamNhanTuTien (Phàm Nhân Tu Tiên)	  Registering prefab file: prefabs/minotaurfirering_fx	
[00:00:36]: Mod: PhamNhanTuTien (Phàm Nhân Tu Tiên)	    minotaurfirering_fx	
[00:00:36]: Mod: PhamNhanTuTien (Phàm Nhân Tu Tiên)	  Registering prefab file: prefabs/shadowpoundring_fx	
[00:00:36]: Mod: PhamNhanTuTien (Phàm Nhân Tu Tiên)	    shadowpoundring_fx	
[00:00:36]: Mod: PhamNhanTuTien (Phàm Nhân Tu Tiên)	  Registering prefab file: prefabs/lavaarena_lootbeacon	
[00:00:36]: Mod: PhamNhanTuTien (Phàm Nhân Tu Tiên)	    lavaarena_lootbeacon	
[00:00:36]: Mod: PhamNhanTuTien (Phàm Nhân Tu Tiên)	  Registering prefab file: prefabs/hh_decor_skeletons	
[00:00:36]: Mod: PhamNhanTuTien (Phàm Nhân Tu Tiên)	    hh_decor_scorched_skeleton	
[00:00:36]: Mod: PhamNhanTuTien (Phàm Nhân Tu Tiên)	    hh_decor_skeleton_pig	
[00:00:36]: Mod: PhamNhanTuTien (Phàm Nhân Tu Tiên)	    hh_decor_skeleton_merm	
[00:00:36]: Mod: PhamNhanTuTien (Phàm Nhân Tu Tiên)	  Registering prefab file: prefabs/hh_arena_lava_pond	
[00:00:36]: Mod: PhamNhanTuTien (Phàm Nhân Tu Tiên)	    hh_arena_lava_pond_rock	
[00:00:36]: Mod: PhamNhanTuTien (Phàm Nhân Tu Tiên)	    hh_arena_lava_pond_rock2	
[00:00:36]: Mod: PhamNhanTuTien (Phàm Nhân Tu Tiên)	    hh_arena_lava_pond_rock3	
[00:00:36]: Mod: PhamNhanTuTien (Phàm Nhân Tu Tiên)	    hh_arena_lava_pond_rock4	
[00:00:36]: Mod: PhamNhanTuTien (Phàm Nhân Tu Tiên)	    hh_arena_lava_pond_rock5	
[00:00:36]: Mod: PhamNhanTuTien (Phàm Nhân Tu Tiên)	    hh_arena_lava_pond_rock6	
[00:00:36]: Mod: PhamNhanTuTien (Phàm Nhân Tu Tiên)	    hh_arena_lava_pond_rock7	
[00:00:36]: Mod: PhamNhanTuTien (Phàm Nhân Tu Tiên)	    hh_arena_lava_pond	
[00:00:36]: Mod: PhamNhanTuTien (Phàm Nhân Tu Tiên)	  Registering prefab file: prefabs/hh_dungeon_pig	
[00:00:36]: Mod: PhamNhanTuTien (Phàm Nhân Tu Tiên)	    hh_dungeon_pig	
[00:00:36]: Mod: PhamNhanTuTien (Phàm Nhân Tu Tiên)	  Registering prefab file: prefabs/hh_dungeon_spider	
[00:00:36]: Mod: PhamNhanTuTien (Phàm Nhân Tu Tiên)	    hh_dungeon_spider	
[00:00:36]: Mod: PhamNhanTuTien (Phàm Nhân Tu Tiên)	  Registering prefab file: prefabs/minimoonspider_spike	
[00:00:36]: Mod: PhamNhanTuTien (Phàm Nhân Tu Tiên)	    minimoonspider_spike	
[00:00:36]: Mod: PhamNhanTuTien (Phàm Nhân Tu Tiên)	  Registering prefab file: prefabs/hh_hound_projectiles	
[00:00:36]: Mod: PhamNhanTuTien (Phàm Nhân Tu Tiên)	    hh_hound_glacial_proj	
[00:00:36]: Mod: PhamNhanTuTien (Phàm Nhân Tu Tiên)	    hound_lightning	
[00:00:36]: Mod: PhamNhanTuTien (Phàm Nhân Tu Tiên)	    hh_hound_lightning	
[00:00:36]: Mod: PhamNhanTuTien (Phàm Nhân Tu Tiên)	  Registering prefab file: prefabs/hh_dungeon_hounds	
[00:00:36]: Mod: PhamNhanTuTien (Phàm Nhân Tu Tiên)	    hh_dungeon_firehound	
[00:00:36]: Mod: PhamNhanTuTien (Phàm Nhân Tu Tiên)	    hh_dungeon_icehound	
[00:00:36]: Mod: PhamNhanTuTien (Phàm Nhân Tu Tiên)	    hh_dungeon_snowhound	
[00:00:36]: Mod: PhamNhanTuTien (Phàm Nhân Tu Tiên)	    hh_dungeon_lightninghound	
[00:00:36]: Mod: PhamNhanTuTien (Phàm Nhân Tu Tiên)	    hh_dungeon_horrorhound	
[00:00:36]: Mod: PhamNhanTuTien (Phàm Nhân Tu Tiên)	  Registering prefab file: prefabs/hh_daogam	
[00:00:36]: Mod: PhamNhanTuTien (Phàm Nhân Tu Tiên)	    hh_daogam	
[00:00:36]: Mod: PhamNhanTuTien (Phàm Nhân Tu Tiên)	    hh_daogam_knife_ef	
[00:00:36]: Mod: PhamNhanTuTien (Phàm Nhân Tu Tiên)	    hh_daogam_sparkle_fx	
[00:00:36]: Mod: PhamNhanTuTien (Phàm Nhân Tu Tiên)	  Registering prefab file: prefabs/hh_daogam2	
[00:00:36]: Mod: PhamNhanTuTien (Phàm Nhân Tu Tiên)	    hh_daogam2	
[00:00:36]: Mod: PhamNhanTuTien (Phàm Nhân Tu Tiên)	  Registering prefab file: prefabs/hh_daogam_fire_skill	
[00:00:36]: Mod: PhamNhanTuTien (Phàm Nhân Tu Tiên)	    hh_daogam_fire_meteor	
[00:00:36]: Mod: PhamNhanTuTien (Phàm Nhân Tu Tiên)	    hh_daogam_fire_splash	
[00:00:36]: Mod: PhamNhanTuTien (Phàm Nhân Tu Tiên)	    hh_daogam_fire_base	
[00:00:36]: Mod: PhamNhanTuTien (Phàm Nhân Tu Tiên)	    hh_daogam_firepuff_1	
[00:00:36]: Mod: PhamNhanTuTien (Phàm Nhân Tu Tiên)	    hh_daogam_firepuff_2	
[00:00:36]: Mod: PhamNhanTuTien (Phàm Nhân Tu Tiên)	    hh_daogam_firepuff_3	
[00:00:36]: Mod: PhamNhanTuTien (Phàm Nhân Tu Tiên)	  Registering prefab file: prefabs/hh_daogam6	
[00:00:36]: Mod: PhamNhanTuTien (Phàm Nhân Tu Tiên)	    hh_daogam6	
[00:00:36]: Mod: PhamNhanTuTien (Phàm Nhân Tu Tiên)	    hh_daogam6fx	
[00:00:36]: Mod: PhamNhanTuTien (Phàm Nhân Tu Tiên)	  Registering prefab file: prefabs/hh_godslayer_aura_fx	
[00:00:36]: Mod: PhamNhanTuTien (Phàm Nhân Tu Tiên)	    hh_godslayer_aura_fx	
[00:00:36]: Mod: PhamNhanTuTien (Phàm Nhân Tu Tiên)	  Registering prefab file: prefabs/hh_ruler_shadow_pillar_spell	
[00:00:36]: Mod: PhamNhanTuTien (Phàm Nhân Tu Tiên)	    hh_ruler_caster	
[00:00:36]: Mod: PhamNhanTuTien (Phàm Nhân Tu Tiên)	    hh_ruler_shadow_pillar_spell	
[00:00:36]: Mod: PhamNhanTuTien (Phàm Nhân Tu Tiên)	  Registering prefab file: prefabs/hh_ruler_shadow_pillar_target	
[00:00:36]: Mod: PhamNhanTuTien (Phàm Nhân Tu Tiên)	    hh_ruler_shadow_pillar_target	
[00:00:36]: Mod: PhamNhanTuTien (Phàm Nhân Tu Tiên)	  Registering prefab file: prefabs/hh_ruler_aura_fx	
[00:00:36]: Mod: PhamNhanTuTien (Phàm Nhân Tu Tiên)	    hh_ruler_aura_fx	
[00:00:36]: Mod: PhamNhanTuTien (Phàm Nhân Tu Tiên)	  Registering prefab file: prefabs/hh_king_aura_igris_fx	
[00:00:36]: Mod: PhamNhanTuTien (Phàm Nhân Tu Tiên)	    hh_king_aura_igris_fx	
[00:00:36]: Mod: PhamNhanTuTien (Phàm Nhân Tu Tiên)	  Registering prefab file: prefabs/hh_king_aura_beru_fx	
[00:00:36]: Mod: PhamNhanTuTien (Phàm Nhân Tu Tiên)	    hh_king_aura_beru_fx	
[00:00:36]: Mod: PhamNhanTuTien (Phàm Nhân Tu Tiên)	  Registering prefab file: prefabs/hh_king_aura_fruitfly_fx	
[00:00:36]: Mod: PhamNhanTuTien (Phàm Nhân Tu Tiên)	    hh_king_aura_fruitfly_fx	
[00:00:36]: Mod: PhamNhanTuTien (Phàm Nhân Tu Tiên)	  Registering prefab file: prefabs/hh_king_aura_macanh_fx	
[00:00:36]: Mod: PhamNhanTuTien (Phàm Nhân Tu Tiên)	    hh_king_aura_macanh_fx	
[00:00:36]: Mod: PhamNhanTuTien (Phàm Nhân Tu Tiên)	  Registering prefab file: prefabs/hh_king_aura_hacanh_fx	
[00:00:36]: Mod: PhamNhanTuTien (Phàm Nhân Tu Tiên)	    hh_king_aura_hacanh_fx	
[00:00:36]: Mod: PhamNhanTuTien (Phàm Nhân Tu Tiên)	  Registering prefab file: prefabs/ttk_hud_epichealth_proxy	
[00:00:36]: Mod: PhamNhanTuTien (Phàm Nhân Tu Tiên)	    ttk_hud_epichealth_proxy	
[00:00:36]: Mod: PhamNhanTuTien (Phàm Nhân Tu Tiên)	  Registering prefab file: prefabs/ttk_hud_damage_number	
[00:00:36]: Mod: PhamNhanTuTien (Phàm Nhân Tu Tiên)	    ttk_hud_damage_number	
[00:00:36]: Mod: PhamNhanTuTien (Phàm Nhân Tu Tiên)	  Registering prefab file: prefabs/ttk_hud_overhead_proxy	
[00:00:36]: Mod: PhamNhanTuTien (Phàm Nhân Tu Tiên)	    ttk_hud_overhead_proxy	
[00:00:36]: Mod: PhamNhanTuTien (Phàm Nhân Tu Tiên)	  Registering prefab file: prefabs/ttk_boss_aoeent	
[00:00:36]: Mod: PhamNhanTuTien (Phàm Nhân Tu Tiên)	    ttk_boss_aoeent	
[00:00:36]: Mod: PhamNhanTuTien (Phàm Nhân Tu Tiên)	    ttk_boss_impact_circle_fx	
[00:00:36]: Mod: PhamNhanTuTien (Phàm Nhân Tu Tiên)	    ttk_boss_bishop_charge	
[00:00:36]: Mod: PhamNhanTuTien (Phàm Nhân Tu Tiên)	    ttk_boss_skill_fossilspike	
[00:00:36]: Mod: PhamNhanTuTien (Phàm Nhân Tu Tiên)	    ttk_boss_skill_circle	
[00:00:36]: Mod: PhamNhanTuTien (Phàm Nhân Tu Tiên)	  Registering prefab file: prefabs/ttk_baihu	
[00:00:36]: Mod: PhamNhanTuTien (Phàm Nhân Tu Tiên)	    ttk_baihu	
[00:00:36]: Mod: PhamNhanTuTien (Phàm Nhân Tu Tiên)	    ttk_boss_baihu_noattack	
[00:00:36]: Mod: PhamNhanTuTien (Phàm Nhân Tu Tiên)	    ttk_boss_shadowbaihu	
[00:00:36]: Mod: PhamNhanTuTien (Phàm Nhân Tu Tiên)	    ttk_boss_deathbaihu	
[00:00:36]: Mod: PhamNhanTuTien (Phàm Nhân Tu Tiên)	  Registering prefab file: prefabs/ttk_boss_baihu_buff	
[00:00:36]: Mod: PhamNhanTuTien (Phàm Nhân Tu Tiên)	    ttk_boss_baihu_buff1	
[00:00:36]: Mod: PhamNhanTuTien (Phàm Nhân Tu Tiên)	    ttk_boss_baihu_buff2	
[00:00:36]: Mod: PhamNhanTuTien (Phàm Nhân Tu Tiên)	    ttk_boss_baihu_buff3	
[00:00:36]: Mod: PhamNhanTuTien (Phàm Nhân Tu Tiên)	    ttk_boss_baihu_shadowplayer	
[00:00:36]: Mod: PhamNhanTuTien (Phàm Nhân Tu Tiên)	    ttk_boss_baihu_dotfx	
[00:00:36]: Mod: PhamNhanTuTien (Phàm Nhân Tu Tiên)	  Registering prefab file: prefabs/ttk_boss_baihu_shadow_fx	
[00:00:36]: Mod: PhamNhanTuTien (Phàm Nhân Tu Tiên)	    ttk_boss_baihu_shadow_fx1	
[00:00:36]: Mod: PhamNhanTuTien (Phàm Nhân Tu Tiên)	    ttk_boss_baihu_shadow_fx2	
[00:00:36]: Mod: PhamNhanTuTien (Phàm Nhân Tu Tiên)	    ttk_boss_baihu_shadow_fx3	
[00:00:36]: Mod: PhamNhanTuTien (Phàm Nhân Tu Tiên)	    ttk_boss_baihu_shadow_fx	
[00:00:36]: Mod: PhamNhanTuTien (Phàm Nhân Tu Tiên)	  Registering prefab file: prefabs/ttk_boss_baihufx	
[00:00:36]: Mod: PhamNhanTuTien (Phàm Nhân Tu Tiên)	    ttk_boss_baihu_fsfx	
[00:00:36]: Mod: PhamNhanTuTien (Phàm Nhân Tu Tiên)	    ttk_boss_baihu_cjfx	
[00:00:36]: Mod: PhamNhanTuTien (Phàm Nhân Tu Tiên)	    ttk_boss_baihu_gzfx	
[00:00:36]: Mod: PhamNhanTuTien (Phàm Nhân Tu Tiên)	  Registering prefab file: prefabs/ttk_boss_buffs	
[00:00:36]: Mod: PhamNhanTuTien (Phàm Nhân Tu Tiên)	    ttk_boss_ignoreplanarentity	
[00:00:36]: Mod: PhamNhanTuTien (Phàm Nhân Tu Tiên)	    ttk_boss_slow_buff	
[00:00:36]: Mod: PhamNhanTuTien (Phàm Nhân Tu Tiên)	    ttk_boss_spiderqueen_buff1	
[00:00:36]: Mod: PhamNhanTuTien (Phàm Nhân Tu Tiên)	    ttk_boss_spiderqueen_buff2	
[00:00:36]: Mod: PhamNhanTuTien (Phàm Nhân Tu Tiên)	    ttk_boss_spiderqueen_buff3	
[00:00:36]: Mod: PhamNhanTuTien (Phàm Nhân Tu Tiên)	  Registering prefab file: prefabs/ttk_boss_cl	
[00:00:36]: Mod: PhamNhanTuTien (Phàm Nhân Tu Tiên)	    ttk_boss_sinkhole	
[00:00:36]: Mod: PhamNhanTuTien (Phàm Nhân Tu Tiên)	    ttk_boss_sinkhole1	
[00:00:36]: Mod: PhamNhanTuTien (Phàm Nhân Tu Tiên)	    ttk_boss_cl_tornado	
[00:00:36]: Mod: PhamNhanTuTien (Phàm Nhân Tu Tiên)	    ttk_boss_cl_tornadofx	
[00:00:36]: Mod: PhamNhanTuTien (Phàm Nhân Tu Tiên)	  Registering prefab file: prefabs/ttk_boss_deerclops_ziyun_aux	
[00:00:36]: Mod: PhamNhanTuTien (Phàm Nhân Tu Tiên)	    ttk_boss_deerclops_ziyun_aux	
[00:00:36]: Mod: PhamNhanTuTien (Phàm Nhân Tu Tiên)	    ttk_deerclops_ziyun	
[00:00:36]: Mod: PhamNhanTuTien (Phàm Nhân Tu Tiên)	  Registering prefab file: prefabs/ttk_boss_fb_mutateddeerclops	
[00:00:36]: Mod: PhamNhanTuTien (Phàm Nhân Tu Tiên)	    ttk_boss_fb_mutateddeerclops	
[00:00:36]: Mod: PhamNhanTuTien (Phàm Nhân Tu Tiên)	    ttk_boss_fb_impact_circle_fx	
[00:00:36]: Mod: PhamNhanTuTien (Phàm Nhân Tu Tiên)	  Registering prefab file: prefabs/ttk_boss_fb_warg_mutated_fx	
[00:00:36]: Mod: PhamNhanTuTien (Phàm Nhân Tu Tiên)	    ttk_boss_fb_warg_mutated_breath_fx	
[00:00:36]: Mod: PhamNhanTuTien (Phàm Nhân Tu Tiên)	    ttk_boss_fb_warg_mutated_ember_fx	
[00:00:36]: Mod: PhamNhanTuTien (Phàm Nhân Tu Tiên)	  Registering prefab file: prefabs/ttk_boss_ftj	
[00:00:36]: Mod: PhamNhanTuTien (Phàm Nhân Tu Tiên)	    ttk_boss_ftj_fx	
[00:00:36]: Mod: PhamNhanTuTien (Phàm Nhân Tu Tiên)	    ttk_boss_ftj_explodefx	
[00:00:36]: Mod: PhamNhanTuTien (Phàm Nhân Tu Tiên)	  Registering prefab file: prefabs/ttk_boss_fubenminions	
[00:00:36]: Mod: PhamNhanTuTien (Phàm Nhân Tu Tiên)	    ttk_boss_minion1	
[00:00:36]: Mod: PhamNhanTuTien (Phàm Nhân Tu Tiên)	    ttk_boss_minion2	
[00:00:36]: Mod: PhamNhanTuTien (Phàm Nhân Tu Tiên)	    ttk_boss_fubenminion	
[00:00:36]: Mod: PhamNhanTuTien (Phàm Nhân Tu Tiên)	  Registering prefab file: prefabs/ttk_futu	
[00:00:36]: Mod: PhamNhanTuTien (Phàm Nhân Tu Tiên)	    ttk_futu	
[00:00:36]: Mod: PhamNhanTuTien (Phàm Nhân Tu Tiên)	    ttk_boss_futu_small	
[00:00:36]: Mod: PhamNhanTuTien (Phàm Nhân Tu Tiên)	  Registering prefab file: prefabs/ttk_boss_fxs	
[00:00:36]: Mod: PhamNhanTuTien (Phàm Nhân Tu Tiên)	    ttk_boss_sand_puff_large_front	
[00:00:36]: Mod: PhamNhanTuTien (Phàm Nhân Tu Tiên)	    ttk_boss_sand_puff_large_back	
[00:00:36]: Mod: PhamNhanTuTien (Phàm Nhân Tu Tiên)	    ttk_boss_wolf_zmyh_front	
[00:00:36]: Mod: PhamNhanTuTien (Phàm Nhân Tu Tiên)	    ttk_boss_wolf_zmyh_back	
[00:00:36]: Mod: PhamNhanTuTien (Phàm Nhân Tu Tiên)	    ttk_boss_htz_wingpuff_front	
[00:00:36]: Mod: PhamNhanTuTien (Phàm Nhân Tu Tiên)	    ttk_boss_htz_wingpuff_back	
[00:00:36]: Mod: PhamNhanTuTien (Phàm Nhân Tu Tiên)	    ttk_boss_ht_sand_puff_front	
[00:00:36]: Mod: PhamNhanTuTien (Phàm Nhân Tu Tiên)	    ttk_boss_ht_sand_puff_back	
[00:00:36]: Mod: PhamNhanTuTien (Phàm Nhân Tu Tiên)	    ttk_boss_luoshen_sand_puff_front	
[00:00:36]: Mod: PhamNhanTuTien (Phàm Nhân Tu Tiên)	    ttk_boss_luoshen_sand_puff_back	
[00:00:36]: Mod: PhamNhanTuTien (Phàm Nhân Tu Tiên)	    ttk_boss_dhxl_puff_front	
[00:00:36]: Mod: PhamNhanTuTien (Phàm Nhân Tu Tiên)	    ttk_boss_dhxl_puff_back	
[00:00:36]: Mod: PhamNhanTuTien (Phàm Nhân Tu Tiên)	    ttk_boss_ws_fx	
[00:00:36]: Mod: PhamNhanTuTien (Phàm Nhân Tu Tiên)	    ttk_boss_bigspawn_fx_medium_static	
[00:00:36]: Mod: PhamNhanTuTien (Phàm Nhân Tu Tiên)	    ttk_boss_bigspawn_fx_medium_static_new	
[00:00:36]: Mod: PhamNhanTuTien (Phàm Nhân Tu Tiên)	    ttk_boss_pawn_fx_medium_static_3	
[00:00:36]: Mod: PhamNhanTuTien (Phàm Nhân Tu Tiên)	    ttk_boss_recall_flower	
[00:00:36]: Mod: PhamNhanTuTien (Phàm Nhân Tu Tiên)	    ttk_boss_explode_small	
[00:00:36]: Mod: PhamNhanTuTien (Phàm Nhân Tu Tiên)	    ttk_boss_explode_jxsq	
[00:00:36]: Mod: PhamNhanTuTien (Phàm Nhân Tu Tiên)	    ttk_boss_explode_verysmall	
[00:00:36]: Mod: PhamNhanTuTien (Phàm Nhân Tu Tiên)	    ttk_boss_die_fx	
[00:00:36]: Mod: PhamNhanTuTien (Phàm Nhân Tu Tiên)	    ttk_boss_shadowdie_fx	
[00:00:36]: Mod: PhamNhanTuTien (Phàm Nhân Tu Tiên)	    ttk_boss_shadow_merm_spawn_fx	
[00:00:36]: Mod: PhamNhanTuTien (Phàm Nhân Tu Tiên)	    ttk_boss_motidie_fx	
[00:00:36]: Mod: PhamNhanTuTien (Phàm Nhân Tu Tiên)	    ttk_boss_stalke_hitfx	
[00:00:36]: Mod: PhamNhanTuTien (Phàm Nhân Tu Tiên)	    ttk_boss_statue_transition_2_big	
[00:00:36]: Mod: PhamNhanTuTien (Phàm Nhân Tu Tiên)	    ttk_boss_splash_yellow	
[00:00:36]: Mod: PhamNhanTuTien (Phàm Nhân Tu Tiên)	    ttk_boss_bianhua_fx	
[00:00:36]: Mod: PhamNhanTuTien (Phàm Nhân Tu Tiên)	    ttk_boss_db_bianhua_fx	
[00:00:36]: Mod: PhamNhanTuTien (Phàm Nhân Tu Tiên)	    ttk_boss_bianhua_fx_big	
[00:00:36]: Mod: PhamNhanTuTien (Phàm Nhân Tu Tiên)	    ttk_boss_bianhua_fx_explo	
[00:00:36]: Mod: PhamNhanTuTien (Phàm Nhân Tu Tiên)	    ttk_boss_bs_smoke	
[00:00:36]: Mod: PhamNhanTuTien (Phàm Nhân Tu Tiên)	    ttk_boss_bs_smoke_shadow	
[00:00:36]: Mod: PhamNhanTuTien (Phàm Nhân Tu Tiên)	    ttk_boss_jilian_fx	
[00:00:36]: Mod: PhamNhanTuTien (Phàm Nhân Tu Tiên)	    ttk_boss_shengge_fx	
[00:00:36]: Mod: PhamNhanTuTien (Phàm Nhân Tu Tiên)	    ttk_boss_spawn_fx_medium_static	
[00:00:36]: Mod: PhamNhanTuTien (Phàm Nhân Tu Tiên)	    ttk_boss_bigspawn_fx_medium_static_nosound	
[00:00:36]: Mod: PhamNhanTuTien (Phàm Nhân Tu Tiên)	    ttk_boss_petspawn_fx	
[00:00:36]: Mod: PhamNhanTuTien (Phàm Nhân Tu Tiên)	    ttk_boss_dodgeattack_fx	
[00:00:36]: Mod: PhamNhanTuTien (Phàm Nhân Tu Tiên)	    ttk_boss_time_st_brockfx	
[00:00:36]: Mod: PhamNhanTuTien (Phàm Nhân Tu Tiên)	    ttk_boss_sword_red_hitfx	
[00:00:36]: Mod: PhamNhanTuTien (Phàm Nhân Tu Tiên)	    ttk_boss_sword_blue_hitfx	
[00:00:36]: Mod: PhamNhanTuTien (Phàm Nhân Tu Tiên)	    ttk_boss_ring_fx	
[00:00:36]: Mod: PhamNhanTuTien (Phàm Nhân Tu Tiên)	    ttk_boss_pet4_ring_fx	
[00:00:36]: Mod: PhamNhanTuTien (Phàm Nhân Tu Tiên)	    ttk_boss_fire_ring_fx	
[00:00:36]: Mod: PhamNhanTuTien (Phàm Nhân Tu Tiên)	    ttk_boss_spider_puff_front	
[00:00:36]: Mod: PhamNhanTuTien (Phàm Nhân Tu Tiên)	    ttk_boss_spider_puff_back	
[00:00:36]: Mod: PhamNhanTuTien (Phàm Nhân Tu Tiên)	    ttk_boss_spider_puff_white_front	
[00:00:36]: Mod: PhamNhanTuTien (Phàm Nhân Tu Tiên)	    ttk_boss_spider_puff_white_back	
[00:00:36]: Mod: PhamNhanTuTien (Phàm Nhân Tu Tiên)	    ttk_boss_xyzz_spider_puff_front	
[00:00:36]: Mod: PhamNhanTuTien (Phàm Nhân Tu Tiên)	    ttk_boss_xyzz_spider_puff_back	
[00:00:36]: Mod: PhamNhanTuTien (Phàm Nhân Tu Tiên)	    ttk_boss_zuichunyan_green_leaves_chop	
[00:00:36]: Mod: PhamNhanTuTien (Phàm Nhân Tu Tiên)	    ttk_boss_zuichunyan_green_leaves_fall	
[00:00:36]: Mod: PhamNhanTuTien (Phàm Nhân Tu Tiên)	    ttk_boss_zuichunyan_purple_leaves_chop	
[00:00:36]: Mod: PhamNhanTuTien (Phàm Nhân Tu Tiên)	    ttk_boss_zuichunyan_purple_leaves_fall	
[00:00:36]: Mod: PhamNhanTuTien (Phàm Nhân Tu Tiên)	    ttk_boss_chenpingan_mume_leaves_chop	
[00:00:36]: Mod: PhamNhanTuTien (Phàm Nhân Tu Tiên)	    ttk_boss_chenpingan_mume_leaves_fall	
[00:00:36]: Mod: PhamNhanTuTien (Phàm Nhân Tu Tiên)	    ttk_boss_yunxiao_fls_raise	
[00:00:36]: Mod: PhamNhanTuTien (Phàm Nhân Tu Tiên)	    ttk_boss_yunxiao_fls_lower	
[00:00:36]: Mod: PhamNhanTuTien (Phàm Nhân Tu Tiên)	    ttk_boss_sand_splash_fx	
[00:00:36]: Mod: PhamNhanTuTien (Phàm Nhân Tu Tiên)	    ttk_boss_sword_explosion_fx	
[00:00:36]: Mod: PhamNhanTuTien (Phàm Nhân Tu Tiên)	    ttk_boss_firesplash_fx	
[00:00:36]: Mod: PhamNhanTuTien (Phàm Nhân Tu Tiên)	    ttk_boss_shield1	
[00:00:36]: Mod: PhamNhanTuTien (Phàm Nhân Tu Tiên)	    ttk_boss_shield2	
[00:00:36]: Mod: PhamNhanTuTien (Phàm Nhân Tu Tiên)	    ttk_boss_shield3	
[00:00:36]: Mod: PhamNhanTuTien (Phàm Nhân Tu Tiên)	    ttk_boss_shield4	
[00:00:36]: Mod: PhamNhanTuTien (Phàm Nhân Tu Tiên)	    ttk_boss_shield5	
[00:00:36]: Mod: PhamNhanTuTien (Phàm Nhân Tu Tiên)	    ttk_boss_shield6	
[00:00:36]: Mod: PhamNhanTuTien (Phàm Nhân Tu Tiên)	    ttk_boss_whiteshield1	
[00:00:36]: Mod: PhamNhanTuTien (Phàm Nhân Tu Tiên)	    ttk_boss_whiteshield2	
[00:00:36]: Mod: PhamNhanTuTien (Phàm Nhân Tu Tiên)	    ttk_boss_whiteshield3	
[00:00:36]: Mod: PhamNhanTuTien (Phàm Nhân Tu Tiên)	    ttk_boss_whiteshield4	
[00:00:36]: Mod: PhamNhanTuTien (Phàm Nhân Tu Tiên)	    ttk_boss_whiteshield5	
[00:00:36]: Mod: PhamNhanTuTien (Phàm Nhân Tu Tiên)	    ttk_boss_whiteshield6	
[00:00:36]: Mod: PhamNhanTuTien (Phàm Nhân Tu Tiên)	  Registering prefab file: prefabs/ttk_boss_gongdeshadow	
[00:00:36]: Mod: PhamNhanTuTien (Phàm Nhân Tu Tiên)	    ttk_boss_gongdeshadow	
[00:00:36]: Mod: PhamNhanTuTien (Phàm Nhân Tu Tiên)	    ttk_boss_motishadow	
[00:00:36]: Mod: PhamNhanTuTien (Phàm Nhân Tu Tiên)	    ttk_boss_tssyqshadow	
[00:00:36]: Mod: PhamNhanTuTien (Phàm Nhân Tu Tiên)	    ttk_boss_channeler	
[00:00:36]: Mod: PhamNhanTuTien (Phàm Nhân Tu Tiên)	  Registering prefab file: prefabs/ttk_boss_ht	
[00:00:36]: Mod: PhamNhanTuTien (Phàm Nhân Tu Tiên)	    ttk_boss_ht	
[00:00:36]: Mod: PhamNhanTuTien (Phàm Nhân Tu Tiên)	    ttk_boss_ht_flyerfx_cloud	
[00:00:36]: Mod: PhamNhanTuTien (Phàm Nhân Tu Tiên)	    ttk_boss_ht_single_cloud	
[00:00:36]: Mod: PhamNhanTuTien (Phàm Nhân Tu Tiên)	    ttk_boss_ht_swordfx	
[00:00:36]: Mod: PhamNhanTuTien (Phàm Nhân Tu Tiên)	    ttk_boss_ht_groundfx	
[00:00:36]: Mod: PhamNhanTuTien (Phàm Nhân Tu Tiên)	    ttk_boss_ht_fissure_custom	
[00:00:36]: Mod: PhamNhanTuTien (Phàm Nhân Tu Tiên)	  Registering prefab file: prefabs/ttk_boss_hyf	
[00:00:36]: Mod: PhamNhanTuTien (Phàm Nhân Tu Tiên)	    ttk_boss_hyf_fx	
[00:00:36]: Mod: PhamNhanTuTien (Phàm Nhân Tu Tiên)	    ttk_boss_hyf_fullfx	
[00:00:36]: Mod: PhamNhanTuTien (Phàm Nhân Tu Tiên)	    ttk_boss_hyf_frontfx	
[00:00:36]: Mod: PhamNhanTuTien (Phàm Nhân Tu Tiên)	    ttk_boss_hyf_frontfx_small	
[00:00:36]: Mod: PhamNhanTuTien (Phàm Nhân Tu Tiên)	    ttk_boss_hyf_projectile_fx	
[00:00:36]: Mod: PhamNhanTuTien (Phàm Nhân Tu Tiên)	    ttk_boss_hyf_projectile_blast_fx	
[00:00:36]: Mod: PhamNhanTuTien (Phàm Nhân Tu Tiên)	  Registering prefab file: prefabs/ttk_boss_jcbird	
[00:00:36]: Mod: PhamNhanTuTien (Phàm Nhân Tu Tiên)	    ttk_boss_jcbird	
[00:00:36]: Mod: PhamNhanTuTien (Phàm Nhân Tu Tiên)	    ttk_boss_jcbird_spitter	
[00:00:36]: Mod: PhamNhanTuTien (Phàm Nhân Tu Tiên)	    ttk_boss_jcbird_spittersplat	
[00:00:36]: Mod: PhamNhanTuTien (Phàm Nhân Tu Tiên)	    ttk_boss_jcbird_fire	
[00:00:36]: Mod: PhamNhanTuTien (Phàm Nhân Tu Tiên)	    ttk_boss_jcbird_fire_over	
[00:00:36]: Mod: PhamNhanTuTien (Phàm Nhân Tu Tiên)	  Registering prefab file: prefabs/ttk_jfsn	
[00:00:36]: Mod: PhamNhanTuTien (Phàm Nhân Tu Tiên)	    ttk_jfsn	
[00:00:36]: Mod: PhamNhanTuTien (Phàm Nhân Tu Tiên)	  Registering prefab file: prefabs/ttk_boss_jfsn_fire	
[00:00:36]: Mod: PhamNhanTuTien (Phàm Nhân Tu Tiên)	    ttk_boss_jfsn_fire	
[00:00:36]: Mod: PhamNhanTuTien (Phàm Nhân Tu Tiên)	  Registering prefab file: prefabs/ttk_boss_jfsnmeteor	
[00:00:36]: Mod: PhamNhanTuTien (Phàm Nhân Tu Tiên)	    ttk_boss_jfsnmeteor	
[00:00:36]: Mod: PhamNhanTuTien (Phàm Nhân Tu Tiên)	  Registering prefab file: prefabs/ttk_boss_laser_ring	
[00:00:36]: Mod: PhamNhanTuTien (Phàm Nhân Tu Tiên)	    ttk_boss_laser_ring	
[00:00:36]: Mod: PhamNhanTuTien (Phàm Nhân Tu Tiên)	    ttk_boss_gongdeshadow_fx	
[00:00:36]: Mod: PhamNhanTuTien (Phàm Nhân Tu Tiên)	    ttk_boss_laser_explosion	
[00:00:36]: Mod: PhamNhanTuTien (Phàm Nhân Tu Tiên)	    ttk_boss_qy_explosion	
[00:00:36]: Mod: PhamNhanTuTien (Phàm Nhân Tu Tiên)	  Registering prefab file: prefabs/ttk_boss_mutated_fx	
[00:00:36]: Mod: PhamNhanTuTien (Phàm Nhân Tu Tiên)	    ttk_boss_mutated_breath_fx	
[00:00:36]: Mod: PhamNhanTuTien (Phàm Nhân Tu Tiên)	    ttk_boss_mutated_breath_ltzfx	
[00:00:36]: Mod: PhamNhanTuTien (Phàm Nhân Tu Tiên)	    ttk_boss_mutated_ember_fx	
[00:00:36]: Mod: PhamNhanTuTien (Phàm Nhân Tu Tiên)	  Registering prefab file: prefabs/ttk_qlch	
[00:00:36]: Mod: PhamNhanTuTien (Phàm Nhân Tu Tiên)	    ttk_qlch	
[00:00:36]: Mod: PhamNhanTuTien (Phàm Nhân Tu Tiên)	    ttk_boss_qlch_fs	
[00:00:36]: Mod: PhamNhanTuTien (Phàm Nhân Tu Tiên)	    ttk_boss_qlch_texiao	
[00:00:36]: Mod: PhamNhanTuTien (Phàm Nhân Tu Tiên)	  Registering prefab file: prefabs/ttk_boss_qlch_cloud	
[00:00:36]: Mod: PhamNhanTuTien (Phàm Nhân Tu Tiên)	    ttk_boss_qlch_cloud	
[00:00:36]: Mod: PhamNhanTuTien (Phàm Nhân Tu Tiên)	    ttk_boss_qlch_cloud_overlay	
[00:00:36]: Mod: PhamNhanTuTien (Phàm Nhân Tu Tiên)	  Registering prefab file: prefabs/ttk_boss_qlch_fx	
[00:00:36]: Mod: PhamNhanTuTien (Phàm Nhân Tu Tiên)	    ttk_boss_qlch_charge	
[00:00:36]: Mod: PhamNhanTuTien (Phàm Nhân Tu Tiên)	  Registering prefab file: prefabs/ttk_qxdx	
[00:00:36]: Mod: PhamNhanTuTien (Phàm Nhân Tu Tiên)	    ttk_qxdx	
[00:00:36]: Mod: PhamNhanTuTien (Phàm Nhân Tu Tiên)	    ttk_boss_qxdx_spike	
[00:00:36]: Mod: PhamNhanTuTien (Phàm Nhân Tu Tiên)	    ttk_boss_qxdx_yumaofx	
[00:00:36]: Mod: PhamNhanTuTien (Phàm Nhân Tu Tiên)	  Registering prefab file: prefabs/ttk_boss_rock_basalt	
[00:00:36]: Mod: PhamNhanTuTien (Phàm Nhân Tu Tiên)	    ttk_boss_rock_basalt	
[00:00:36]: Mod: PhamNhanTuTien (Phàm Nhân Tu Tiên)	    ttk_boss_baihu_rock	
[00:00:36]: Mod: PhamNhanTuTien (Phàm Nhân Tu Tiên)	    ttk_boss_spiderqueen_rock	
[00:00:36]: Mod: PhamNhanTuTien (Phàm Nhân Tu Tiên)	    ttk_boss_futu_rock	
[00:00:36]: Mod: PhamNhanTuTien (Phàm Nhân Tu Tiên)	    ttk_boss_yunxiao_jjj_rock	
[00:00:36]: Mod: PhamNhanTuTien (Phàm Nhân Tu Tiên)	  Registering prefab file: prefabs/ttk_boss_sand_spike	
[00:00:36]: Mod: PhamNhanTuTien (Phàm Nhân Tu Tiên)	    ttk_boss_sandspike	
[00:00:36]: Mod: PhamNhanTuTien (Phàm Nhân Tu Tiên)	    ttk_boss_sandblock	
[00:00:36]: Mod: PhamNhanTuTien (Phàm Nhân Tu Tiên)	  Registering prefab file: prefabs/ttk_boss_shadowmeteor	
[00:00:36]: Mod: PhamNhanTuTien (Phàm Nhân Tu Tiên)	    ttk_boss_shadowmeteor	
[00:00:36]: Mod: PhamNhanTuTien (Phàm Nhân Tu Tiên)	    ttk_boss_meteorwarning	
[00:00:36]: Mod: PhamNhanTuTien (Phàm Nhân Tu Tiên)	    ttk_boss_burntground	
[00:00:36]: Mod: PhamNhanTuTien (Phàm Nhân Tu Tiên)	  Registering prefab file: prefabs/ttk_boss_shadowmonster	
[00:00:36]: Mod: PhamNhanTuTien (Phàm Nhân Tu Tiên)	    ttk_boss_guaiwu_rook	
[00:00:36]: Mod: PhamNhanTuTien (Phàm Nhân Tu Tiên)	    ttk_boss_guaiwu_bishop	
[00:00:36]: Mod: PhamNhanTuTien (Phàm Nhân Tu Tiên)	    ttk_boss_wmz_bishop	
[00:00:36]: Mod: PhamNhanTuTien (Phàm Nhân Tu Tiên)	  Registering prefab file: prefabs/ttk_boss_sinkhole	
[00:00:36]: Mod: PhamNhanTuTien (Phàm Nhân Tu Tiên)	    ttk_boss_daywalker_sinkhole	
[00:00:36]: Mod: PhamNhanTuTien (Phàm Nhân Tu Tiên)	  Registering prefab file: prefabs/ttk_boss_spider	
[00:00:36]: Mod: PhamNhanTuTien (Phàm Nhân Tu Tiên)	    ttk_boss_spider	
[00:00:36]: Mod: PhamNhanTuTien (Phàm Nhân Tu Tiên)	    ttk_boss_spider_pro	
[00:00:36]: Mod: PhamNhanTuTien (Phàm Nhân Tu Tiên)	    ttk_boss_slow_buff_ent	
[00:00:36]: Mod: PhamNhanTuTien (Phàm Nhân Tu Tiên)	  Registering prefab file: prefabs/ttk_spiderqueen	
[00:00:36]: Mod: PhamNhanTuTien (Phàm Nhân Tu Tiên)	    ttk_spiderqueen	
[00:00:36]: Mod: PhamNhanTuTien (Phàm Nhân Tu Tiên)	    ttk_boss_spiderqueen_web	
[00:00:36]: Mod: PhamNhanTuTien (Phàm Nhân Tu Tiên)	    ttk_boss_spiderqueen_smallweb	
[00:00:36]: Mod: PhamNhanTuTien (Phàm Nhân Tu Tiên)	    ttk_boss_spiderqueen_wave	
[00:00:36]: Mod: PhamNhanTuTien (Phàm Nhân Tu Tiên)	    ttk_boss_spiderqueen_pro	
[00:00:36]: Mod: PhamNhanTuTien (Phàm Nhân Tu Tiên)	    ttk_boss_spiderqueen_buffent1	
[00:00:36]: Mod: PhamNhanTuTien (Phàm Nhân Tu Tiên)	    ttk_boss_spiderqueen_buffent2	
[00:00:36]: Mod: PhamNhanTuTien (Phàm Nhân Tu Tiên)	    ttk_boss_spiderqueen_buffent3	
[00:00:36]: Mod: PhamNhanTuTien (Phàm Nhân Tu Tiên)	    ttk_boss_spiderqueen_waveent	
[00:00:36]: Mod: PhamNhanTuTien (Phàm Nhân Tu Tiên)	  Registering prefab file: prefabs/ttk_boss_spiderqueen_cloud	
[00:00:36]: Mod: PhamNhanTuTien (Phàm Nhân Tu Tiên)	    ttk_boss_spiderqueen_cloud	
[00:00:36]: Mod: PhamNhanTuTien (Phàm Nhân Tu Tiên)	    ttk_boss_spiderqueen_cloud_overlay	
[00:00:36]: Mod: PhamNhanTuTien (Phàm Nhân Tu Tiên)	  Registering prefab file: prefabs/ttk_stalke_fuben	
[00:00:36]: Mod: PhamNhanTuTien (Phàm Nhân Tu Tiên)	    ttk_stalke_fuben	
[00:00:36]: Mod: PhamNhanTuTien (Phàm Nhân Tu Tiên)	  Registering prefab file: prefabs/ttk_boss_stalke_ziyun	
[00:00:36]: Mod: PhamNhanTuTien (Phàm Nhân Tu Tiên)	    ttk_boss_stalker_ziyun	
[00:00:36]: Mod: PhamNhanTuTien (Phàm Nhân Tu Tiên)	    ttk_boss_stalker_ziyunfx	
[00:00:36]: Mod: PhamNhanTuTien (Phàm Nhân Tu Tiên)	    ttk_boss_stalker_ziyunspike	
[00:00:36]: Mod: PhamNhanTuTien (Phàm Nhân Tu Tiên)	  Registering prefab file: prefabs/ttk_boss_stmeteor	
[00:00:36]: Mod: PhamNhanTuTien (Phàm Nhân Tu Tiên)	    ttk_boss_stmeteor	
[00:00:36]: Mod: PhamNhanTuTien (Phàm Nhân Tu Tiên)	  Registering prefab file: prefabs/ttk_boss_sudaji_fx	
[00:00:36]: Mod: PhamNhanTuTien (Phàm Nhân Tu Tiên)	    ttk_boss_sudaji_flyin	
[00:00:36]: Mod: PhamNhanTuTien (Phàm Nhân Tu Tiên)	    ttk_boss_sudaji_flyout	
[00:00:36]: Mod: PhamNhanTuTien (Phàm Nhân Tu Tiên)	    ttk_boss_sudaji_foxin	
[00:00:36]: Mod: PhamNhanTuTien (Phàm Nhân Tu Tiên)	    ttk_boss_sudaji_foxout	
[00:00:36]: Mod: PhamNhanTuTien (Phàm Nhân Tu Tiên)	    ttk_boss_sudaji_hitfx	
[00:00:36]: Mod: PhamNhanTuTien (Phàm Nhân Tu Tiên)	    ttk_boss_sudaji_lungefx	
[00:00:36]: Mod: PhamNhanTuTien (Phàm Nhân Tu Tiên)	    ttk_boss_sudaji_lungehitfx	
[00:00:36]: Mod: PhamNhanTuTien (Phàm Nhân Tu Tiên)	  Registering prefab file: prefabs/ttk_boss_sudaji_xyj	
[00:00:36]: Mod: PhamNhanTuTien (Phàm Nhân Tu Tiên)	    ttk_boss_elec_charged_fx	
[00:00:36]: Mod: PhamNhanTuTien (Phàm Nhân Tu Tiên)	    ttk_boss_suduji_xyjfx	
[00:00:36]: Mod: PhamNhanTuTien (Phàm Nhân Tu Tiên)	  Registering prefab file: prefabs/ttk_boss_sword	
[00:00:36]: Mod: PhamNhanTuTien (Phàm Nhân Tu Tiên)	    ttk_boss_sword_red	
[00:00:36]: Mod: PhamNhanTuTien (Phàm Nhân Tu Tiên)	    ttk_boss_sword_green	
[00:00:36]: Mod: PhamNhanTuTien (Phàm Nhân Tu Tiên)	    ttk_boss_sword_blue	
[00:00:36]: Mod: PhamNhanTuTien (Phàm Nhân Tu Tiên)	    ttk_boss_sword_fj	
[00:00:36]: Mod: PhamNhanTuTien (Phàm Nhân Tu Tiên)	    ttk_boss_htz_rotationsword	
[00:00:36]: Mod: PhamNhanTuTien (Phàm Nhân Tu Tiên)	    ttk_boss_sword_mo	
[00:00:36]: Mod: PhamNhanTuTien (Phàm Nhân Tu Tiên)	    ttk_boss_xianjian_builder	
[00:00:36]: Mod: PhamNhanTuTien (Phàm Nhân Tu Tiên)	    ttk_boss_mo_builder	
[00:00:36]: Mod: PhamNhanTuTien (Phàm Nhân Tu Tiên)	  Registering prefab file: prefabs/ttk_boss_swordfx	
[00:00:36]: Mod: PhamNhanTuTien (Phàm Nhân Tu Tiên)	    ttk_boss_sword_ayq	
[00:00:36]: Mod: PhamNhanTuTien (Phàm Nhân Tu Tiên)	    ttk_boss_sword_xi	
[00:00:36]: Mod: PhamNhanTuTien (Phàm Nhân Tu Tiên)	    ttk_boss_sword_mofx1	
[00:00:36]: Mod: PhamNhanTuTien (Phàm Nhân Tu Tiên)	    ttk_boss_sword_mofx2	
[00:00:36]: Mod: PhamNhanTuTien (Phàm Nhân Tu Tiên)	    ttk_boss_sword_mo_tornado	
[00:00:36]: Mod: PhamNhanTuTien (Phàm Nhân Tu Tiên)	    ttk_boss_sword_mo_lightning	
[00:00:36]: Mod: PhamNhanTuTien (Phàm Nhân Tu Tiên)	    ttk_boss_sword_mo_aoe	
[00:00:36]: Mod: PhamNhanTuTien (Phàm Nhân Tu Tiên)	    ttk_boss_weapon_jjfirefx	
[00:00:36]: Mod: PhamNhanTuTien (Phàm Nhân Tu Tiên)	    ttk_boss_sword_red_attackfx	
[00:00:36]: Mod: PhamNhanTuTien (Phàm Nhân Tu Tiên)	    ttk_boss_sword_red_skillfx	
[00:00:36]: Mod: PhamNhanTuTien (Phàm Nhân Tu Tiên)	    ttk_boss_sword_white_skillfx	
[00:00:36]: Mod: PhamNhanTuTien (Phàm Nhân Tu Tiên)	    ttk_boss_sword_blue_skillfx	
[00:00:36]: Mod: PhamNhanTuTien (Phàm Nhân Tu Tiên)	    ttk_boss_sword_green_skillfx	
[00:00:36]: Mod: PhamNhanTuTien (Phàm Nhân Tu Tiên)	    ttk_boss_sword_green_explodefx	
[00:00:36]: Mod: PhamNhanTuTien (Phàm Nhân Tu Tiên)	    ttk_boss_sword_bigskill_redfx	
[00:00:36]: Mod: PhamNhanTuTien (Phàm Nhân Tu Tiên)	    ttk_boss_sword_bigskill_redexplodefx	
[00:00:36]: Mod: PhamNhanTuTien (Phàm Nhân Tu Tiên)	    ttk_boss_sword_bigskill_bluefx	
[00:00:36]: Mod: PhamNhanTuTien (Phàm Nhân Tu Tiên)	    ttk_boss_sword_bigskill_blueexplodefx	
[00:00:36]: Mod: PhamNhanTuTien (Phàm Nhân Tu Tiên)	    ttk_boss_sword_bigskill	
[00:00:36]: Mod: PhamNhanTuTien (Phàm Nhân Tu Tiên)	    ttk_boss_sword_mo_meteorfx	
[00:00:36]: Mod: PhamNhanTuTien (Phàm Nhân Tu Tiên)	    ttk_boss_sword_mo_groundfx	
[00:00:36]: Mod: PhamNhanTuTien (Phàm Nhân Tu Tiên)	    ttk_boss_sword_mo_quanfx	
[00:00:36]: Mod: PhamNhanTuTien (Phàm Nhân Tu Tiên)	    ttk_boss_sword_green_upfx	
[00:00:36]: Mod: PhamNhanTuTien (Phàm Nhân Tu Tiên)	    ttk_boss_sword_mo_skillfx	
[00:00:36]: Mod: PhamNhanTuTien (Phàm Nhân Tu Tiên)	    ttk_boss_sword_mo_boom	
[00:00:36]: Mod: PhamNhanTuTien (Phàm Nhân Tu Tiên)	  Registering prefab file: prefabs/ttk_boss_vortex_fx	
[00:00:36]: Mod: PhamNhanTuTien (Phàm Nhân Tu Tiên)	    ttk_boss_vortex_fx	
[00:00:36]: Mod: PhamNhanTuTien (Phàm Nhân Tu Tiên)	    ttk_boss_vortex_spawner	
[00:00:36]: Mod: PhamNhanTuTien (Phàm Nhân Tu Tiên)	    ttk_boss_fgy_fx	
[00:00:36]: Mod: PhamNhanTuTien (Phàm Nhân Tu Tiên)	    ttk_boss_duanzui_baihu_fx	
[00:00:36]: Mod: PhamNhanTuTien (Phàm Nhân Tu Tiên)	    ttk_boss_duanzui_mojun_fx	
[00:00:36]: Mod: PhamNhanTuTien (Phàm Nhân Tu Tiên)	  Registering prefab file: prefabs/ttk_boss_xjs_curve_fx	
[00:00:36]: Mod: PhamNhanTuTien (Phàm Nhân Tu Tiên)	    ttk_boss_xjs_curve_fx	
[00:00:36]: Mod: PhamNhanTuTien (Phàm Nhân Tu Tiên)	  Registering prefab file: prefabs/ttk_ziyunboss	
[00:00:36]: Mod: PhamNhanTuTien (Phàm Nhân Tu Tiên)	    ttk_ziyunboss	
[00:00:36]: Mod: PhamNhanTuTien (Phàm Nhân Tu Tiên)	    ttk_boss_ziyunboss_flyerfx_cloud	
[00:00:36]: Mod: PhamNhanTuTien (Phàm Nhân Tu Tiên)	    ttk_boss_ziyunboss_channeler	
[00:00:36]: Mod: PhamNhanTuTien (Phàm Nhân Tu Tiên)	    ttk_boss_ziyunboss_shadower	
[00:00:36]: Mod: PhamNhanTuTien (Phàm Nhân Tu Tiên)	    ttk_boss_ziyunboss_shadowent	
[00:00:36]: Mod: PhamNhanTuTien (Phàm Nhân Tu Tiên)	    ttk_boss_ziyunboss_sword	
[00:00:36]: Mod: PhamNhanTuTien (Phàm Nhân Tu Tiên)	    ttk_boss_ziyun_house	
[00:00:36]: Mod: PhamNhanTuTien (Phàm Nhân Tu Tiên)	  Registering prefab file: prefabs/ttk_boss_ziyunjfsn	
[00:00:36]: Mod: PhamNhanTuTien (Phàm Nhân Tu Tiên)	    ttk_boss_ziyunjfsn	
[00:00:36]: Mod: PhamNhanTuTien (Phàm Nhân Tu Tiên)	    ttk_boss_ziyunjfsn_meteor	
[00:00:36]: Mod: PhamNhanTuTien (Phàm Nhân Tu Tiên)	    ttk_boss_ziyunjfsn_fire	
[00:00:36]: Mod: PhamNhanTuTien (Phàm Nhân Tu Tiên)	  Registering prefab file: prefabs/ttk_boss_ziyunminions	
[00:00:36]: Mod: PhamNhanTuTien (Phàm Nhân Tu Tiên)	    ttk_boss_minion1	
[00:00:36]: Mod: PhamNhanTuTien (Phàm Nhân Tu Tiên)	    ttk_boss_minion2	
[00:00:36]: Mod: PhamNhanTuTien (Phàm Nhân Tu Tiên)	    ttk_boss_ziyunminion	
[00:00:36]: Mod: PhamNhanTuTien (Phàm Nhân Tu Tiên)	  Registering prefab file: prefabs/ttk_boss_ziyunswordfx	
[00:00:36]: Mod: PhamNhanTuTien (Phàm Nhân Tu Tiên)	    ttk_boss_ziyunsword_meteorfx	
[00:00:36]: Mod: PhamNhanTuTien (Phàm Nhân Tu Tiên)	    ttk_boss_ziyunsword_groundfx	
[00:00:36]: Mod: PhamNhanTuTien (Phàm Nhân Tu Tiên)	    ttk_boss_ziyunsword_quanfx	
[00:00:36]: Mod: PhamNhanTuTien (Phàm Nhân Tu Tiên)	  Registering prefab file: prefabs/ttk_boss_ziyunwarg	
[00:00:36]: Mod: PhamNhanTuTien (Phàm Nhân Tu Tiên)	    ttk_boss_ziyunwarg_breath_fx	
[00:00:36]: Mod: PhamNhanTuTien (Phàm Nhân Tu Tiên)	    ttk_boss_ziyunwarg	
[00:00:36]: Mod: PhamNhanTuTien (Phàm Nhân Tu Tiên)	  Registering prefab file: prefabs/ttk_boss_collectibles	
[00:00:36]: Mod: PhamNhanTuTien (Phàm Nhân Tu Tiên)	    ttk_boss_baihu_skin	
[00:00:36]: Mod: PhamNhanTuTien (Phàm Nhân Tu Tiên)	    ttk_boss_fs	
[00:00:36]: Mod: PhamNhanTuTien (Phàm Nhân Tu Tiên)	    ttk_boss_qlr	
[00:00:36]: Mod: PhamNhanTuTien (Phàm Nhân Tu Tiên)	    ttk_boss_zcmy	
[00:00:36]: Mod: PhamNhanTuTien (Phàm Nhân Tu Tiên)	    ttk_boss_mgqg	
[00:00:36]: Mod: PhamNhanTuTien (Phàm Nhân Tu Tiên)	    ttk_boss_dy_cyfxd_5	
[00:00:36]: Mod: PhamNhanTuTien (Phàm Nhân Tu Tiên)	    ttk_boss_dy_lmsqd_5	
[00:00:36]: Mod: PhamNhanTuTien (Phàm Nhân Tu Tiên)	    ttk_boss_dy_dmhsd_5	
[00:00:36]: Mod: PhamNhanTuTien (Phàm Nhân Tu Tiên)	    ttk_boss_dy_qxdhd_5	
[00:00:36]: Mod: PhamNhanTuTien (Phàm Nhân Tu Tiên)	    ttk_boss_dy_yfsxd_5	
[00:00:36]: Mod: PhamNhanTuTien (Phàm Nhân Tu Tiên)	    ttk_boss_dy_pshsd_5	
[00:00:36]: Mod: PhamNhanTuTien (Phàm Nhân Tu Tiên)	    ttk_boss_dy_qjqsd_5	
[00:00:36]: Mod: PhamNhanTuTien (Phàm Nhân Tu Tiên)	    ttk_boss_dy_xynyd_5	
[00:00:36]: Mod: PhamNhanTuTien (Phàm Nhân Tu Tiên)	    ttk_boss_dy_hsphd_5	
[00:00:36]: Mod: PhamNhanTuTien (Phàm Nhân Tu Tiên)	    ttk_boss_dy_xttyd_5	
[00:00:36]: Mod: PhamNhanTuTien (Phàm Nhân Tu Tiên)	  Registering prefab file: prefabs/ttk_boss_back_xh	
[00:00:36]: Mod: PhamNhanTuTien (Phàm Nhân Tu Tiên)	    ttk_boss_back_xh	
[00:00:36]: Mod: PhamNhanTuTien (Phàm Nhân Tu Tiên)	  Registering prefab file: prefabs/ttk_boss_zcyseed	
[00:00:36]: Mod: PhamNhanTuTien (Phàm Nhân Tu Tiên)	    ttk_boss_zcyseed	
[00:00:36]: Mod: PhamNhanTuTien (Phàm Nhân Tu Tiên)	    ttk_boss_zcyseed_placer	
[00:00:36]: Mod: PhamNhanTuTien (Phàm Nhân Tu Tiên)	  Registering prefab file: prefabs/ttk_zuichunyan	
[00:00:36]: Mod: PhamNhanTuTien (Phàm Nhân Tu Tiên)	    ttk_zuichunyan_green	
[00:00:36]: Mod: PhamNhanTuTien (Phàm Nhân Tu Tiên)	    ttk_zuichunyan_green_short	
[00:00:36]: Mod: PhamNhanTuTien (Phàm Nhân Tu Tiên)	    ttk_zuichunyan_green_tall	
[00:00:36]: Mod: PhamNhanTuTien (Phàm Nhân Tu Tiên)	    ttk_zuichunyan_purple	
[00:00:36]: Mod: PhamNhanTuTien (Phàm Nhân Tu Tiên)	    ttk_zuichunyan_purple_short	
[00:00:36]: Mod: PhamNhanTuTien (Phàm Nhân Tu Tiên)	    ttk_zuichunyan_purple_tall	
[00:00:36]: Mod: PhamNhanTuTien (Phàm Nhân Tu Tiên)	    ttk_zuichunyan_green_burnt	
[00:00:36]: Mod: PhamNhanTuTien (Phàm Nhân Tu Tiên)	    ttk_zuichunyan_green_stump	
[00:00:36]: Mod: PhamNhanTuTien (Phàm Nhân Tu Tiên)	    ttk_zuichunyan_purple_burnt	
[00:00:36]: Mod: PhamNhanTuTien (Phàm Nhân Tu Tiên)	    ttk_zuichunyan_purple_stump	
[00:00:36]: Mod: PhamNhanTuTien (Phàm Nhân Tu Tiên)	  Registering prefab file: prefabs/ttk_zuichunyan_saplings	
[00:00:36]: Mod: PhamNhanTuTien (Phàm Nhân Tu Tiên)	    ttk_zuichunyan_green_sapling	
[00:00:36]: Mod: PhamNhanTuTien (Phàm Nhân Tu Tiên)	    ttk_zuichunyan_purple_sapling	
[00:00:36]: Mod: PhamNhanTuTien (Phàm Nhân Tu Tiên)	  Registering prefab file: prefabs/ttk_boss_cores	
[00:00:36]: Mod: PhamNhanTuTien (Phàm Nhân Tu Tiên)	    ttk_boss_core_baihu	
[00:00:36]: Mod: PhamNhanTuTien (Phàm Nhân Tu Tiên)	    ttk_boss_core_jfsn	
[00:00:36]: Mod: PhamNhanTuTien (Phàm Nhân Tu Tiên)	    ttk_boss_core_qlch	
[00:00:36]: Mod: PhamNhanTuTien (Phàm Nhân Tu Tiên)	    ttk_boss_core_spiderqueen	
[00:00:36]: Mod: PhamNhanTuTien (Phàm Nhân Tu Tiên)	    ttk_boss_core_stalke_fuben	
[00:00:36]: Mod: PhamNhanTuTien (Phàm Nhân Tu Tiên)	    ttk_boss_core_deerclops_ziyun	
[00:00:36]: Mod: PhamNhanTuTien (Phàm Nhân Tu Tiên)	  Registering prefab file: prefabs/ttk_boss_summons	
[00:00:36]: Mod: PhamNhanTuTien (Phàm Nhân Tu Tiên)	    ttk_summon_baihu	
[00:00:36]: Mod: PhamNhanTuTien (Phàm Nhân Tu Tiên)	    ttk_summon_jfsn	
[00:00:36]: Mod: PhamNhanTuTien (Phàm Nhân Tu Tiên)	    ttk_summon_qlch	
[00:00:36]: Mod: PhamNhanTuTien (Phàm Nhân Tu Tiên)	    ttk_summon_spiderqueen	
[00:00:36]: Mod: PhamNhanTuTien (Phàm Nhân Tu Tiên)	    ttk_summon_stalke_fuben	
[00:00:36]: Mod: PhamNhanTuTien (Phàm Nhân Tu Tiên)	    ttk_summon_deerclops_ziyun	
[00:00:36]: Mod: PhamNhanTuTien (Phàm Nhân Tu Tiên)	  Registering prefab file: prefabs/eva	
[00:00:36]: Mod: PhamNhanTuTien (Phàm Nhân Tu Tiên)	    eva	
[00:00:36]: Mod: PhamNhanTuTien (Phàm Nhân Tu Tiên)	  Registering prefab file: prefabs/eva_none	
[00:00:36]: Mod: PhamNhanTuTien (Phàm Nhân Tu Tiên)	    eva_none	
[00:00:36]: Mod: PhamNhanTuTien (Phàm Nhân Tu Tiên)	  Registering prefab file: prefabs/eva_scythe	
[00:00:36]: Mod: PhamNhanTuTien (Phàm Nhân Tu Tiên)	    eva_scythe	
[00:00:36]: Mod: PhamNhanTuTien (Phàm Nhân Tu Tiên)	  Registering prefab file: prefabs/eva_life_fx	
[00:00:36]: Mod: PhamNhanTuTien (Phàm Nhân Tu Tiên)	    eva_life_projectile	
[00:00:36]: Mod: PhamNhanTuTien (Phàm Nhân Tu Tiên)	    eva_life_aura_fx	
[00:00:36]: Mod: PhamNhanTuTien (Phàm Nhân Tu Tiên)	    eva_life_shield_fx	
[00:00:36]: Mod: PhamNhanTuTien (Phàm Nhân Tu Tiên)	    eva_life_hit_fx	
[00:00:36]: Mod: PhamNhanTuTien (Phàm Nhân Tu Tiên)	    eva_life_heal_fx	
[00:00:36]: Mod: PhamNhanTuTien (Phàm Nhân Tu Tiên)	  Registering prefab file: prefabs/eva_wings_fx	
[00:00:36]: Mod: PhamNhanTuTien (Phàm Nhân Tu Tiên)	    eva_wings_fx	
[00:00:36]: Mod: PhamNhanTuTien (Phàm Nhân Tu Tiên)	  Registering prefab file: prefabs/eva_scythe_array_fx	
[00:00:36]: Mod: PhamNhanTuTien (Phàm Nhân Tu Tiên)	    eva_scythe_array_controller	
[00:00:36]: Mod: PhamNhanTuTien (Phàm Nhân Tu Tiên)	    eva_scythe_array_small_scythe_fx	
[00:00:36]: Mod: PhamNhanTuTien (Phàm Nhân Tu Tiên)	    eva_scythe_array_center_scythe_fx	
[00:00:36]: Mod: PhamNhanTuTien (Phàm Nhân Tu Tiên)	    eva_scythe_array_edge_fx	
[00:00:36]: Mod: PhamNhanTuTien (Phàm Nhân Tu Tiên)	    eva_scythe_array_beam_fx	
[00:00:36]: Mod: PhamNhanTuTien (Phàm Nhân Tu Tiên)	  Registering prefab file: prefabs/eva_combat_fx	
[00:00:36]: Mod: PhamNhanTuTien (Phàm Nhân Tu Tiên)	    eva_melee_wave_fx	
[00:00:36]: Mod: PhamNhanTuTien (Phàm Nhân Tu Tiên)	    eva_daydu_projectile	
[00:00:36]: Mod: PhamNhanTuTien (Phàm Nhân Tu Tiên)	    eva_daydu_hit_fx	
[00:00:36]: Mod: PhamNhanTuTien (Phàm Nhân Tu Tiên)	    eva_daydu_debuff	
[00:00:36]: Mod: PhamNhanTuTien (Phàm Nhân Tu Tiên)	  Registering prefab file: prefabs/eva_harvest_fx	
[00:00:36]: Mod: PhamNhanTuTien (Phàm Nhân Tu Tiên)	    eva_harvest_controller	
[00:00:36]: Mod: PhamNhanTuTien (Phàm Nhân Tu Tiên)	    eva_harvest_vortex_fx	
[00:00:36]: Mod: PhamNhanTuTien (Phàm Nhân Tu Tiên)	  Registering prefab file: prefabs/eva_fox_fx	
[00:00:36]: Mod: PhamNhanTuTien (Phàm Nhân Tu Tiên)	    eva_fox_depart_fx	
[00:00:36]: Mod: PhamNhanTuTien (Phàm Nhân Tu Tiên)	    eva_fox_arrive_fx	
[00:00:36]: Mod: PhamNhanTuTien (Phàm Nhân Tu Tiên)	    eva_fox_fire_fx	
[00:00:36]: Mod: PhamNhanTuTien (Phàm Nhân Tu Tiên)	  Registering prefab file: prefabs/eva_skillbook	
[00:00:36]: Mod: PhamNhanTuTien (Phàm Nhân Tu Tiên)	    eva_skillbook	
[00:00:36]: Mod: PhamNhanTuTien (Phàm Nhân Tu Tiên)	  Registering default mod prefab	
[00:00:39]: Warning - Inconsistent use of ALT_RENDERPATH on ANIM asset '../mods/PhamNhanTuTien/anim/xd_sword_mo.zip'
[00:00:39]: Reloading for ALT_RENDERPATH
[00:00:39]: Warning - Inconsistent use of ALT_RENDERPATH on ANIM asset '../mods/PhamNhanTuTien/anim/xd_sword_mo_bz.zip'
[00:00:39]: Reloading for ALT_RENDERPATH
[00:00:39]: Warning - Inconsistent use of ALT_RENDERPATH on ANIM asset '../mods/PhamNhanTuTien/anim/xd_sword_red.zip'
[00:00:39]: Reloading for ALT_RENDERPATH
[00:00:40]: Warning - Inconsistent use of ALT_RENDERPATH on ANIM asset '../mods/PhamNhanTuTien/anim/xd_sword_mo_quanfx.zip'
[00:00:40]: Reloading for ALT_RENDERPATH
[00:00:40]: Tried to add build [xd_npxsz] from file [../mods/PhamNhanTuTien/anim/ttk_npxsz.zip] but we've already added a build with that name!
[00:00:41]: Tried to add build [xd_spider_puff] from file [../mods/PhamNhanTuTien/anim/ttk_spider_puff.zip] but we've already added a build with that name!
[00:00:41]: Tried to add build [cloak_fx] from file [../mods/PhamNhanTuTien/anim/vanhonphien_cloakfx.zip] but we've already added a build with that name!
[00:00:41]: Tried to add build [xd_vortex_fx] from file [../mods/PhamNhanTuTien/anim/vanhonphien_vortexfx.zip] but we've already added a build with that name!
[00:00:41]: Warning - Inconsistent use of ALT_RENDERPATH on ANIM asset '../mods/PhamNhanTuTien/anim/xd_sword_fj.zip'
[00:00:41]: Reloading for ALT_RENDERPATH
[00:00:41]: Warning - Inconsistent use of ALT_RENDERPATH on ANIM asset '../mods/PhamNhanTuTien/anim/xd_sword_blue.zip'
[00:00:41]: Reloading for ALT_RENDERPATH
[00:00:41]: Warning - Inconsistent use of ALT_RENDERPATH on ANIM asset '../mods/PhamNhanTuTien/anim/xd_sword_mo_quanfx.zip'
[00:00:41]: Reloading for ALT_RENDERPATH
[00:00:41]: Warning - Inconsistent use of ALT_RENDERPATH on ANIM asset '../mods/PhamNhanTuTien/anim/xd_sword_mo_meteorfx.zip'
[00:00:41]: Reloading for ALT_RENDERPATH
[00:00:41]: Warning - Inconsistent use of ALT_RENDERPATH on ANIM asset '../mods/PhamNhanTuTien/anim/xd_sword_mo_skillfx.zip'
[00:00:41]: Reloading for ALT_RENDERPATH
[00:00:41]: Warning - Inconsistent use of ALT_RENDERPATH on ANIM asset '../mods/PhamNhanTuTien/anim/xd_sword_mo_meteorfx.zip'
[00:00:41]: Reloading for ALT_RENDERPATH
[00:00:41]: Warning - Inconsistent use of ALT_RENDERPATH on ANIM asset '../mods/PhamNhanTuTien/anim/xd_sword_mo_meteorfx.zip'
[00:00:41]: Reloading for ALT_RENDERPATH
[00:00:41]: Warning - Inconsistent use of ALT_RENDERPATH on ANIM asset '../mods/PhamNhanTuTien/anim/xd_sword_bigskill.zip'
[00:00:41]: Reloading for ALT_RENDERPATH
[00:00:41]: Warning - Inconsistent use of ALT_RENDERPATH on ANIM asset '../mods/PhamNhanTuTien/anim/xd_sword_bigskill_bluefx.zip'
[00:00:41]: Reloading for ALT_RENDERPATH
[00:00:41]: Warning - Inconsistent use of ALT_RENDERPATH on ANIM asset '../mods/PhamNhanTuTien/anim/xd_sword_bigskill_redfx.zip'
[00:00:41]: Reloading for ALT_RENDERPATH
[00:00:41]: Warning - Inconsistent use of ALT_RENDERPATH on ANIM asset '../mods/PhamNhanTuTien/anim/xd_sword_green.zip'
[00:00:41]: Reloading for ALT_RENDERPATH
[00:00:41]: Warning - Inconsistent use of ALT_RENDERPATH on ANIM asset '../mods/PhamNhanTuTien/anim/xd_sword_green_skillfx.zip'
[00:00:41]: Reloading for ALT_RENDERPATH
[00:00:41]: Warning - Inconsistent use of ALT_RENDERPATH on ANIM asset '../mods/PhamNhanTuTien/anim/xd_sword_blue.zip'
[00:00:41]: Reloading for ALT_RENDERPATH
[00:00:42]: Warning - Inconsistent use of ALT_RENDERPATH on ANIM asset '../mods/PhamNhanTuTien/anim/xd_sword_white_skillfx.zip'
[00:00:42]: Reloading for ALT_RENDERPATH
[00:00:42]: Warning - Inconsistent use of ALT_RENDERPATH on ANIM asset '../mods/PhamNhanTuTien/anim/xd_sword_red_skillfx.zip'
[00:00:42]: Reloading for ALT_RENDERPATH
[00:00:42]: Warning - Inconsistent use of ALT_RENDERPATH on ANIM asset '../mods/PhamNhanTuTien/anim/xd_sword_mo.zip'
[00:00:42]: Reloading for ALT_RENDERPATH
[00:00:42]: Warning - Inconsistent use of ALT_RENDERPATH on ANIM asset '../mods/PhamNhanTuTien/anim/xd_sword_mo_bz.zip'
[00:00:42]: Reloading for ALT_RENDERPATH
[00:00:42]: Warning - Inconsistent use of ALT_RENDERPATH on ANIM asset '../mods/PhamNhanTuTien/anim/xd_sword_mo_skill.zip'
[00:00:42]: Reloading for ALT_RENDERPATH
[00:00:42]: Warning - Inconsistent use of ALT_RENDERPATH on ANIM asset '../mods/PhamNhanTuTien/anim/xd_htz_rotationsword.zip'
[00:00:42]: Reloading for ALT_RENDERPATH
[00:00:42]: Warning - Inconsistent use of ALT_RENDERPATH on ANIM asset '../mods/PhamNhanTuTien/anim/xd_sword_green.zip'
[00:00:42]: Reloading for ALT_RENDERPATH
[00:00:42]: Warning - Inconsistent use of ALT_RENDERPATH on ANIM asset '../mods/PhamNhanTuTien/anim/xd_sword_red.zip'
[00:00:42]: Reloading for ALT_RENDERPATH
[00:00:42]: Tried to add build [xd_spider_leg] from file [../mods/PhamNhanTuTien/anim/ttk_spider_leg.zip] but we've already added a build with that name!
[00:00:42]: Warning - Inconsistent use of ALT_RENDERPATH on ANIM asset '../mods/PhamNhanTuTien/anim/xd_qlch_charge.zip'
[00:00:42]: Reloading for ALT_RENDERPATH
[00:00:42]: Warning - Inconsistent use of ALT_RENDERPATH on ANIM asset '../mods/PhamNhanTuTien/anim/xd_qlch_charge.zip'
[00:00:42]: Reloading for ALT_RENDERPATH
[00:00:42]: Tried to add build [xd_futu] from file [../mods/PhamNhanTuTien/anim/ttk_futu.zip] but we've already added a build with that name!
[00:00:45]: Tried to add build [xd_qlch] from file [../mods/PhamNhanTuTien/anim/ttk_skin_spirit.zip] but we've already added a build with that name!
[00:00:45]: Warning - Inconsistent use of ALT_RENDERPATH on ANIM asset '../mods/PhamNhanTuTien/anim/xd_sword_green.zip'
[00:00:45]: Reloading for ALT_RENDERPATH
[00:00:45]: Warning - Inconsistent use of ALT_RENDERPATH on ANIM asset '../mods/PhamNhanTuTien/anim/xd_sword_bigskill_blueexplodefx.zip'
[00:00:45]: Reloading for ALT_RENDERPATH
[00:00:45]: Tried to add build [xd_spider_pro] from file [../mods/PhamNhanTuTien/anim/ttk_spider_pro.zip] but we've already added a build with that name!
[00:00:45]: Tried to add build [xd_slow_buff_ent] from file [../mods/PhamNhanTuTien/anim/ttk_slow_buff_ent.zip] but we've already added a build with that name!
[00:00:46]: Tried to add build [xd_spider] from file [../mods/PhamNhanTuTien/anim/ttk_spider.zip] but we've already added a build with that name!
[00:00:46]: Tried to add build [lavaarena_boarrior_basic] from file [../mods/PhamNhanTuTien/anim/igris_dungeon.zip] but we've already added a build with that name!
[00:00:46]: Warning - Inconsistent use of ALT_RENDERPATH on ANIM asset '../mods/PhamNhanTuTien/anim/xd_sword_green.zip'
[00:00:46]: Reloading for ALT_RENDERPATH
[00:00:46]: Warning - Inconsistent use of ALT_RENDERPATH on ANIM asset '../mods/PhamNhanTuTien/anim/xd_sword_bigskill_redexplodefx.zip'
[00:00:46]: Reloading for ALT_RENDERPATH
[00:00:46]: Tried to add build [xd_spiderden] from file [../mods/PhamNhanTuTien/anim/ttk_spiderden.zip] but we've already added a build with that name!
[00:00:46]: Warning - Inconsistent use of ALT_RENDERPATH on ANIM asset '../mods/PhamNhanTuTien/anim/xd_sword_green.zip'
[00:00:46]: Reloading for ALT_RENDERPATH
[00:00:46]: Warning - Inconsistent use of ALT_RENDERPATH on ANIM asset '../mods/PhamNhanTuTien/anim/xd_sword_mo_meteorfx.zip'
[00:00:46]: Reloading for ALT_RENDERPATH
[00:00:47]: 	LOAD BE	
[00:00:54]: Tried to add build [daywalker_phase3] from file [anim/daywalker_phase3.zip] but we've already added a build with that name!
[00:01:00]: 	LOAD BE: done	
[00:01:00]: Begin Session: 6C421331FF514E8D
[00:01:00]: saving to server_temp/server_save	
[00:01:00]: MiniMapComponent::AddAtlas( minimap/minimap_data1.xml )
[00:01:00]: MiniMapComponent::AddAtlas( minimap/minimap_data2.xml )
[00:01:00]: MiniMapComponent::AddAtlas( ../mods/PhamNhanTuTien/images/map_icons/ttk_hhlmz.xml )
[00:01:00]: MiniMapComponent::AddAtlas( ../mods/PhamNhanTuTien/images/map_icons/ttk_fsct.xml )
[00:01:00]: MiniMapComponent::AddAtlas( ../mods/PhamNhanTuTien/images/map_icons/ttk_tree_yhs.xml )
[00:01:00]: MiniMapComponent::AddAtlas( ../mods/PhamNhanTuTien/images/map_icons/ttk_tree_yxs.xml )
[00:01:00]: MiniMapComponent::AddAtlas( ../mods/PhamNhanTuTien/images/map_icons/ttk_flower_md.xml )
[00:01:00]: MiniMapComponent::AddAtlas( ../mods/PhamNhanTuTien/images/map_icons/ttk_flower_bmg.xml )
[00:01:00]: MiniMapComponent::AddAtlas( ../mods/PhamNhanTuTien/images/map_icons/ttk_gj.xml )
[00:01:00]: MiniMapComponent::AddAtlas( ../mods/PhamNhanTuTien/images/map_icons/ttk_tree_ls.xml )
[00:01:00]: MiniMapComponent::AddAtlas( ../mods/PhamNhanTuTien/images/map_icons/ttk_flower_bh.xml )
[00:01:00]: MiniMapComponent::AddAtlas( ../mods/PhamNhanTuTien/images/map_icons/ttk_flower_pgy.xml )
[00:01:00]: MiniMapComponent::AddAtlas( ../mods/PhamNhanTuTien/images/map_icons/ttk_flower_ll.xml )
[00:01:00]: MiniMapComponent::AddAtlas( ../mods/PhamNhanTuTien/images/map_icons/ttk_tree_df.xml )
[00:01:00]: MiniMapComponent::AddAtlas( ../mods/PhamNhanTuTien/images/map_icons/ttk_flower_mlh.xml )
[00:01:00]: MiniMapComponent::AddAtlas( ../mods/PhamNhanTuTien/images/map_icons/ttk_luoshen_hua.xml )
[00:01:00]: MiniMapComponent::AddAtlas( ../mods/PhamNhanTuTien/images/map_icons/ttk_pflnw.xml )
[00:01:00]: MiniMapComponent::AddAtlas( ../mods/PhamNhanTuTien/images/map_icons/ttk_dc.xml )
[00:01:00]: MiniMapComponent::AddAtlas( ../mods/PhamNhanTuTien/images/map_icons/ttk_lbx.xml )
[00:01:00]: MiniMapComponent::AddAtlas( ../mods/PhamNhanTuTien/images/map_icons/ttk_klxw.xml )
[00:01:00]: MiniMapComponent::AddAtlas( ../mods/PhamNhanTuTien/images/map_icons/ttk_mg.xml )
[00:01:00]: MiniMapComponent::AddAtlas( ../mods/PhamNhanTuTien/images/map_icons/ttk_ftys.xml )
[00:01:00]: MiniMapComponent::AddAtlas( ../mods/PhamNhanTuTien/images/map_icons/ttk_lgzbh.xml )
[00:01:00]: MiniMapComponent::AddAtlas( ../mods/PhamNhanTuTien/images/map_icons/ttk_dbg.xml )
[00:01:00]: MiniMapComponent::AddAtlas( ../mods/PhamNhanTuTien/images/map_icons/ttk_gjx.xml )
[00:01:00]: MiniMapComponent::AddAtlas( ../mods/PhamNhanTuTien/images/map_icons/ttk_sj_kls.xml )
[00:01:00]: MiniMapComponent::AddAtlas( ../mods/PhamNhanTuTien/images/map_icons/ttk_lbjlt.xml )
[00:01:00]: MiniMapComponent::AddAtlas( ../mods/PhamNhanTuTien/images/map_icons/ttk_jitan.xml )
[00:01:00]: MiniMapComponent::AddAtlas( ../mods/PhamNhanTuTien/images/map_icons/ttk_llbx.xml )
[00:01:00]: MiniMapComponent::AddAtlas( ../mods/PhamNhanTuTien/images/map_icons/ttk_qljq.xml )
[00:01:00]: MiniMapComponent::AddAtlas( ../mods/PhamNhanTuTien/images/map_icons/ttk_sgc.xml )
[00:01:00]: MiniMapComponent::AddAtlas( ../mods/PhamNhanTuTien/images/map_icons/ttk_qwsk.xml )
[00:01:00]: MiniMapComponent::AddAtlas( ../mods/PhamNhanTuTien/images/map_icons/ttk_flower_sfr.xml )
[00:01:00]: MiniMapComponent::AddAtlas( ../mods/PhamNhanTuTien/images/map_icons/ttk_flower_zyh.xml )
[00:01:00]: MiniMapComponent::AddAtlas( ../mods/PhamNhanTuTien/images/map_icons/ttk_crc.xml )
[00:01:00]: MiniMapComponent::AddAtlas( ../mods/PhamNhanTuTien/images/map_icons/ttk_flower_yl.xml )
[00:01:00]: MiniMapComponent::AddAtlas( ../mods/PhamNhanTuTien/images/map_icons/ttk_yunxiao_portable_spicer.xml )
[00:01:00]: MiniMapComponent::AddAtlas( ../mods/PhamNhanTuTien/images/map_icons/ttk_wsjx.xml )
[00:01:00]: MiniMapComponent::AddAtlas( ../mods/PhamNhanTuTien/images/map_icons/ttk_tree_yls.xml )
[00:01:00]: MiniMapComponent::AddAtlas( ../mods/PhamNhanTuTien/images/map_icons/ttk_ylxq.xml )
[00:01:00]: MiniMapComponent::AddAtlas( ../mods/PhamNhanTuTien/images/map_icons/ttk_ylxc.xml )
[00:01:00]: MiniMapComponent::AddAtlas( ../mods/PhamNhanTuTien/images/ttt_portal/icon.xml )
[00:01:00]: MiniMapComponent::AddAtlas( ../mods/PhamNhanTuTien/images/inventoryimages/ttt_portal_gcsz.xml )
[00:01:00]: MiniMapComponent::AddAtlas( ../mods/PhamNhanTuTien/minimap/deluxe_firepit.xml )
[00:01:00]: MiniMapComponent::AddAtlas( ../mods/PhamNhanTuTien/minimap/endo_firepit.xml )
[00:01:00]: MiniMapComponent::AddAtlas( ../mods/PhamNhanTuTien/minimap/ice_star.xml )
[00:01:00]: MiniMapComponent::AddAtlas( ../mods/PhamNhanTuTien/minimap/heat_star.xml )
[00:01:00]: MiniMapComponent::AddAtlas( ../mods/PhamNhanTuTien/images/map_icons/ttk_tianjiwu.xml )
[00:01:00]: MiniMapComponent::AddAtlas( ../mods/PhamNhanTuTien/images/map_icons/ttk_zzxhcx.xml )
[00:01:00]: MiniMapComponent::AddAtlas( ../mods/PhamNhanTuTien/images/map_icons/ttk_lycx.xml )
[00:01:00]: MiniMapComponent::AddAtlas( ../mods/PhamNhanTuTien/images/map_icons/ttk_spiderden.xml )
[00:01:00]: MiniMapComponent::AddAtlas( ../mods/PhamNhanTuTien/images/map_icons/ttk_pog_house.xml )
[00:01:00]: MiniMapComponent::AddAtlas( ../mods/PhamNhanTuTien/images/map_icons/ttk_choujiangji.xml )
[00:01:00]: MiniMapComponent::AddAtlas( ../mods/PhamNhanTuTien/images/map_icons/ttk_hyc.xml )
[00:01:00]: MiniMapComponent::AddAtlas( ../mods/PhamNhanTuTien/images/map_icons/ttk_tree_xhs.xml )
[00:01:00]: MiniMapComponent::AddAtlas( ../mods/PhamNhanTuTien/images/map_icons/ttk_hmsw.xml )
[00:01:00]: MiniMapComponent::AddAtlas( ../mods/PhamNhanTuTien/images/map_icons/ttk_rock1.xml )
[00:01:00]: MiniMapComponent::AddAtlas( ../mods/PhamNhanTuTien/images/map_icons/ttk_rock2.xml )
[00:01:00]: MiniMapComponent::AddAtlas( ../mods/PhamNhanTuTien/images/map_icons/ttk_rock3.xml )
[00:01:00]: MiniMapComponent::AddAtlas( ../mods/PhamNhanTuTien/images/ttk_spirit_workshop/icon.xml )
[00:01:00]: MiniMapComponent::AddAtlas( ../mods/PhamNhanTuTien/images/hh_icon/hh_weapon.xml )
[00:01:00]: MiniMapComponent::AddAtlas( ../mods/PhamNhanTuTien/images/hh_icon/hh_suit_build.xml )
[00:01:00]: MiniMapComponent::AddAtlas( ../mods/PhamNhanTuTien/images/hh_icon/hh_items.xml )
[00:01:00]: MiniMapComponent::AddAtlas( ../mods/PhamNhanTuTien/images/lo_ren.xml )
[00:01:00]: MiniMapComponent::AddAtlas( ../mods/PhamNhanTuTien/images/nn_icebox.xml )
[00:01:00]: MiniMapComponent::AddAtlas( ../mods/PhamNhanTuTien/images/nn_well.xml )
[00:01:00]: MiniMapComponent::AddAtlas( ../mods/PhamNhanTuTien/images/hh_hac_nguyet_ho.xml )
[00:01:00]: MiniMapComponent::AddAtlas( ../mods/PhamNhanTuTien/images/nn_teleport.xml )
[00:01:00]: MiniMapComponent::AddAtlas( ../mods/PhamNhanTuTien/images/dsc.xml )
[00:01:00]: MiniMapComponent::AddAtlas( ../mods/PhamNhanTuTien/images/minimap/gate_reset.xml )
[00:01:00]: MiniMapComponent::AddAtlas( ../mods/PhamNhanTuTien/images/minimap/gate_low.xml )
[00:01:00]: MiniMapComponent::AddAtlas( ../mods/PhamNhanTuTien/images/minimap/gate_high.xml )
[00:01:00]: MiniMapComponent::AddAtlas( ../mods/PhamNhanTuTien/images/minimap/gate_reset_max.xml )
[00:01:00]: MiniMapComponent::AddAtlas( ../mods/PhamNhanTuTien/images/minimap/gate_low_max.xml )
[00:01:00]: MiniMapComponent::AddAtlas( ../mods/PhamNhanTuTien/images/minimap/gate_high_max.xml )
[00:01:00]: MiniMapComponent::AddAtlas( ../mods/PhamNhanTuTien/images/hh_icon/hh_macanh_shadow.xml )
[00:01:00]: MiniMapComponent::AddAtlas( ../mods/PhamNhanTuTien/images/hh_icon/hh_hacanh_shadow.xml )
[00:01:00]: MiniMapComponent::AddAtlas( ../mods/PhamNhanTuTien/images/hh_icon/guild_staff.xml )
[00:01:00]: MiniMapComponent::AddAtlas( ../mods/PhamNhanTuTien/images/map_icons/ttk_zuichunyan_green.xml )
[00:01:00]: MiniMapComponent::AddAtlas( ../mods/PhamNhanTuTien/images/map_icons/ttk_zuichunyan_purple.xml )
[00:01:00]: MiniMapComponent::AddAtlas( ../mods/PhamNhanTuTien/images/map_icons/ttk_zuichunyan_stump.xml )
[00:01:00]: MiniMapComponent::AddAtlas( ../mods/PhamNhanTuTien/images/map_icons/ttk_zuichunyan_burnt.xml )
[00:01:00]: MiniMapComponent::AddAtlas( ../mods/PhamNhanTuTien/images/map_icons/eva.xml )
[00:01:00]: Loading 20 new character(s)	
[00:01:01]: Total 20 character(s) loaded	
[00:01:03]: Loading Nav Grid	
[00:01:03]: World generated on build 747465 with save version: 5.23, using seed: 1528418060	
[00:01:07]: Reconstructing topology	
[00:01:07]: 	...Sorting points	
[00:01:07]: 	...Sorting edges	
[00:01:07]: 	...Connecting nodes	
[00:01:07]: 	...Validating connections	
[00:01:07]: 	...Housekeeping	
[00:01:07]: 	...Done!	
[00:01:07]: [Special Event] Setting up crow_carnival	
[00:01:08]: 1 uploads added to server. From server_temp
[00:01:08]: Telling Client our new session identifier: 6C421331FF514E8D
[00:01:09]: Skipping portal[1] (no available shard [Caves] connected)	
[00:01:09]: Skipping portal[2] (no available shard [Caves] connected)	
[00:01:09]: Skipping portal[3] (no available shard [Caves] connected)	
[00:01:09]: Skipping portal[4] (no available shard [Caves] connected)	
[00:01:09]: Skipping portal[5] (no available shard [Caves] connected)	
[00:01:09]: Skipping portal[6] (no available shard [Caves] connected)	
[00:01:09]: Skipping portal[7] (no available shard [Caves] connected)	
[00:01:09]: Skipping portal[8] (no available shard [Caves] connected)	
[00:01:09]: Skipping portal[9] (no available shard [Caves] connected)	
[00:01:09]: Skipping portal[oceanwhirlbigportal] (no available shard [Caves] connected)	
[00:01:09]: Skipping portal[10] (no available shard [Caves] connected)	
[00:01:10]: Invalid RPC sender list
[00:01:10]: [TuTienKy] Spirit mines: 24/24 new natural mines (autumn).	
[00:01:10]: Invalid RPC sender list
[00:01:10]: Invalid RPC sender list
[00:01:10]: EVA_ACTIVE_SKILLS_STARTED	
[00:01:10]: Invalid RPC sender list
[00:01:11]: Invalid RPC sender list
[00:01:11]: Invalid RPC sender list
[00:01:11]: Invalid RPC sender list
[00:01:11]: Invalid RPC sender list
[00:01:11]: Invalid RPC sender list
[00:01:11]: Invalid RPC sender list
[00:01:12]: Invalid RPC sender list
[00:01:12]: Invalid RPC sender list
[00:01:12]: Invalid RPC sender list
[00:01:12]: Invalid RPC sender list
[00:01:12]: Invalid RPC sender list
[00:01:12]: Invalid RPC sender list
[00:01:12]: Invalid RPC sender list
[00:01:12]: Invalid RPC sender list
[00:01:13]: Invalid RPC sender list
[00:01:13]: Invalid RPC sender list
[00:01:13]: Invalid RPC sender list
[00:01:13]: Invalid RPC sender list
[00:01:13]: Invalid RPC sender list
[00:01:13]: Invalid RPC sender list
[00:01:13]: Invalid RPC sender list
[00:01:13]: Invalid RPC sender list
[00:01:13]: EVA_FOX_STARTED	
[00:01:14]: Invalid RPC sender list
[00:01:14]: Invalid RPC sender list
[00:01:14]: Invalid RPC sender list
[00:01:14]: Invalid RPC sender list
[00:01:14]: Invalid RPC sender list
[00:01:14]: Invalid RPC sender list
[00:01:14]: Invalid RPC sender list
[00:01:14]: Invalid RPC sender list
[00:01:14]: Invalid RPC sender list
[00:01:15]: Invalid RPC sender list
[00:01:15]: Invalid RPC sender list
[00:01:15]: [System Message] Frostjaw vừa tái sinh.
[00:01:15]: Invalid RPC sender list
[00:01:15]: Invalid RPC sender list
[00:01:15]: Invalid RPC sender list
[00:01:15]: Invalid RPC sender list
[00:01:15]: Invalid RPC sender list
[00:01:15]: Invalid RPC sender list
[00:01:15]: Invalid RPC sender list
[00:01:16]: Invalid RPC sender list
[00:01:16]: Invalid RPC sender list
[00:01:16]: Invalid RPC sender list
[00:01:16]: Invalid RPC sender list
[00:01:16]: Invalid RPC sender list
[00:01:16]: Invalid RPC sender list
[00:01:16]: Invalid RPC sender list
[00:01:16]: Invalid RPC sender list
[00:01:16]: Invalid RPC sender list
[00:01:17]: Invalid RPC sender list
[00:01:17]: Invalid RPC sender list
[00:01:17]: Invalid RPC sender list
[00:01:17]: Invalid RPC sender list
[00:01:17]: Invalid RPC sender list
[00:01:17]: Invalid RPC sender list
[00:01:17]: Invalid RPC sender list
[00:01:17]: Invalid RPC sender list
[00:01:17]: Invalid RPC sender list
[00:01:18]: Invalid RPC sender list
[00:01:18]: Invalid RPC sender list
[00:01:18]: Invalid RPC sender list
[00:01:18]: Invalid RPC sender list
[00:01:18]: Invalid RPC sender list
[00:01:18]: Invalid RPC sender list
[00:01:18]: Invalid RPC sender list
[00:01:18]: Invalid RPC sender list
[00:01:18]: Invalid RPC sender list
[00:01:19]: Invalid RPC sender list
[00:01:19]: Invalid RPC sender list
[00:01:19]: Invalid RPC sender list
[00:01:19]: Invalid RPC sender list
[00:01:19]: Invalid RPC sender list
[00:01:19]: Invalid RPC sender list
[00:01:19]: Invalid RPC sender list
[00:01:20]: Invalid RPC sender list
[00:01:20]: Invalid RPC sender list
[00:01:20]: Invalid RPC sender list
[00:01:20]: Invalid RPC sender list
[00:01:20]: Invalid RPC sender list
[00:01:20]: Invalid RPC sender list
[00:01:20]: Invalid RPC sender list
[00:01:21]: Invalid RPC sender list
[00:01:21]: Invalid RPC sender list
[00:01:21]: Invalid RPC sender list
[00:01:21]: Invalid RPC sender list
[00:01:21]: Invalid RPC sender list
[00:01:21]: Invalid RPC sender list
[00:01:21]: Invalid RPC sender list
[00:01:22]: Invalid RPC sender list
[00:01:22]: Invalid RPC sender list
[00:01:22]: Invalid RPC sender list
[00:01:22]: Invalid RPC sender list
[00:01:22]: Invalid RPC sender list
[00:01:22]: Invalid RPC sender list
[00:01:22]: Invalid RPC sender list
[00:01:23]: Invalid RPC sender list
[00:01:23]: Invalid RPC sender list
[00:01:23]: Invalid RPC sender list
[00:01:23]: Invalid RPC sender list
[00:01:23]: Invalid RPC sender list
[00:01:23]: Invalid RPC sender list
[00:01:23]: Invalid RPC sender list
[00:01:24]: Invalid RPC sender list
[00:01:24]: Invalid RPC sender list
[00:01:24]: Invalid RPC sender list
[00:01:24]: Invalid RPC sender list
[00:01:24]: Invalid RPC sender list
[00:01:24]: Invalid RPC sender list
[00:01:24]: Invalid RPC sender list
[00:01:25]: Invalid RPC sender list
[00:01:25]: Invalid RPC sender list
[00:01:25]: Invalid RPC sender list
[00:01:25]: Invalid RPC sender list
[00:01:25]: Invalid RPC sender list
[00:01:25]: Invalid RPC sender list
[00:01:27]: EVA_SMOKE_PASS	
[00:01:27]: c_shutdown	true	
[00:01:27]: Available disk space for save files: 332817 MB
[00:01:28]: Serializing world: session/6C421331FF514E8D/0000000003
Updates 0Seconds elapsed: 87.854 fps:0
Saving Dedicated server data...
[00:01:28]: Available disk space for save files: 332814 MB
[00:01:29]: Serializing world: session/6C421331FF514E8D/0000000004
[00:01:29]: Collecting garbage...
[00:01:29]: lua_gc took 0.61 seconds
[00:01:30]: ~ShardLuaProxy()
[00:01:30]: ~cEventLeaderboardProxy()
[00:01:30]: ~ItemServerLuaProxy()
[00:01:30]: ~InventoryLuaProxy()
[00:01:30]: ~NetworkLuaProxy()
[00:01:30]: ~SimLuaProxy()
[00:01:30]: lua_close took 0.57 seconds
[00:01:30]:  Manager - ORPHANED UNKNOWN RESOURCES:
[00:01:30]: ../mods/PhamNhanTuTien/images/inventoryimages/ttk_lucnguyenkiemdong.xml - 7
[00:01:30]:  Manager - ORPHANED UNKNOWN RESOURCES:
[00:01:30]: ../mods/PhamNhanTuTien/anim/ttk_lucnguyen_hoa.zip - 7
[00:01:30]: ../mods/PhamNhanTuTien/anim/ttk_lucnguyen_weapon.zip - 7
[00:01:30]: anim/impact.zip - 2
[00:01:30]: ../mods/PhamNhanTuTien/anim/ttk_lucnguyen_tho.zip - 7
[00:01:30]: ../mods/PhamNhanTuTien/anim/ttk_lucnguyen_kim.zip - 7
[00:01:30]: anim/splash_water_drop.zip - 3
[00:01:30]: ../mods/PhamNhanTuTien/anim/ttk_lucnguyen_loi.zip - 7
[00:01:30]: ../mods/PhamNhanTuTien/anim/ttk_lucnguyen_thuy.zip - 7
[00:01:30]: ../mods/PhamNhanTuTien/anim/ttk_lucnguyen_moc.zip - 7
[00:01:30]: CurlRequestManager::ClientThread::Main() complete
[00:01:30]: HttpClient2 discarded 0 callbacks.
[00:01:30]: Shutting down