Query for operating system info failed. Error code = 0x%X80041003
[00:00:00]: 
System Memory:
	Memory Load: 85%
	Available Physical Memory: 2108m/14188m
	Available Page File: 2902m/18796m
	Available Virtual Memory: 134213512m/134217727m
	Available Extended Virtual Memory: 0m
[00:00:00]: 
Process Memory:
	Peak Working Set Size: 14m
	Working Set Size: 14m
	Quota Peak Page Pool Usage: 162k
	Quota Page Pool Usage: 159k
	Quota Peak Non Paged Pool Usage:15k
	Quota Non Paged Pool Usage: 13k
	Page File Usage: 3m
	Peak Page File Usage: 3m
[00:00:00]: PersistRootStorage is now C:\Users\hoanc\company\dst_wiki\mods\solo-assets-work\lam-phuong\runtime-ttk\storage//audit/Cluster_LamPhuong/Master/ 
[00:00:00]: Starting Up
[00:00:00]: Version: 747465
[00:00:00]: Current time: Sun Sep 20 18:49:10 2026

[00:00:00]: Don't Starve Together: 747465 WIN32
[00:00:00]: Build Date: 4239
[00:00:00]: Mode: 64-bit
[00:00:00]: Parsing command line
[00:00:00]: Command Line Arguments: -persistent_storage_root C:\Users\hoanc\company\dst_wiki\mods\solo-assets-work\lam-phuong\runtime-ttk\storage -conf_dir audit -cluster Cluster_LamPhuong -shard Master -offline -console -skip_update_server_mods 
[00:00:00]: [WARNING] -console has been deprecated: Use the [MISC] / console_enabled setting instead.
[00:00:00]: Initializing distribution platform
[00:00:00]: Initializing Minidump handler
[00:00:00]: ....Done
[00:00:00]: ....Done
[00:00:00]: Fixing DPI
[00:00:00]: ...Done
[00:00:00]: ProfileIndex:2.38
[00:00:00]: Mounting file system databundles/klump.zip successful.
[00:00:00]: Mounting file system databundles/shaders.zip successful.
[00:00:00]: Mounting file system databundles/fonts.zip successful.
[00:00:00]: THREAD - started 'GAClient' (15452)
[00:00:00]: CurlRequestManager::ClientThread::Main()
[00:00:00]: Mounting file system databundles/anim_dynamic.zip successful.
[00:00:00]: Mounting file system databundles/bigportraits.zip successful.
[00:00:00]: Mounting file system databundles/images.zip successful.
[00:00:00]: Mounting file system databundles/scripts.zip successful.
[00:00:00]: [Steam] SteamGameServer_Init(10999, 27016)
[00:00:00]: [Steam] SteamGameServer_Init(10999, 27017)
[00:00:00]: [Steam] SteamGameServer_Init(10999, 27018)
[00:00:00]: [Steam] SteamGameServer_Init(10999, 27019)
[00:00:00]: [Steam] SteamGameServer_Init(10999, 27020)
[00:00:00]: [Steam] SteamGameServer_Init(10999, 27021)
[00:00:00]: [Steam] SteamGameServer_Init(10999, 27022)
[00:00:00]: [Steam] SteamGameServer_Init(10999, 27023)
[00:00:00]: [Steam] SteamGameServer_Init(10999, 27024)
[00:00:00]: [Steam] SteamGameServer_Init(10999, 27025)
[00:00:00]: [Warning] SteamGameServer_Init failed
[00:00:00]: Your server will still start, but some Steam functionality may be missing.
[00:00:00]: Steam Workshop functionality will be disabled.
[00:00:00]: Steam ports can be configured through command line by adding:
[00:00:00]: -steam_authentication_port 12345 -steam_master_server_port 12346
[00:00:00]: or through settings.ini, under the [network] heading
[00:00:00]: steam_authentication_port = 12345
[00:00:00]: steam_master_server_port  = 12346
[00:00:00]: Master server port: 27016
[00:00:00]: [Connect] PendingConnection::Reset(true)
[00:00:00]: Platform: 1
[00:00:00]: Network tick rate: U=15(2), D=0
[00:00:00]: Network tick rate: U=15(2), D=0
[00:00:00]: Authorized application C:\Users\hoanc\company\dst_wiki\mods\solo-assets-work\lam-phuong\runtime-ttk\bin64\dontstarve_dedicated_server_nullrenderer_x64.exe is enabled in the firewall.
[00:00:00]: WindowsFirewall - Application already authorized
[00:00:00]: OnLoadPermissionList: C:\Users\hoanc\company\dst_wiki\mods\solo-assets-work\lam-phuong\runtime-ttk\storage//audit/Cluster_LamPhuong/blocklist.txt (Failure)
[00:00:00]: OnLoadPermissionList: C:\Users\hoanc\company\dst_wiki\mods\solo-assets-work\lam-phuong\runtime-ttk\storage//audit/Cluster_LamPhuong/adminlist.txt (Failure)
[00:00:00]: OnLoadUserIdList: C:\Users\hoanc\company\dst_wiki\mods\solo-assets-work\lam-phuong\runtime-ttk\storage//audit/Cluster_LamPhuong/whitelist.txt (Failure)
[00:00:00]: Token file not found: C:\Users\hoanc\company\dst_wiki\mods\solo-assets-work\lam-phuong\runtime-ttk\storage//audit/Cluster_LamPhuong/cluster_token.txt, success: F, len: 0
[00:00:00]: Token file not found: C:\Users\hoanc\company\dst_wiki\mods\solo-assets-work\lam-phuong\runtime-ttk\storage//audit/Cluster_LamPhuong/cluster_token.txt, success: F, len: 0
[00:00:00]: THREAD - started 'StreamInput' (23776)
[00:00:00]: cGame::InitializeOnMainThread
[00:00:00]: Renderer initialize: Okay
[00:00:00]: AnimManager initialize: Okay
[00:00:00]: Buffers initialize: Okay
[00:00:00]: cDontStarveGame::DoGameSpecificInitialize()
[00:00:00]: GameSpecific initialize: Okay
[00:00:00]: cGame::StartPlaying
[00:00:00]: AppVersion::GetArchitecture() x64
[00:00:00]: LOADING LUA
[00:00:00]: DoLuaFile scripts/main.lua
[00:00:00]: DoLuaFile loading buffer scripts/main.lua
[00:00:00]:   taskgrouplist:	default	Together	
[00:00:00]:   taskgrouplist:	classic	Classic	
[00:00:00]:   taskgrouplist:	cave_default	Underground	
[00:00:00]:   taskgrouplist:	lavaarena_taskset	The Forge	
[00:00:00]:   taskgrouplist:	quagmire_taskset	The Gorge	
[00:00:01]: Running main.lua
	
[00:00:01]: WARNING: Force-enabling mod 'TuTienKy' from modsettings.lua! If you are not developing a mod, please use the in-game menu instead.	
[00:00:01]: loaded modindex	
[00:00:01]: ModIndex: Beginning normal load sequence for dedicated server.
	
[00:00:01]: SUCCESS: Loaded modoverrides.lua	
[00:00:01]: modoverrides.lua enabling TuTienKy	
[00:00:01]: ModIndex:GetModsToLoad inserting moddir, 	TuTienKy	
[00:00:01]: Could not load mod_config_data/modconfiguration_TuTienKy_CLIENT	
[00:00:01]: Loading mod: TuTienKy (Phàm Nhân Tu Tiên) Version:2.0	
[00:00:01]: Registering Mods:
[00:00:01]:    Registering Mod TuTienKy
[00:00:01]: Mods registered.
[00:00:01]: Mod: TuTienKy (Phàm Nhân Tu Tiên)	Loading modworldgenmain.lua	
[00:00:01]: ModIndex:GetModsToLoad inserting modname, 	TuTienKy	
[00:00:01]: modimport: ../mods/TuTienKy/main/ttk_solo_worldgen.lua	
[00:00:01]: Mod: TuTienKy (Phàm Nhân Tu Tiên)	Loading modmain.lua	
[00:00:01]: ModIndex:GetModsToLoad inserting modname, 	TuTienKy	
[00:00:01]: modimport: ../mods/TuTienKy/main/ttk_weapon_solo.lua	
[00:00:01]: modimport: ../mods/TuTienKy/main/ttk_stacksize.lua	
[00:00:01]: modimport: ../mods/TuTienKy/main/ttk_qualityoflife.lua	
[00:00:01]: modimport: ../mods/TuTienKy/main/ttk_smarter_flingomatic.lua	
[00:00:01]: modimport: ../mods/TuTienKy/main/ttk_inventory45.lua	
[00:00:01]: modimport: ../mods/TuTienKy/main/ttk_inventory45_compat.lua	
[00:00:01]: modimport: ../mods/TuTienKy/main/lucmachthankiem.lua	
[00:00:01]: modimport: ../mods/TuTienKy/main/lucmachthankiem_autoattack.lua	
[00:00:01]: modimport: ../mods/TuTienKy/main/lucmachthankiem_recharge.lua	
[00:00:01]: modimport: ../mods/TuTienKy/main/lucmachthankiem_enemyselect.lua	
[00:00:01]: modimport: ../mods/TuTienKy/main/vanhonphien.lua	
[00:00:01]: modimport: ../mods/TuTienKy/main/thanhiquangtruong.lua	
[00:00:01]: modimport: ../mods/TuTienKy/main/nhatvuphuonghoa.lua	
[00:00:01]: modimport: ../mods/TuTienKy/main/ttk_elemental_swords.lua	
[00:00:01]: modimport: ../mods/TuTienKy/main/ttk_tinhlakiem.lua	
[00:00:01]: modimport: ../mods/TuTienKy/main/ttk_lucnguyenkiemdong.lua	
[00:00:01]: modimport: ../mods/TuTienKy/main/ttk_ngulongdang.lua	
[00:00:01]: modimport: ../mods/TuTienKy/main/ttk_fsct.lua	
[00:00:01]: modimport: ../mods/TuTienKy/main/ttk_garden.lua	
[00:00:01]: modimport: ../mods/TuTienKy/main/ttk_luoshen_food.lua	
[00:00:01]: modimport: ../mods/TuTienKy/main/ttk_buildings.lua	
[00:00:01]: modimport: ../mods/TuTienKy/main/ttk_rituals.lua	
[00:00:01]: modimport: ../mods/TuTienKy/main/ttk_batch19_misc.lua	
[00:00:01]: WARNING! Invalid resource handle for atlas 'FROMNUM', did you remember to load the asset?
[00:00:01]: WARNING! Invalid resource handle for atlas 'FROMNUM', did you remember to load the asset?
[00:00:01]: WARNING! Invalid resource handle for atlas 'FROMNUM', did you remember to load the asset?
[00:00:01]: WARNING! Invalid resource handle for atlas 'FROMNUM', did you remember to load the asset?
[00:00:01]: WARNING! Invalid resource handle for atlas 'FROMNUM', did you remember to load the asset?
[00:00:01]: WARNING! Invalid resource handle for atlas 'FROMNUM', did you remember to load the asset?
[00:00:01]: WARNING! Invalid resource handle for atlas 'FROMNUM', did you remember to load the asset?
[00:00:01]: WARNING! Invalid resource handle for atlas 'FROMNUM', did you remember to load the asset?
[00:00:01]: WARNING! Invalid resource handle for atlas 'FROMNUM', did you remember to load the asset?
[00:00:01]: WARNING! Invalid resource handle for atlas 'FROMNUM', did you remember to load the asset?
[00:00:01]: WARNING! Invalid resource handle for atlas 'FROMNUM', did you remember to load the asset?
[00:00:01]: WARNING! Invalid resource handle for atlas 'FROMNUM', did you remember to load the asset?
[00:00:01]: modimport: ../mods/TuTienKy/main/ttk_batch19_herbs.lua	
[00:00:01]: modimport: ../mods/TuTienKy/main/ttk_portal.lua	
[00:00:01]: [Truyền Tống Trận]	Chưa bật mod Camp Security.	
[00:00:01]: modimport: ../mods/TuTienKy/main/ttk_vinhhangthanhoa.lua	
[00:00:01]: modimport: ../mods/TuTienKy/main/ttk_chuongthienbinh.lua	
[00:00:01]: modimport: ../mods/TuTienKy/main/ttk_armor_set.lua	
[00:00:01]: modimport: ../mods/TuTienKy/main/ttk_tianji.lua	
[00:00:01]: modimport: ../mods/TuTienKy/main/ttk_batch19_houses.lua	
[00:00:01]: modimport: ../mods/TuTienKy/main/ttk_choujiangji.lua	
[00:00:01]: modimport: ../mods/TuTienKy/main/ttk_garden_expansion.lua	
[00:00:01]: modimport: ../mods/TuTienKy/main/ttk_spirit_mines.lua	
[00:00:01]: modimport: ../mods/TuTienKy/main/ttk_solo_bootstrap.lua	
[00:00:01]: modimport: ../mods/TuTienKy/main/ttk_solo_source.lua	
[00:00:01]: modimport: ../mods/TuTienKy/main/hh_assets.lua	
[00:00:01]: modimport: ../mods/TuTienKy/main/hh_config.lua	
[00:00:01]: modimport: ../mods/TuTienKy/main/hh_tunning.lua	
[00:00:01]: modimport: ../mods/TuTienKy/main/hh_string.lua	
[00:00:01]: modimport: ../mods/TuTienKy/main/hh_api.lua	
[00:00:01]: modimport: ../mods/TuTienKy/main/hh_world_rank.lua	
[00:00:01]: modimport: ../mods/TuTienKy/main/hh_act.lua	
[00:00:01]: modimport: ../mods/TuTienKy/main/hh_ui.lua	
[00:00:01]: modimport: ../mods/TuTienKy/main/hh_rpc.lua	
[00:00:01]: modimport: ../mods/TuTienKy/main/hh_guild_main.lua	
[00:00:01]: modimport: ../mods/TuTienKy/main/hh_guild_rpc.lua	
[00:00:01]: modimport: ../mods/TuTienKy/main/hh_sg.lua	
[00:00:01]: modimport: ../mods/TuTienKy/main/hh_recipe.lua	
[00:00:01]: Warning: function AddRecipeTab in modmain is deprecated.	
[00:00:01]: Warning: function AddRecipe in modmain is deprecated, please use AddRecipe2. Recipe name:	nn_liquidluck	
[00:00:01]: Warning: function AddRecipe in modmain is deprecated, please use AddRecipe2. Recipe name:	nn_magicpaper	
[00:00:01]: Warning: function AddRecipe in modmain is deprecated, please use AddRecipe2. Recipe name:	wb_strengthen_strengthen_protectpaper	
[00:00:01]: modimport: ../mods/TuTienKy/main/hh_dungeon_mobs_sg.lua	
[00:00:01]: modimport: ../mods/TuTienKy/main/hh_skill_cost.lua	
[00:00:01]: modimport: ../mods/TuTienKy/main/hh_daogam_main.lua	
[00:00:01]: modimport: ../mods/TuTienKy/main/hh_dungeon_shop.lua	
[00:00:01]: modimport: ../mods/TuTienKy/main/ttk_combat_hud.lua	
[00:00:01]: Event data unavailable: lavaarena_event_server/lavaarena_achievement_quest_defs
[00:00:02]: LOADING LUA SUCCESS
[00:00:02]: Registering Server mod namespace "tutienky"
[00:00:02]: Registering Server mod namespace "lucmachthankiem"
[00:00:02]: Registering Server mod namespace "nyx_ttt"
[00:00:02]: Registering Server mod namespace "hh_rpc"
[00:00:02]: Registering Server mod namespace "hh_lo_ren"
[00:00:02]: Registering Server mod namespace "eliminate"
[00:00:02]: Registering Client mod namespace "hh_rpc"
[00:00:02]: Registering Client mod namespace "ttk_hudcore"
[00:00:02]: Registering Client mod namespace "ttk_hud"
[00:00:02]: Registering Shard mod namespace "hh_world_rank"
[00:00:02]: PlayerDeaths could not load morgue	
[00:00:02]: PlayerHistory could not load player_history	
[00:00:02]: ServerPreferences could not load server_preferences	
[00:00:02]: ConsoleScreenSettings could not load consolescreen	
[00:00:02]: bloom_enabled	true	
[00:00:02]: OnFilesLoaded()	
[00:00:02]: OnUpdatePurchaseStateComplete	
[00:00:02]: Klump load on boot started.	
[00:00:02]: Klump files loaded: 	0	
[00:00:03]: Mod: TuTienKy (Phàm Nhân Tu Tiên)	Registering prefabs	
[00:00:03]: Mod: TuTienKy (Phàm Nhân Tu Tiên)	  Registering prefab file: prefabs/ttk_hhlmz	
[00:00:03]: Mod: TuTienKy (Phàm Nhân Tu Tiên)	    ttk_hhlmz	
[00:00:03]: Mod: TuTienKy (Phàm Nhân Tu Tiên)	    ttk_hhlmz_placer	
[00:00:03]: Mod: TuTienKy (Phàm Nhân Tu Tiên)	  Registering prefab file: prefabs/ttk_hhlmz_skins	
[00:00:04]: Mod: TuTienKy (Phàm Nhân Tu Tiên)	    ttt_portal_gcsz	
[00:00:04]: Mod: TuTienKy (Phàm Nhân Tu Tiên)	    nhatvuphuonghoa_skins_lxzy	
[00:00:04]: Mod: TuTienKy (Phàm Nhân Tu Tiên)	    ttk_chuongthienbinh_skins_lmxq	
[00:00:04]: Mod: TuTienKy (Phàm Nhân Tu Tiên)	    ttk_crc_skins_hqyx	
[00:00:04]: Mod: TuTienKy (Phàm Nhân Tu Tiên)	    ttk_dbg_skins_llt	
[00:00:04]: Mod: TuTienKy (Phàm Nhân Tu Tiên)	    ttk_dbg_skins_ybg	
[00:00:04]: Mod: TuTienKy (Phàm Nhân Tu Tiên)	    ttk_dc_skins_hh	
[00:00:04]: Mod: TuTienKy (Phàm Nhân Tu Tiên)	    ttk_flower_bh_skins_ya	
[00:00:04]: Mod: TuTienKy (Phàm Nhân Tu Tiên)	    ttk_flower_bmg_skins_srlg	
[00:00:04]: Mod: TuTienKy (Phàm Nhân Tu Tiên)	    ttk_flower_md_skins_rjfg	
[00:00:04]: Mod: TuTienKy (Phàm Nhân Tu Tiên)	    ttk_flower_sfr_skins_fr	
[00:00:04]: Mod: TuTienKy (Phàm Nhân Tu Tiên)	    ttk_flower_sfr_skins_xy	
[00:00:04]: Mod: TuTienKy (Phàm Nhân Tu Tiên)	    ttk_ftys_skins_zjzy	
[00:00:04]: Mod: TuTienKy (Phàm Nhân Tu Tiên)	    ttk_gj_skins_lrq	
[00:00:04]: Mod: TuTienKy (Phàm Nhân Tu Tiên)	    ttk_gj_skins_qsj	
[00:00:04]: Mod: TuTienKy (Phàm Nhân Tu Tiên)	    ttk_gjx_skins_jsth	
[00:00:04]: Mod: TuTienKy (Phàm Nhân Tu Tiên)	    ttk_hhlmz_skins_htjc	
[00:00:04]: Mod: TuTienKy (Phàm Nhân Tu Tiên)	    ttk_hhlmz_skins_wfz	
[00:00:04]: Mod: TuTienKy (Phàm Nhân Tu Tiên)	    ttk_hmsw_skins_bzxw	
[00:00:04]: Mod: TuTienKy (Phàm Nhân Tu Tiên)	    ttk_lbjlt_skins_zgrpt	
[00:00:04]: Mod: TuTienKy (Phàm Nhân Tu Tiên)	    ttk_lgzbh_skins_jlyc	
[00:00:04]: Mod: TuTienKy (Phàm Nhân Tu Tiên)	    ttk_lgzbh_skins_lz	
[00:00:04]: Mod: TuTienKy (Phàm Nhân Tu Tiên)	    ttk_makiem_skins_duanzui	
[00:00:04]: Mod: TuTienKy (Phàm Nhân Tu Tiên)	    ttk_makiem_skins_wendao	
[00:00:04]: Mod: TuTienKy (Phàm Nhân Tu Tiên)	    ttk_mg_skins_qwg	
[00:00:04]: Mod: TuTienKy (Phàm Nhân Tu Tiên)	    ttk_ngulongdang_skins_zyx	
[00:00:04]: Mod: TuTienKy (Phàm Nhân Tu Tiên)	    ttk_pflnw_skins_qns	
[00:00:04]: Mod: TuTienKy (Phàm Nhân Tu Tiên)	    ttk_qljq_skins_hlq	
[00:00:04]: Mod: TuTienKy (Phàm Nhân Tu Tiên)	    ttk_qwsk_skins_xznw	
[00:00:04]: Mod: TuTienKy (Phàm Nhân Tu Tiên)	    ttk_sgc_skins_wgc	
[00:00:04]: Mod: TuTienKy (Phàm Nhân Tu Tiên)	    ttk_thanhtrucphongvankiem_skins_cgsh	
[00:00:04]: Mod: TuTienKy (Phàm Nhân Tu Tiên)	    ttk_thanhtrucphongvankiem_skins_clzgj	
[00:00:04]: Mod: TuTienKy (Phàm Nhân Tu Tiên)	    ttk_thanhtrucphongvankiem_skins_cxlt	
[00:00:04]: Mod: TuTienKy (Phàm Nhân Tu Tiên)	    ttk_thanhtrucphongvankiem_skins_cygh	
[00:00:04]: Mod: TuTienKy (Phàm Nhân Tu Tiên)	    ttk_thanhtrucphongvankiem_skins_fgy	
[00:00:04]: Mod: TuTienKy (Phàm Nhân Tu Tiên)	    ttk_thanhtrucphongvankiem_skins_fhjd	
[00:00:04]: Mod: TuTienKy (Phàm Nhân Tu Tiên)	    ttk_thanhtrucphongvankiem_skins_flzr	
[00:00:04]: Mod: TuTienKy (Phàm Nhân Tu Tiên)	    ttk_thanhtrucphongvankiem_skins_fsfmg	
[00:00:04]: Mod: TuTienKy (Phàm Nhân Tu Tiên)	    ttk_thanhtrucphongvankiem_skins_fshm	
[00:00:04]: Mod: TuTienKy (Phàm Nhân Tu Tiên)	    ttk_thanhtrucphongvankiem_skins_fyzz	
[00:00:04]: Mod: TuTienKy (Phàm Nhân Tu Tiên)	    ttk_thanhtrucphongvankiem_skins_hasaki	
[00:00:04]: Mod: TuTienKy (Phàm Nhân Tu Tiên)	    ttk_thanhtrucphongvankiem_skins_hyys	
[00:00:04]: Mod: TuTienKy (Phàm Nhân Tu Tiên)	    ttk_thanhtrucphongvankiem_skins_jj	
[00:00:04]: Mod: TuTienKy (Phàm Nhân Tu Tiên)	    ttk_thanhtrucphongvankiem_skins_jydm	
[00:00:04]: Mod: TuTienKy (Phàm Nhân Tu Tiên)	    ttk_thanhtrucphongvankiem_skins_jypk	
[00:00:04]: Mod: TuTienKy (Phàm Nhân Tu Tiên)	    ttk_thanhtrucphongvankiem_skins_kt	
[00:00:04]: Mod: TuTienKy (Phàm Nhân Tu Tiên)	    ttk_thanhtrucphongvankiem_skins_ly	
[00:00:04]: Mod: TuTienKy (Phàm Nhân Tu Tiên)	    ttk_thanhtrucphongvankiem_skins_lysy	
[00:00:04]: Mod: TuTienKy (Phàm Nhân Tu Tiên)	    ttk_thanhtrucphongvankiem_skins_mzhcd	
[00:00:04]: Mod: TuTienKy (Phàm Nhân Tu Tiên)	    ttk_thanhtrucphongvankiem_skins_mzly	
[00:00:04]: Mod: TuTienKy (Phàm Nhân Tu Tiên)	    ttk_thanhtrucphongvankiem_skins_nczx	
[00:00:04]: Mod: TuTienKy (Phàm Nhân Tu Tiên)	    ttk_thanhtrucphongvankiem_skins_ny	
[00:00:04]: Mod: TuTienKy (Phàm Nhân Tu Tiên)	    ttk_thanhtrucphongvankiem_skins_nyhr	
[00:00:04]: Mod: TuTienKy (Phàm Nhân Tu Tiên)	    ttk_thanhtrucphongvankiem_skins_smy	
[00:00:04]: Mod: TuTienKy (Phàm Nhân Tu Tiên)	    ttk_thanhtrucphongvankiem_skins_sny	
[00:00:04]: Mod: TuTienKy (Phàm Nhân Tu Tiên)	    ttk_thanhtrucphongvankiem_skins_tf	
[00:00:04]: Mod: TuTienKy (Phàm Nhân Tu Tiên)	    ttk_thanhtrucphongvankiem_skins_wxj	
[00:00:04]: Mod: TuTienKy (Phàm Nhân Tu Tiên)	    ttk_thanhtrucphongvankiem_skins_wzsb	
[00:00:04]: Mod: TuTienKy (Phàm Nhân Tu Tiên)	    ttk_thanhtrucphongvankiem_skins_xgl	
[00:00:04]: Mod: TuTienKy (Phàm Nhân Tu Tiên)	    ttk_thanhtrucphongvankiem_skins_xqc	
[00:00:04]: Mod: TuTienKy (Phàm Nhân Tu Tiên)	    ttk_thanhtrucphongvankiem_skins_xuanyuan	
[00:00:04]: Mod: TuTienKy (Phàm Nhân Tu Tiên)	    ttk_thanhtrucphongvankiem_skins_xyb	
[00:00:04]: Mod: TuTienKy (Phàm Nhân Tu Tiên)	    ttk_thanhtrucphongvankiem_skins_yfcy	
[00:00:04]: Mod: TuTienKy (Phàm Nhân Tu Tiên)	    ttk_thanhtrucphongvankiem_skins_yfly	
[00:00:04]: Mod: TuTienKy (Phàm Nhân Tu Tiên)	    ttk_thanhtrucphongvankiem_skins_ylxh	
[00:00:04]: Mod: TuTienKy (Phàm Nhân Tu Tiên)	    ttk_thanhtrucphongvankiem_skins_ys	
[00:00:04]: Mod: TuTienKy (Phàm Nhân Tu Tiên)	    ttk_thanhtrucphongvankiem_skins_ysb	
[00:00:04]: Mod: TuTienKy (Phàm Nhân Tu Tiên)	    ttk_thanhtrucphongvankiem_skins_zj	
[00:00:04]: Mod: TuTienKy (Phàm Nhân Tu Tiên)	    ttk_thanhtrucphongvankiem_skins_zste	
[00:00:04]: Mod: TuTienKy (Phàm Nhân Tu Tiên)	    ttk_thanhtrucphongvankiem_skins_zsxm	
[00:00:04]: Mod: TuTienKy (Phàm Nhân Tu Tiên)	    ttk_thanhtrucphongvankiem_skins_zw	
[00:00:04]: Mod: TuTienKy (Phàm Nhân Tu Tiên)	    ttk_thanhtrucphongvankiem_skins_zyj	
[00:00:04]: Mod: TuTienKy (Phàm Nhân Tu Tiên)	    ttk_tianjiwu_skins_byj	
[00:00:04]: Mod: TuTienKy (Phàm Nhân Tu Tiên)	    ttk_tienkiem_skins_duanzui	
[00:00:04]: Mod: TuTienKy (Phàm Nhân Tu Tiên)	    ttk_tienkiem_skins_wendao	
[00:00:04]: Mod: TuTienKy (Phàm Nhân Tu Tiên)	    ttk_tinhlakiem_skins_cgsh	
[00:00:04]: Mod: TuTienKy (Phàm Nhân Tu Tiên)	    ttk_tinhlakiem_skins_clzgj	
[00:00:04]: Mod: TuTienKy (Phàm Nhân Tu Tiên)	    ttk_tinhlakiem_skins_cxlt	
[00:00:04]: Mod: TuTienKy (Phàm Nhân Tu Tiên)	    ttk_tinhlakiem_skins_cygh	
[00:00:04]: Mod: TuTienKy (Phàm Nhân Tu Tiên)	    ttk_tinhlakiem_skins_fgy	
[00:00:04]: Mod: TuTienKy (Phàm Nhân Tu Tiên)	    ttk_tinhlakiem_skins_fhjd	
[00:00:04]: Mod: TuTienKy (Phàm Nhân Tu Tiên)	    ttk_tinhlakiem_skins_flzr	
[00:00:04]: Mod: TuTienKy (Phàm Nhân Tu Tiên)	    ttk_tinhlakiem_skins_fsfmg	
[00:00:04]: Mod: TuTienKy (Phàm Nhân Tu Tiên)	    ttk_tinhlakiem_skins_fshm	
[00:00:04]: Mod: TuTienKy (Phàm Nhân Tu Tiên)	    ttk_tinhlakiem_skins_fyzz	
[00:00:04]: Mod: TuTienKy (Phàm Nhân Tu Tiên)	    ttk_tinhlakiem_skins_hasaki	
[00:00:04]: Mod: TuTienKy (Phàm Nhân Tu Tiên)	    ttk_tinhlakiem_skins_hyys	
[00:00:04]: Mod: TuTienKy (Phàm Nhân Tu Tiên)	    ttk_tinhlakiem_skins_jj	
[00:00:04]: Mod: TuTienKy (Phàm Nhân Tu Tiên)	    ttk_tinhlakiem_skins_jydm	
[00:00:04]: Mod: TuTienKy (Phàm Nhân Tu Tiên)	    ttk_tinhlakiem_skins_jypk	
[00:00:04]: Mod: TuTienKy (Phàm Nhân Tu Tiên)	    ttk_tinhlakiem_skins_kt	
[00:00:04]: Mod: TuTienKy (Phàm Nhân Tu Tiên)	    ttk_tinhlakiem_skins_ly	
[00:00:04]: Mod: TuTienKy (Phàm Nhân Tu Tiên)	    ttk_tinhlakiem_skins_lysy	
[00:00:04]: Mod: TuTienKy (Phàm Nhân Tu Tiên)	    ttk_tinhlakiem_skins_mzhcd	
[00:00:04]: Mod: TuTienKy (Phàm Nhân Tu Tiên)	    ttk_tinhlakiem_skins_mzly	
[00:00:04]: Mod: TuTienKy (Phàm Nhân Tu Tiên)	    ttk_tinhlakiem_skins_nczx	
[00:00:04]: Mod: TuTienKy (Phàm Nhân Tu Tiên)	    ttk_tinhlakiem_skins_ny	
[00:00:04]: Mod: TuTienKy (Phàm Nhân Tu Tiên)	    ttk_tinhlakiem_skins_nyhr	
[00:00:04]: Mod: TuTienKy (Phàm Nhân Tu Tiên)	    ttk_tinhlakiem_skins_smy	
[00:00:04]: Mod: TuTienKy (Phàm Nhân Tu Tiên)	    ttk_tinhlakiem_skins_sny	
[00:00:04]: Mod: TuTienKy (Phàm Nhân Tu Tiên)	    ttk_tinhlakiem_skins_tf	
[00:00:04]: Mod: TuTienKy (Phàm Nhân Tu Tiên)	    ttk_tinhlakiem_skins_wxj	
[00:00:04]: Mod: TuTienKy (Phàm Nhân Tu Tiên)	    ttk_tinhlakiem_skins_wzsb	
[00:00:04]: Mod: TuTienKy (Phàm Nhân Tu Tiên)	    ttk_tinhlakiem_skins_xgl	
[00:00:04]: Mod: TuTienKy (Phàm Nhân Tu Tiên)	    ttk_tinhlakiem_skins_xqc	
[00:00:04]: Mod: TuTienKy (Phàm Nhân Tu Tiên)	    ttk_tinhlakiem_skins_xuanyuan	
[00:00:04]: Mod: TuTienKy (Phàm Nhân Tu Tiên)	    ttk_tinhlakiem_skins_xyb	
[00:00:04]: Mod: TuTienKy (Phàm Nhân Tu Tiên)	    ttk_tinhlakiem_skins_yfcy	
[00:00:04]: Mod: TuTienKy (Phàm Nhân Tu Tiên)	    ttk_tinhlakiem_skins_yfly	
[00:00:04]: Mod: TuTienKy (Phàm Nhân Tu Tiên)	    ttk_tinhlakiem_skins_ylxh	
[00:00:04]: Mod: TuTienKy (Phàm Nhân Tu Tiên)	    ttk_tinhlakiem_skins_ys	
[00:00:04]: Mod: TuTienKy (Phàm Nhân Tu Tiên)	    ttk_tinhlakiem_skins_ysb	
[00:00:04]: Mod: TuTienKy (Phàm Nhân Tu Tiên)	    ttk_tinhlakiem_skins_zj	
[00:00:04]: Mod: TuTienKy (Phàm Nhân Tu Tiên)	    ttk_tinhlakiem_skins_zste	
[00:00:04]: Mod: TuTienKy (Phàm Nhân Tu Tiên)	    ttk_tinhlakiem_skins_zsxm	
[00:00:04]: Mod: TuTienKy (Phàm Nhân Tu Tiên)	    ttk_tinhlakiem_skins_zw	
[00:00:04]: Mod: TuTienKy (Phàm Nhân Tu Tiên)	    ttk_tinhlakiem_skins_zyj	
[00:00:04]: Mod: TuTienKy (Phàm Nhân Tu Tiên)	    ttk_tree_df_skins_zsyj	
[00:00:04]: Mod: TuTienKy (Phàm Nhân Tu Tiên)	    ttk_tree_xhs_skins_lgs	
[00:00:04]: Mod: TuTienKy (Phàm Nhân Tu Tiên)	    ttk_tree_yhs_skins_fd	
[00:00:04]: Mod: TuTienKy (Phàm Nhân Tu Tiên)	    ttk_tree_yls_skins_cl	
[00:00:04]: Mod: TuTienKy (Phàm Nhân Tu Tiên)	    ttk_tree_yxs_skins_jqs	
[00:00:04]: Mod: TuTienKy (Phàm Nhân Tu Tiên)	    ttk_votuongkiem_skins_cgsh	
[00:00:04]: Mod: TuTienKy (Phàm Nhân Tu Tiên)	    ttk_votuongkiem_skins_clzgj	
[00:00:04]: Mod: TuTienKy (Phàm Nhân Tu Tiên)	    ttk_votuongkiem_skins_cxlt	
[00:00:04]: Mod: TuTienKy (Phàm Nhân Tu Tiên)	    ttk_votuongkiem_skins_cygh	
[00:00:04]: Mod: TuTienKy (Phàm Nhân Tu Tiên)	    ttk_votuongkiem_skins_fgy	
[00:00:04]: Mod: TuTienKy (Phàm Nhân Tu Tiên)	    ttk_votuongkiem_skins_fhjd	
[00:00:04]: Mod: TuTienKy (Phàm Nhân Tu Tiên)	    ttk_votuongkiem_skins_flzr	
[00:00:04]: Mod: TuTienKy (Phàm Nhân Tu Tiên)	    ttk_votuongkiem_skins_fsfmg	
[00:00:04]: Mod: TuTienKy (Phàm Nhân Tu Tiên)	    ttk_votuongkiem_skins_fshm	
[00:00:04]: Mod: TuTienKy (Phàm Nhân Tu Tiên)	    ttk_votuongkiem_skins_fyzz	
[00:00:04]: Mod: TuTienKy (Phàm Nhân Tu Tiên)	    ttk_votuongkiem_skins_hasaki	
[00:00:04]: Mod: TuTienKy (Phàm Nhân Tu Tiên)	    ttk_votuongkiem_skins_hyys	
[00:00:04]: Mod: TuTienKy (Phàm Nhân Tu Tiên)	    ttk_votuongkiem_skins_jj	
[00:00:04]: Mod: TuTienKy (Phàm Nhân Tu Tiên)	    ttk_votuongkiem_skins_jydm	
[00:00:04]: Mod: TuTienKy (Phàm Nhân Tu Tiên)	    ttk_votuongkiem_skins_jypk	
[00:00:04]: Mod: TuTienKy (Phàm Nhân Tu Tiên)	    ttk_votuongkiem_skins_kt	
[00:00:04]: Mod: TuTienKy (Phàm Nhân Tu Tiên)	    ttk_votuongkiem_skins_ly	
[00:00:04]: Mod: TuTienKy (Phàm Nhân Tu Tiên)	    ttk_votuongkiem_skins_lysy	
[00:00:04]: Mod: TuTienKy (Phàm Nhân Tu Tiên)	    ttk_votuongkiem_skins_mzhcd	
[00:00:04]: Mod: TuTienKy (Phàm Nhân Tu Tiên)	    ttk_votuongkiem_skins_mzly	
[00:00:04]: Mod: TuTienKy (Phàm Nhân Tu Tiên)	    ttk_votuongkiem_skins_nczx	
[00:00:04]: Mod: TuTienKy (Phàm Nhân Tu Tiên)	    ttk_votuongkiem_skins_ny	
[00:00:04]: Mod: TuTienKy (Phàm Nhân Tu Tiên)	    ttk_votuongkiem_skins_nyhr	
[00:00:04]: Mod: TuTienKy (Phàm Nhân Tu Tiên)	    ttk_votuongkiem_skins_smy	
[00:00:04]: Mod: TuTienKy (Phàm Nhân Tu Tiên)	    ttk_votuongkiem_skins_sny	
[00:00:04]: Mod: TuTienKy (Phàm Nhân Tu Tiên)	    ttk_votuongkiem_skins_tf	
[00:00:04]: Mod: TuTienKy (Phàm Nhân Tu Tiên)	    ttk_votuongkiem_skins_wxj	
[00:00:04]: Mod: TuTienKy (Phàm Nhân Tu Tiên)	    ttk_votuongkiem_skins_wzsb	
[00:00:04]: Mod: TuTienKy (Phàm Nhân Tu Tiên)	    ttk_votuongkiem_skins_xgl	
[00:00:04]: Mod: TuTienKy (Phàm Nhân Tu Tiên)	    ttk_votuongkiem_skins_xqc	
[00:00:04]: Mod: TuTienKy (Phàm Nhân Tu Tiên)	    ttk_votuongkiem_skins_xuanyuan	
[00:00:04]: Mod: TuTienKy (Phàm Nhân Tu Tiên)	    ttk_votuongkiem_skins_xyb	
[00:00:04]: Mod: TuTienKy (Phàm Nhân Tu Tiên)	    ttk_votuongkiem_skins_yfcy	
[00:00:04]: Mod: TuTienKy (Phàm Nhân Tu Tiên)	    ttk_votuongkiem_skins_yfly	
[00:00:04]: Mod: TuTienKy (Phàm Nhân Tu Tiên)	    ttk_votuongkiem_skins_ylxh	
[00:00:04]: Mod: TuTienKy (Phàm Nhân Tu Tiên)	    ttk_votuongkiem_skins_ys	
[00:00:04]: Mod: TuTienKy (Phàm Nhân Tu Tiên)	    ttk_votuongkiem_skins_ysb	
[00:00:04]: Mod: TuTienKy (Phàm Nhân Tu Tiên)	    ttk_votuongkiem_skins_zj	
[00:00:04]: Mod: TuTienKy (Phàm Nhân Tu Tiên)	    ttk_votuongkiem_skins_zste	
[00:00:04]: Mod: TuTienKy (Phàm Nhân Tu Tiên)	    ttk_votuongkiem_skins_zsxm	
[00:00:04]: Mod: TuTienKy (Phàm Nhân Tu Tiên)	    ttk_votuongkiem_skins_zw	
[00:00:04]: Mod: TuTienKy (Phàm Nhân Tu Tiên)	    ttk_votuongkiem_skins_zyj	
[00:00:04]: Mod: TuTienKy (Phàm Nhân Tu Tiên)	    ttk_wsjx_skins_xzyj	
[00:00:04]: Mod: TuTienKy (Phàm Nhân Tu Tiên)	    ttk_wsjx_skins_yzjx	
[00:00:04]: Mod: TuTienKy (Phàm Nhân Tu Tiên)	    ttk_xshj_skins_bbzy	
[00:00:04]: Mod: TuTienKy (Phàm Nhân Tu Tiên)	    ttk_xshj_skins_fhlh	
[00:00:04]: Mod: TuTienKy (Phàm Nhân Tu Tiên)	    ttk_xshj_skins_hyparmor	
[00:00:04]: Mod: TuTienKy (Phàm Nhân Tu Tiên)	    ttk_xshj_skins_jdjarmor	
[00:00:04]: Mod: TuTienKy (Phàm Nhân Tu Tiên)	    ttk_xshj_skins_yaoarmor	
[00:00:04]: Mod: TuTienKy (Phàm Nhân Tu Tiên)	    ttk_yhsyz_skins_qlyyz	
[00:00:04]: Mod: TuTienKy (Phàm Nhân Tu Tiên)	    ttk_ylxc_skins_qhnlc	
[00:00:04]: Mod: TuTienKy (Phàm Nhân Tu Tiên)	    ttk_ylxq_skins_fynl	
[00:00:04]: Mod: TuTienKy (Phàm Nhân Tu Tiên)	    ttk_zcmj_skins_jhxs	
[00:00:04]: Mod: TuTienKy (Phàm Nhân Tu Tiên)	    ttk_zcmj_skins_jtkhat	
[00:00:04]: Mod: TuTienKy (Phàm Nhân Tu Tiên)	    ttk_zcmj_skins_lhyhat	
[00:00:04]: Mod: TuTienKy (Phàm Nhân Tu Tiên)	    ttk_zcmj_skins_trxz	
[00:00:04]: Mod: TuTienKy (Phàm Nhân Tu Tiên)	    ttk_zcmj_skins_yaohat	
[00:00:04]: Mod: TuTienKy (Phàm Nhân Tu Tiên)	  Registering prefab file: prefabs/ttk_skin_spirit	
[00:00:04]: Mod: TuTienKy (Phàm Nhân Tu Tiên)	    ttk_skin_spirit	
[00:00:04]: Mod: TuTienKy (Phàm Nhân Tu Tiên)	  Registering prefab file: prefabs/ttk_skin_hyys_fx	
[00:00:04]: Mod: TuTienKy (Phàm Nhân Tu Tiên)	    ttk_skin_hyys_fx	
[00:00:04]: Mod: TuTienKy (Phàm Nhân Tu Tiên)	  Registering prefab file: prefabs/ttk_lingshi	
[00:00:04]: Mod: TuTienKy (Phàm Nhân Tu Tiên)	    ttk_lingshi1	
[00:00:04]: Mod: TuTienKy (Phàm Nhân Tu Tiên)	    ttk_lingshi2	
[00:00:04]: Mod: TuTienKy (Phàm Nhân Tu Tiên)	    ttk_lingshi3	
[00:00:04]: Mod: TuTienKy (Phàm Nhân Tu Tiên)	    ttk_lingshi4	
[00:00:04]: Mod: TuTienKy (Phàm Nhân Tu Tiên)	  Registering prefab file: prefabs/lucmachthankiem	
[00:00:04]: Mod: TuTienKy (Phàm Nhân Tu Tiên)	    lucmachthankiem_red	
[00:00:04]: Mod: TuTienKy (Phàm Nhân Tu Tiên)	    lucmachthankiem_blue	
[00:00:04]: Mod: TuTienKy (Phàm Nhân Tu Tiên)	    lucmachthankiem_purple	
[00:00:04]: Mod: TuTienKy (Phàm Nhân Tu Tiên)	    lucmachthankiem_orange	
[00:00:04]: Mod: TuTienKy (Phàm Nhân Tu Tiên)	    lucmachthankiem_yellow	
[00:00:04]: Mod: TuTienKy (Phàm Nhân Tu Tiên)	    lucmachthankiem_green	
[00:00:04]: Mod: TuTienKy (Phàm Nhân Tu Tiên)	    lucmachthankiem	
[00:00:04]: Mod: TuTienKy (Phàm Nhân Tu Tiên)	  Registering prefab file: prefabs/lucmachthankiem_ember_vfx	
[00:00:04]: Mod: TuTienKy (Phàm Nhân Tu Tiên)	    lucmachthankiem_red_ember_vfx	
[00:00:04]: Mod: TuTienKy (Phàm Nhân Tu Tiên)	    lucmachthankiem_blue_ember_vfx	
[00:00:04]: Mod: TuTienKy (Phàm Nhân Tu Tiên)	    lucmachthankiem_purple_ember_vfx	
[00:00:04]: Mod: TuTienKy (Phàm Nhân Tu Tiên)	    lucmachthankiem_orange_ember_vfx	
[00:00:04]: Mod: TuTienKy (Phàm Nhân Tu Tiên)	    lucmachthankiem_yellow_ember_vfx	
[00:00:04]: Mod: TuTienKy (Phàm Nhân Tu Tiên)	    lucmachthankiem_green_ember_vfx	
[00:00:04]: Mod: TuTienKy (Phàm Nhân Tu Tiên)	  Registering prefab file: prefabs/lucmachthankiem_sparkle_vfx	
[00:00:04]: Mod: TuTienKy (Phàm Nhân Tu Tiên)	    lucmachthankiem_red_sparkle_vfx	
[00:00:04]: Mod: TuTienKy (Phàm Nhân Tu Tiên)	    lucmachthankiem_blue_sparkle_vfx	
[00:00:04]: Mod: TuTienKy (Phàm Nhân Tu Tiên)	    lucmachthankiem_purple_sparkle_vfx	
[00:00:04]: Mod: TuTienKy (Phàm Nhân Tu Tiên)	    lucmachthankiem_orange_sparkle_vfx	
[00:00:04]: Mod: TuTienKy (Phàm Nhân Tu Tiên)	    lucmachthankiem_yellow_sparkle_vfx	
[00:00:04]: Mod: TuTienKy (Phàm Nhân Tu Tiên)	    lucmachthankiem_green_sparkle_vfx	
[00:00:04]: Mod: TuTienKy (Phàm Nhân Tu Tiên)	  Registering prefab file: prefabs/vanhonphien	
[00:00:04]: Mod: TuTienKy (Phàm Nhân Tu Tiên)	    vanhonphien	
[00:00:04]: Mod: TuTienKy (Phàm Nhân Tu Tiên)	    vanhonphien_ground	
[00:00:04]: Mod: TuTienKy (Phàm Nhân Tu Tiên)	    vanhonphien_soul	
[00:00:04]: Mod: TuTienKy (Phàm Nhân Tu Tiên)	    vanhonphien_soulfx	
[00:00:04]: Mod: TuTienKy (Phàm Nhân Tu Tiên)	    vanhonphien_soulfx_in	
[00:00:04]: Mod: TuTienKy (Phàm Nhân Tu Tiên)	    vanhonphien_placer	
[00:00:04]: Mod: TuTienKy (Phàm Nhân Tu Tiên)	    vanhonphien_projectile	
[00:00:04]: Mod: TuTienKy (Phàm Nhân Tu Tiên)	    vanhonphien_hit_fx	
[00:00:04]: Mod: TuTienKy (Phàm Nhân Tu Tiên)	  Registering prefab file: prefabs/vanhonphien_vortexfx	
[00:00:04]: Mod: TuTienKy (Phàm Nhân Tu Tiên)	    vanhonphien_vortexfx	
[00:00:04]: Mod: TuTienKy (Phàm Nhân Tu Tiên)	    vanhonphien_vortexspawner	
[00:00:04]: Mod: TuTienKy (Phàm Nhân Tu Tiên)	  Registering prefab file: prefabs/thanhiquangtruong	
[00:00:04]: Mod: TuTienKy (Phàm Nhân Tu Tiên)	    thanhiquangtruong	
[00:00:04]: Mod: TuTienKy (Phàm Nhân Tu Tiên)	  Registering prefab file: prefabs/thanhiquangtruongfx	
[00:00:04]: Mod: TuTienKy (Phàm Nhân Tu Tiên)	    thanhiquangtruongfx	
[00:00:04]: Mod: TuTienKy (Phàm Nhân Tu Tiên)	  Registering prefab file: prefabs/nhatvuphuonghoa	
[00:00:04]: Mod: TuTienKy (Phàm Nhân Tu Tiên)	    nhatvuphuonghoa	
[00:00:04]: Mod: TuTienKy (Phàm Nhân Tu Tiên)	  Registering prefab file: prefabs/nhatvuphuonghoa_buff	
[00:00:04]: Mod: TuTienKy (Phàm Nhân Tu Tiên)	    nhatvuphuonghoa_buff	
[00:00:04]: Mod: TuTienKy (Phàm Nhân Tu Tiên)	  Registering prefab file: prefabs/ttk_elemental_swords	
[00:00:04]: Mod: TuTienKy (Phàm Nhân Tu Tiên)	    ttk_votuongkiem	
[00:00:04]: Mod: TuTienKy (Phàm Nhân Tu Tiên)	    ttk_thanhtrucphongvankiem	
[00:00:04]: Mod: TuTienKy (Phàm Nhân Tu Tiên)	    ttk_phanthienkiem	
[00:00:04]: Mod: TuTienKy (Phàm Nhân Tu Tiên)	    ttk_tienkiem	
[00:00:04]: Mod: TuTienKy (Phàm Nhân Tu Tiên)	    ttk_makiem	
[00:00:04]: Mod: TuTienKy (Phàm Nhân Tu Tiên)	  Registering prefab file: prefabs/ttk_tinhlakiem	
[00:00:04]: Mod: TuTienKy (Phàm Nhân Tu Tiên)	    ttk_tinhlakiem	
[00:00:04]: Mod: TuTienKy (Phàm Nhân Tu Tiên)	  Registering prefab file: prefabs/ttk_lucnguyenkiemdong	
[00:00:04]: Mod: TuTienKy (Phàm Nhân Tu Tiên)	    ttk_lucnguyenkiemdong	
[00:00:04]: Mod: TuTienKy (Phàm Nhân Tu Tiên)	    ttk_lucnguyen_primary_projectile	
[00:00:04]: Mod: TuTienKy (Phàm Nhân Tu Tiên)	    ttk_lucnguyen_sword_1	
[00:00:04]: Mod: TuTienKy (Phàm Nhân Tu Tiên)	    ttk_lucnguyen_trail_1	
[00:00:04]: Mod: TuTienKy (Phàm Nhân Tu Tiên)	    ttk_lucnguyen_sword_2	
[00:00:04]: Mod: TuTienKy (Phàm Nhân Tu Tiên)	    ttk_lucnguyen_trail_2	
[00:00:04]: Mod: TuTienKy (Phàm Nhân Tu Tiên)	    ttk_lucnguyen_sword_3	
[00:00:04]: Mod: TuTienKy (Phàm Nhân Tu Tiên)	    ttk_lucnguyen_trail_3	
[00:00:04]: Mod: TuTienKy (Phàm Nhân Tu Tiên)	    ttk_lucnguyen_sword_4	
[00:00:04]: Mod: TuTienKy (Phàm Nhân Tu Tiên)	    ttk_lucnguyen_trail_4	
[00:00:04]: Mod: TuTienKy (Phàm Nhân Tu Tiên)	    ttk_lucnguyen_sword_5	
[00:00:04]: Mod: TuTienKy (Phàm Nhân Tu Tiên)	    ttk_lucnguyen_trail_5	
[00:00:04]: Mod: TuTienKy (Phàm Nhân Tu Tiên)	    ttk_lucnguyen_sword_6	
[00:00:04]: Mod: TuTienKy (Phàm Nhân Tu Tiên)	    ttk_lucnguyen_trail_6	
[00:00:04]: Mod: TuTienKy (Phàm Nhân Tu Tiên)	  Registering prefab file: prefabs/ttk_ngulongdang	
[00:00:04]: Mod: TuTienKy (Phàm Nhân Tu Tiên)	    ttk_ngulongdang	
[00:00:04]: Mod: TuTienKy (Phàm Nhân Tu Tiên)	    ttk_ngulongdanglight	
[00:00:04]: Mod: TuTienKy (Phàm Nhân Tu Tiên)	    ttk_ngulongdangbody	
[00:00:04]: Mod: TuTienKy (Phàm Nhân Tu Tiên)	  Registering prefab file: prefabs/ttk_fsct	
[00:00:04]: Mod: TuTienKy (Phàm Nhân Tu Tiên)	    ttk_fsct	
[00:00:04]: Mod: TuTienKy (Phàm Nhân Tu Tiên)	    ttk_fsct_placer	
[00:00:04]: Mod: TuTienKy (Phàm Nhân Tu Tiên)	  Registering prefab file: prefabs/ttk_garden	
[00:00:04]: Mod: TuTienKy (Phàm Nhân Tu Tiên)	    ttk_tree_yhs	
[00:00:04]: Mod: TuTienKy (Phàm Nhân Tu Tiên)	    ttk_tree_yhs_placer	
[00:00:04]: Mod: TuTienKy (Phàm Nhân Tu Tiên)	    ttk_tree_df	
[00:00:04]: Mod: TuTienKy (Phàm Nhân Tu Tiên)	    ttk_tree_df_placer	
[00:00:04]: Mod: TuTienKy (Phàm Nhân Tu Tiên)	    ttk_tree_yxs	
[00:00:04]: Mod: TuTienKy (Phàm Nhân Tu Tiên)	    ttk_tree_yxs_placer	
[00:00:04]: Mod: TuTienKy (Phàm Nhân Tu Tiên)	    ttk_tree_xhs	
[00:00:04]: Mod: TuTienKy (Phàm Nhân Tu Tiên)	    ttk_tree_xhs_placer	
[00:00:04]: Mod: TuTienKy (Phàm Nhân Tu Tiên)	    ttk_tree_ls	
[00:00:04]: Mod: TuTienKy (Phàm Nhân Tu Tiên)	    ttk_tree_ls_placer	
[00:00:04]: Mod: TuTienKy (Phàm Nhân Tu Tiên)	    ttk_gj	
[00:00:04]: Mod: TuTienKy (Phàm Nhân Tu Tiên)	    ttk_gj_placer	
[00:00:04]: Mod: TuTienKy (Phàm Nhân Tu Tiên)	    ttk_flower_bh	
[00:00:04]: Mod: TuTienKy (Phàm Nhân Tu Tiên)	    ttk_flower_bh_placer	
[00:00:04]: Mod: TuTienKy (Phàm Nhân Tu Tiên)	    ttk_flower_bmg	
[00:00:04]: Mod: TuTienKy (Phàm Nhân Tu Tiên)	    ttk_flower_bmg_placer	
[00:00:04]: Mod: TuTienKy (Phàm Nhân Tu Tiên)	    ttk_flower_pgy	
[00:00:04]: Mod: TuTienKy (Phàm Nhân Tu Tiên)	    ttk_flower_pgy_placer	
[00:00:04]: Mod: TuTienKy (Phàm Nhân Tu Tiên)	    ttk_flower_ll	
[00:00:04]: Mod: TuTienKy (Phàm Nhân Tu Tiên)	    ttk_flower_ll_placer	
[00:00:04]: Mod: TuTienKy (Phàm Nhân Tu Tiên)	    ttk_flower_md	
[00:00:04]: Mod: TuTienKy (Phàm Nhân Tu Tiên)	    ttk_flower_md_placer	
[00:00:04]: Mod: TuTienKy (Phàm Nhân Tu Tiên)	    ttk_flower_mlh	
[00:00:04]: Mod: TuTienKy (Phàm Nhân Tu Tiên)	    ttk_flower_mlh_placer	
[00:00:04]: Mod: TuTienKy (Phàm Nhân Tu Tiên)	  Registering prefab file: prefabs/ttk_huapen	
[00:00:04]: Mod: TuTienKy (Phàm Nhân Tu Tiên)	    ttk_huapen	
[00:00:04]: Mod: TuTienKy (Phàm Nhân Tu Tiên)	    ttk_huapen_placer	
[00:00:04]: Mod: TuTienKy (Phàm Nhân Tu Tiên)	  Registering prefab file: prefabs/ttk_luoshen_hua	
[00:00:04]: Mod: TuTienKy (Phàm Nhân Tu Tiên)	    ttk_luoshen_huazhong	
[00:00:04]: Mod: TuTienKy (Phàm Nhân Tu Tiên)	    ttk_luoshen_hua	
[00:00:04]: Mod: TuTienKy (Phàm Nhân Tu Tiên)	    ttk_luoshen_huayin	
[00:00:04]: Mod: TuTienKy (Phàm Nhân Tu Tiên)	    ttk_luoshen_huazhong_placer	
[00:00:04]: Mod: TuTienKy (Phàm Nhân Tu Tiên)	  Registering prefab file: prefabs/ttk_luoshen_food	
[00:00:04]: Mod: TuTienKy (Phàm Nhân Tu Tiên)	    ttk_luoshen_qingshu	
[00:00:04]: Mod: TuTienKy (Phàm Nhân Tu Tiên)	    ttk_luoxiang_pengrou	
[00:00:04]: Mod: TuTienKy (Phàm Nhân Tu Tiên)	    ttk_luoxiang_pengrou_buff	
[00:00:04]: Mod: TuTienKy (Phàm Nhân Tu Tiên)	  Registering prefab file: prefabs/ttk_pflnw	
[00:00:04]: Mod: TuTienKy (Phàm Nhân Tu Tiên)	    ttk_pflnw	
[00:00:04]: Mod: TuTienKy (Phàm Nhân Tu Tiên)	    ttk_pflnw_placer	
[00:00:04]: Mod: TuTienKy (Phàm Nhân Tu Tiên)	  Registering prefab file: prefabs/ttk_ftys	
[00:00:04]: Mod: TuTienKy (Phàm Nhân Tu Tiên)	    ttk_ftys	
[00:00:04]: Mod: TuTienKy (Phàm Nhân Tu Tiên)	    ttk_ftys_placer	
[00:00:04]: Mod: TuTienKy (Phàm Nhân Tu Tiên)	  Registering prefab file: prefabs/ttk_klxw	
[00:00:04]: Mod: TuTienKy (Phàm Nhân Tu Tiên)	    ttk_klxw	
[00:00:04]: Mod: TuTienKy (Phàm Nhân Tu Tiên)	    ttk_klxw_placer	
[00:00:04]: Mod: TuTienKy (Phàm Nhân Tu Tiên)	  Registering prefab file: prefabs/ttk_beefalo	
[00:00:04]: Mod: TuTienKy (Phàm Nhân Tu Tiên)	    ttk_beefalo	
[00:00:04]: Mod: TuTienKy (Phàm Nhân Tu Tiên)	  Registering prefab file: prefabs/ttk_lightninggoat	
[00:00:04]: Mod: TuTienKy (Phàm Nhân Tu Tiên)	    ttk_lightninggoat	
[00:00:04]: Mod: TuTienKy (Phàm Nhân Tu Tiên)	  Registering prefab file: prefabs/ttk_koalefant	
[00:00:04]: Mod: TuTienKy (Phàm Nhân Tu Tiên)	    ttk_koalefant	
[00:00:04]: Mod: TuTienKy (Phàm Nhân Tu Tiên)	  Registering prefab file: prefabs/ttk_gjx	
[00:00:04]: Mod: TuTienKy (Phàm Nhân Tu Tiên)	    ttk_gjx	
[00:00:04]: Mod: TuTienKy (Phàm Nhân Tu Tiên)	    ttk_gjx_placer	
[00:00:04]: Mod: TuTienKy (Phàm Nhân Tu Tiên)	  Registering prefab file: prefabs/ttk_dbg	
[00:00:04]: Mod: TuTienKy (Phàm Nhân Tu Tiên)	    ttk_dbg	
[00:00:04]: Mod: TuTienKy (Phàm Nhân Tu Tiên)	    ttk_dbg_placer	
[00:00:04]: Mod: TuTienKy (Phàm Nhân Tu Tiên)	  Registering prefab file: prefabs/ttk_dc	
[00:00:04]: Mod: TuTienKy (Phàm Nhân Tu Tiên)	    ttk_dc	
[00:00:04]: Mod: TuTienKy (Phàm Nhân Tu Tiên)	    ttk_dc_placer	
[00:00:04]: Mod: TuTienKy (Phàm Nhân Tu Tiên)	  Registering prefab file: prefabs/ttk_lbx	
[00:00:04]: Mod: TuTienKy (Phàm Nhân Tu Tiên)	    ttk_lbx	
[00:00:04]: Mod: TuTienKy (Phàm Nhân Tu Tiên)	    ttk_lbx_placer	
[00:00:04]: Mod: TuTienKy (Phàm Nhân Tu Tiên)	  Registering prefab file: prefabs/ttk_lgzbh	
[00:00:04]: Mod: TuTienKy (Phàm Nhân Tu Tiên)	    ttk_lgzbh	
[00:00:04]: Mod: TuTienKy (Phàm Nhân Tu Tiên)	    ttk_lgzbh_fx	
[00:00:04]: Mod: TuTienKy (Phàm Nhân Tu Tiên)	    ttk_lgzbh_placer	
[00:00:04]: Mod: TuTienKy (Phàm Nhân Tu Tiên)	  Registering prefab file: prefabs/ttk_mg	
[00:00:04]: Mod: TuTienKy (Phàm Nhân Tu Tiên)	    ttk_mg	
[00:00:04]: Mod: TuTienKy (Phàm Nhân Tu Tiên)	    ttk_mg_placer	
[00:00:04]: Mod: TuTienKy (Phàm Nhân Tu Tiên)	  Registering prefab file: prefabs/ttk_hyf_fx	
[00:00:04]: Mod: TuTienKy (Phàm Nhân Tu Tiên)	    ttk_hyf_fullfx	
[00:00:04]: Mod: TuTienKy (Phàm Nhân Tu Tiên)	    ttk_hyf_frontfx	
[00:00:04]: Mod: TuTienKy (Phàm Nhân Tu Tiên)	    ttk_hyf_frontfx_small	
[00:00:04]: Mod: TuTienKy (Phàm Nhân Tu Tiên)	  Registering prefab file: prefabs/ttk_sj_kls	
[00:00:04]: Mod: TuTienKy (Phàm Nhân Tu Tiên)	    ttk_sj_kls	
[00:00:04]: Mod: TuTienKy (Phàm Nhân Tu Tiên)	    ttk_sj_kls_placer	
[00:00:04]: Mod: TuTienKy (Phàm Nhân Tu Tiên)	  Registering prefab file: prefabs/ttk_lbjlt	
[00:00:04]: Mod: TuTienKy (Phàm Nhân Tu Tiên)	    ttk_lbjlt	
[00:00:04]: Mod: TuTienKy (Phàm Nhân Tu Tiên)	    ttk_lbjlt_fx	
[00:00:04]: Mod: TuTienKy (Phàm Nhân Tu Tiên)	    ttk_lbjlt_placer	
[00:00:04]: Mod: TuTienKy (Phàm Nhân Tu Tiên)	  Registering prefab file: prefabs/ttk_qljq	
[00:00:04]: Mod: TuTienKy (Phàm Nhân Tu Tiên)	    ttk_qljq	
[00:00:04]: Mod: TuTienKy (Phàm Nhân Tu Tiên)	    ttk_qljq_placer	
[00:00:04]: Mod: TuTienKy (Phàm Nhân Tu Tiên)	  Registering prefab file: prefabs/ttk_foodstores	
[00:00:04]: Mod: TuTienKy (Phàm Nhân Tu Tiên)	    ttk_crc	
[00:00:04]: Mod: TuTienKy (Phàm Nhân Tu Tiên)	    ttk_crc_placer	
[00:00:04]: Mod: TuTienKy (Phàm Nhân Tu Tiên)	    ttk_sgc	
[00:00:04]: Mod: TuTienKy (Phàm Nhân Tu Tiên)	    ttk_sgc_placer	
[00:00:04]: Mod: TuTienKy (Phàm Nhân Tu Tiên)	  Registering prefab file: prefabs/ttk_qwsk	
[00:00:04]: Mod: TuTienKy (Phàm Nhân Tu Tiên)	    ttk_qwsk	
[00:00:04]: Mod: TuTienKy (Phàm Nhân Tu Tiên)	    ttk_qwsk_placer	
[00:00:04]: Mod: TuTienKy (Phàm Nhân Tu Tiên)	  Registering prefab file: prefabs/ttk_wsjx	
[00:00:04]: Mod: TuTienKy (Phàm Nhân Tu Tiên)	    ttk_wsjx	
[00:00:04]: Mod: TuTienKy (Phàm Nhân Tu Tiên)	    ttk_wsjx_placer	
[00:00:04]: Mod: TuTienKy (Phàm Nhân Tu Tiên)	  Registering prefab file: prefabs/ttk_batch19_garden	
[00:00:04]: Mod: TuTienKy (Phàm Nhân Tu Tiên)	    ttk_tree_yls	
[00:00:04]: Mod: TuTienKy (Phàm Nhân Tu Tiên)	    ttk_tree_yls_placer	
[00:00:04]: Mod: TuTienKy (Phàm Nhân Tu Tiên)	    ttk_flower_sfr	
[00:00:04]: Mod: TuTienKy (Phàm Nhân Tu Tiên)	    ttk_flower_sfr_placer	
[00:00:04]: Mod: TuTienKy (Phàm Nhân Tu Tiên)	    ttk_flower_zyh	
[00:00:04]: Mod: TuTienKy (Phàm Nhân Tu Tiên)	    ttk_flower_zyh_placer	
[00:00:04]: Mod: TuTienKy (Phàm Nhân Tu Tiên)	    ttk_flower_yl	
[00:00:04]: Mod: TuTienKy (Phàm Nhân Tu Tiên)	    ttk_flower_yl_placer	
[00:00:04]: Mod: TuTienKy (Phàm Nhân Tu Tiên)	  Registering prefab file: prefabs/ttk_yunxiao_portable_spicer	
[00:00:04]: Mod: TuTienKy (Phàm Nhân Tu Tiên)	    ttk_yunxiao_portable_spicer	
[00:00:04]: Mod: TuTienKy (Phàm Nhân Tu Tiên)	    ttk_yunxiao_portable_spicer_placer	
[00:00:04]: Mod: TuTienKy (Phàm Nhân Tu Tiên)	  Registering prefab file: prefabs/ttk_ylxc	
[00:00:04]: Mod: TuTienKy (Phàm Nhân Tu Tiên)	    ttk_ylxc	
[00:00:04]: Mod: TuTienKy (Phàm Nhân Tu Tiên)	    ttk_ylxc_placer	
[00:00:04]: Mod: TuTienKy (Phàm Nhân Tu Tiên)	  Registering prefab file: prefabs/ttk_ylxq	
[00:00:04]: Mod: TuTienKy (Phàm Nhân Tu Tiên)	    ttk_ylxq	
[00:00:04]: Mod: TuTienKy (Phàm Nhân Tu Tiên)	    ttk_ylxq_placer	
[00:00:04]: Mod: TuTienKy (Phàm Nhân Tu Tiên)	  Registering prefab file: prefabs/ttk_herbs	
[00:00:04]: Mod: TuTienKy (Phàm Nhân Tu Tiên)	    ttk_plant_lmg	
[00:00:04]: Mod: TuTienKy (Phàm Nhân Tu Tiên)	    ttk_lc_lmg	
[00:00:04]: Mod: TuTienKy (Phàm Nhân Tu Tiên)	    ttk_lc_lmg_seed	
[00:00:04]: Mod: TuTienKy (Phàm Nhân Tu Tiên)	    ttk_plant_dms	
[00:00:04]: Mod: TuTienKy (Phàm Nhân Tu Tiên)	    ttk_lc_dms	
[00:00:04]: Mod: TuTienKy (Phàm Nhân Tu Tiên)	    ttk_lc_dms_seed	
[00:00:04]: Mod: TuTienKy (Phàm Nhân Tu Tiên)	    ttk_plant_hsc	
[00:00:04]: Mod: TuTienKy (Phàm Nhân Tu Tiên)	    ttk_lc_hsc	
[00:00:04]: Mod: TuTienKy (Phàm Nhân Tu Tiên)	    ttk_lc_hsc_seed	
[00:00:04]: Mod: TuTienKy (Phàm Nhân Tu Tiên)	    ttk_plant_yhh	
[00:00:04]: Mod: TuTienKy (Phàm Nhân Tu Tiên)	    ttk_lc_yhh	
[00:00:04]: Mod: TuTienKy (Phàm Nhân Tu Tiên)	    ttk_lc_yhh_seed	
[00:00:04]: Mod: TuTienKy (Phàm Nhân Tu Tiên)	    ttk_plant_qfx	
[00:00:04]: Mod: TuTienKy (Phàm Nhân Tu Tiên)	    ttk_lc_qfx	
[00:00:04]: Mod: TuTienKy (Phàm Nhân Tu Tiên)	    ttk_lc_qfx_seed	
[00:00:04]: Mod: TuTienKy (Phàm Nhân Tu Tiên)	    ttk_plant_cyh	
[00:00:04]: Mod: TuTienKy (Phàm Nhân Tu Tiên)	    ttk_lc_cyh	
[00:00:04]: Mod: TuTienKy (Phàm Nhân Tu Tiên)	    ttk_lc_cyh_seed	
[00:00:04]: Mod: TuTienKy (Phàm Nhân Tu Tiên)	    ttk_dms_healthregenbuff	
[00:00:04]: Mod: TuTienKy (Phàm Nhân Tu Tiên)	    ttk_plant_cyh_buff	
[00:00:04]: Mod: TuTienKy (Phàm Nhân Tu Tiên)	  Registering prefab file: prefabs/ttt_travelable_classified	
[00:00:04]: Mod: TuTienKy (Phàm Nhân Tu Tiên)	    ttt_travelable_classified	
[00:00:04]: Mod: TuTienKy (Phàm Nhân Tu Tiên)	  Registering prefab file: prefabs/deluxe_firepit	
[00:00:04]: Mod: TuTienKy (Phàm Nhân Tu Tiên)	    deluxe_firepit	
[00:00:04]: Mod: TuTienKy (Phàm Nhân Tu Tiên)	    deluxe_firepit_placer	
[00:00:04]: Mod: TuTienKy (Phàm Nhân Tu Tiên)	  Registering prefab file: prefabs/deluxe_firepit_fire	
[00:00:04]: Mod: TuTienKy (Phàm Nhân Tu Tiên)	    deluxe_firepit_fire	
[00:00:04]: Mod: TuTienKy (Phàm Nhân Tu Tiên)	  Registering prefab file: prefabs/endo_firepit	
[00:00:04]: Mod: TuTienKy (Phàm Nhân Tu Tiên)	    endo_firepit	
[00:00:04]: Mod: TuTienKy (Phàm Nhân Tu Tiên)	    endo_firepit_placer	
[00:00:04]: Mod: TuTienKy (Phàm Nhân Tu Tiên)	  Registering prefab file: prefabs/endo_firepit_fire	
[00:00:04]: Mod: TuTienKy (Phàm Nhân Tu Tiên)	    endo_firepit_fire	
[00:00:04]: Mod: TuTienKy (Phàm Nhân Tu Tiên)	  Registering prefab file: prefabs/ice_star	
[00:00:04]: Mod: TuTienKy (Phàm Nhân Tu Tiên)	    ice_star	
[00:00:04]: Mod: TuTienKy (Phàm Nhân Tu Tiên)	    ice_star_placer	
[00:00:04]: Mod: TuTienKy (Phàm Nhân Tu Tiên)	  Registering prefab file: prefabs/ice_star_flame	
[00:00:04]: Mod: TuTienKy (Phàm Nhân Tu Tiên)	    ice_star_flame	
[00:00:04]: Mod: TuTienKy (Phàm Nhân Tu Tiên)	  Registering prefab file: prefabs/heat_star	
[00:00:04]: Mod: TuTienKy (Phàm Nhân Tu Tiên)	    heat_star	
[00:00:04]: Mod: TuTienKy (Phàm Nhân Tu Tiên)	    heat_star_placer	
[00:00:04]: Mod: TuTienKy (Phàm Nhân Tu Tiên)	  Registering prefab file: prefabs/heat_star_flame	
[00:00:04]: Mod: TuTienKy (Phàm Nhân Tu Tiên)	    heat_star_flame	
[00:00:04]: Mod: TuTienKy (Phàm Nhân Tu Tiên)	  Registering prefab file: prefabs/ttk_chuongthienbinh	
[00:00:04]: Mod: TuTienKy (Phàm Nhân Tu Tiên)	    ttk_chuongthienbinh	
[00:00:04]: Mod: TuTienKy (Phàm Nhân Tu Tiên)	  Registering prefab file: prefabs/ttk_zcmj	
[00:00:04]: Mod: TuTienKy (Phàm Nhân Tu Tiên)	    ttk_zcmj	
[00:00:04]: Mod: TuTienKy (Phàm Nhân Tu Tiên)	    ttk_zcmj_forcefield	
[00:00:04]: Mod: TuTienKy (Phàm Nhân Tu Tiên)	  Registering prefab file: prefabs/ttk_xshj	
[00:00:04]: Mod: TuTienKy (Phàm Nhân Tu Tiên)	    ttk_xshj	
[00:00:04]: Mod: TuTienKy (Phàm Nhân Tu Tiên)	  Registering prefab file: prefabs/ttk_yunxiao_ymsz	
[00:00:04]: Mod: TuTienKy (Phàm Nhân Tu Tiên)	    ttk_yunxiao_ymsz	
[00:00:04]: Mod: TuTienKy (Phàm Nhân Tu Tiên)	  Registering prefab file: prefabs/ttk_tianji	
[00:00:04]: Mod: TuTienKy (Phàm Nhân Tu Tiên)	    ttk_tianjiwu	
[00:00:04]: Mod: TuTienKy (Phàm Nhân Tu Tiên)	    ttk_tianji_juanzhou	
[00:00:04]: Mod: TuTienKy (Phàm Nhân Tu Tiên)	    ttk_tianji_lingpai	
[00:00:04]: Mod: TuTienKy (Phàm Nhân Tu Tiên)	    ttk_tianji_juanzhou_placer	
[00:00:04]: Mod: TuTienKy (Phàm Nhân Tu Tiên)	  Registering prefab file: prefabs/ttk_tianji_interior	
[00:00:04]: Mod: TuTienKy (Phàm Nhân Tu Tiên)	    ttk_tianji_room	
[00:00:04]: Mod: TuTienKy (Phàm Nhân Tu Tiên)	    ttk_tianji_wall	
[00:00:04]: Mod: TuTienKy (Phàm Nhân Tu Tiên)	    ttk_tianji_exit	
[00:00:04]: Mod: TuTienKy (Phàm Nhân Tu Tiên)	    ttk_tianji_floor	
[00:00:04]: Mod: TuTienKy (Phàm Nhân Tu Tiên)	    ttk_tianji_wallpaper	
[00:00:04]: Mod: TuTienKy (Phàm Nhân Tu Tiên)	    ttk_tianji_doorart	
[00:00:04]: Mod: TuTienKy (Phàm Nhân Tu Tiên)	    ttk_tianji_decals	
[00:00:04]: Mod: TuTienKy (Phàm Nhân Tu Tiên)	  Registering prefab file: prefabs/ttk_zzxhcx	
[00:00:04]: Mod: TuTienKy (Phàm Nhân Tu Tiên)	    ttk_zzxhcx	
[00:00:04]: Mod: TuTienKy (Phàm Nhân Tu Tiên)	    ttk_zzxhcx_placer	
[00:00:04]: Mod: TuTienKy (Phàm Nhân Tu Tiên)	  Registering prefab file: prefabs/ttk_lycx	
[00:00:04]: Mod: TuTienKy (Phàm Nhân Tu Tiên)	    ttk_lycx	
[00:00:04]: Mod: TuTienKy (Phàm Nhân Tu Tiên)	    ttk_lycx_placer	
[00:00:04]: Mod: TuTienKy (Phàm Nhân Tu Tiên)	  Registering prefab file: prefabs/ttk_spiderden	
[00:00:04]: Mod: TuTienKy (Phàm Nhân Tu Tiên)	    ttk_spiderden	
[00:00:04]: Mod: TuTienKy (Phàm Nhân Tu Tiên)	    ttk_spiderden_placer	
[00:00:04]: Mod: TuTienKy (Phàm Nhân Tu Tiên)	  Registering prefab file: prefabs/ttk_pog	
[00:00:04]: Mod: TuTienKy (Phàm Nhân Tu Tiên)	    ttk_pog	
[00:00:04]: Mod: TuTienKy (Phàm Nhân Tu Tiên)	    ttk_pog_fire	
[00:00:04]: Mod: TuTienKy (Phàm Nhân Tu Tiên)	    ttk_pog_house	
[00:00:04]: Mod: TuTienKy (Phàm Nhân Tu Tiên)	    ttk_pog_house_placer	
[00:00:04]: Mod: TuTienKy (Phàm Nhân Tu Tiên)	  Registering prefab file: prefabs/ttk_stool	
[00:00:04]: Mod: TuTienKy (Phàm Nhân Tu Tiên)	    ttk_stool	
[00:00:04]: Mod: TuTienKy (Phàm Nhân Tu Tiên)	    ttk_stool_placer	
[00:00:04]: Mod: TuTienKy (Phàm Nhân Tu Tiên)	  Registering prefab file: prefabs/ttk_bearger	
[00:00:04]: Mod: TuTienKy (Phàm Nhân Tu Tiên)	    ttk_bearger	
[00:00:04]: Mod: TuTienKy (Phàm Nhân Tu Tiên)	  Registering prefab file: prefabs/ttk_dragonfly	
[00:00:04]: Mod: TuTienKy (Phàm Nhân Tu Tiên)	    ttk_dragonfly	
[00:00:04]: Mod: TuTienKy (Phàm Nhân Tu Tiên)	  Registering prefab file: prefabs/ttk_spider	
[00:00:04]: Mod: TuTienKy (Phàm Nhân Tu Tiên)	    ttk_spider	
[00:00:04]: Mod: TuTienKy (Phàm Nhân Tu Tiên)	    ttk_spider_pro	
[00:00:04]: Mod: TuTienKy (Phàm Nhân Tu Tiên)	    ttk_slow_buff_ent	
[00:00:04]: Mod: TuTienKy (Phàm Nhân Tu Tiên)	  Registering prefab file: prefabs/ttk_batch19_houseitems	
[00:00:04]: Mod: TuTienKy (Phàm Nhân Tu Tiên)	    ttk_npxsz	
[00:00:04]: Mod: TuTienKy (Phàm Nhân Tu Tiên)	    ttk_spider_leg	
[00:00:04]: Mod: TuTienKy (Phàm Nhân Tu Tiên)	    ttk_pog_tail	
[00:00:04]: Mod: TuTienKy (Phàm Nhân Tu Tiên)	    ttk_spider_puff_front	
[00:00:04]: Mod: TuTienKy (Phàm Nhân Tu Tiên)	    ttk_spider_puff_back	
[00:00:04]: Mod: TuTienKy (Phàm Nhân Tu Tiên)	    ttk_slow_buff	
[00:00:04]: Mod: TuTienKy (Phàm Nhân Tu Tiên)	    ttk_pog_fire_buff	
[00:00:04]: Mod: TuTienKy (Phàm Nhân Tu Tiên)	  Registering prefab file: prefabs/ttk_tianji_byj	
[00:00:04]: Mod: TuTienKy (Phàm Nhân Tu Tiên)	    ttk_tianjiwu_baihufx	
[00:00:04]: Mod: TuTienKy (Phàm Nhân Tu Tiên)	  Registering prefab file: prefabs/ttk_choujiangji	
[00:00:04]: Mod: TuTienKy (Phàm Nhân Tu Tiên)	    ttk_choujiangji	
[00:00:04]: Mod: TuTienKy (Phàm Nhân Tu Tiên)	    ttk_choujiangji_placer	
[00:00:04]: Mod: TuTienKy (Phàm Nhân Tu Tiên)	  Registering prefab file: prefabs/ttk_yhsyz	
[00:00:04]: Mod: TuTienKy (Phàm Nhân Tu Tiên)	    ttk_yhsyz	
[00:00:04]: Mod: TuTienKy (Phàm Nhân Tu Tiên)	  Registering prefab file: prefabs/ttk_hyc	
[00:00:04]: Mod: TuTienKy (Phàm Nhân Tu Tiên)	    ttk_hyc	
[00:00:04]: Mod: TuTienKy (Phàm Nhân Tu Tiên)	    ttk_hyc_placer	
[00:00:04]: Mod: TuTienKy (Phàm Nhân Tu Tiên)	  Registering prefab file: prefabs/ttk_hmsw	
[00:00:04]: Mod: TuTienKy (Phàm Nhân Tu Tiên)	    ttk_hmsw	
[00:00:04]: Mod: TuTienKy (Phàm Nhân Tu Tiên)	    ttk_hmsw_placer	
[00:00:04]: Mod: TuTienKy (Phàm Nhân Tu Tiên)	  Registering prefab file: prefabs/ttk_spirit_mines	
[00:00:04]: Mod: TuTienKy (Phàm Nhân Tu Tiên)	    ttk_rock1	
[00:00:04]: Mod: TuTienKy (Phàm Nhân Tu Tiên)	    ttk_rock2	
[00:00:04]: Mod: TuTienKy (Phàm Nhân Tu Tiên)	    ttk_rock3	
[00:00:04]: Mod: TuTienKy (Phàm Nhân Tu Tiên)	    ttk_rock1_placer	
[00:00:04]: Mod: TuTienKy (Phàm Nhân Tu Tiên)	    ttk_rock2_placer	
[00:00:04]: Mod: TuTienKy (Phàm Nhân Tu Tiên)	    ttk_rock3_placer	
[00:00:04]: Mod: TuTienKy (Phàm Nhân Tu Tiên)	  Registering prefab file: prefabs/ttk_spirit_workshop	
[00:00:04]: Mod: TuTienKy (Phàm Nhân Tu Tiên)	    ttk_spirit_workshop	
[00:00:04]: Mod: TuTienKy (Phàm Nhân Tu Tiên)	    ttk_spirit_workshop_placer	
[00:00:04]: Mod: TuTienKy (Phàm Nhân Tu Tiên)	  Registering prefab file: prefabs/hh_dungeon_potion	
[00:00:04]: Mod: TuTienKy (Phàm Nhân Tu Tiên)	    hh_dungeon_potion	
[00:00:04]: Mod: TuTienKy (Phàm Nhân Tu Tiên)	    hh_thuoc_suc_manh	
[00:00:04]: Mod: TuTienKy (Phàm Nhân Tu Tiên)	    hh_thuoc_phong_toc	
[00:00:04]: Mod: TuTienKy (Phàm Nhân Tu Tiên)	    hh_thuoc_lien_kich	
[00:00:04]: Mod: TuTienKy (Phàm Nhân Tu Tiên)	    hh_thuoc_ho_the	
[00:00:04]: Mod: TuTienKy (Phàm Nhân Tu Tiên)	    hh_thuoc_sinh_menh	
[00:00:04]: Mod: TuTienKy (Phàm Nhân Tu Tiên)	    hh_thuoc_tai_sinh	
[00:00:04]: Mod: TuTienKy (Phàm Nhân Tu Tiên)	    hh_thuoc_tinh_tam	
[00:00:04]: Mod: TuTienKy (Phàm Nhân Tu Tiên)	    hh_thuoc_ma_luc	
[00:00:04]: Mod: TuTienKy (Phàm Nhân Tu Tiên)	    hh_thuoc_tiet_ma	
[00:00:04]: Mod: TuTienKy (Phàm Nhân Tu Tiên)	    hh_thuoc_hoc_gia	
[00:00:04]: Mod: TuTienKy (Phàm Nhân Tu Tiên)	    hh_thuoc_chinh_phat	
[00:00:04]: Mod: TuTienKy (Phàm Nhân Tu Tiên)	    hh_thuoc_bao_kich	
[00:00:04]: Mod: TuTienKy (Phàm Nhân Tu Tiên)	    hh_thuoc_hap_huyet	
[00:00:04]: Mod: TuTienKy (Phàm Nhân Tu Tiên)	    hh_thuoc_khang_the	
[00:00:04]: Mod: TuTienKy (Phàm Nhân Tu Tiên)	    hh_thuoc_toan_nang	
[00:00:04]: Mod: TuTienKy (Phàm Nhân Tu Tiên)	    hh_hac_duoc_sinh_menh	
[00:00:04]: Mod: TuTienKy (Phàm Nhân Tu Tiên)	    hh_hac_duoc_cong_kich	
[00:00:04]: Mod: TuTienKy (Phàm Nhân Tu Tiên)	    hh_hac_duoc_phong_ngu	
[00:00:04]: Mod: TuTienKy (Phàm Nhân Tu Tiên)	    hh_hac_duoc_toc_hanh	
[00:00:04]: Mod: TuTienKy (Phàm Nhân Tu Tiên)	    hh_hac_duoc_lien_kich	
[00:00:04]: Mod: TuTienKy (Phàm Nhân Tu Tiên)	    hh_hac_duoc_tai_sinh	
[00:00:04]: Mod: TuTienKy (Phàm Nhân Tu Tiên)	    hh_igris_thiet_ve	
[00:00:04]: Mod: TuTienKy (Phàm Nhân Tu Tiên)	    hh_igris_khieu_khich	
[00:00:04]: Mod: TuTienKy (Phàm Nhân Tu Tiên)	    hh_beru_san_boss	
[00:00:04]: Mod: TuTienKy (Phàm Nhân Tu Tiên)	    hh_beru_hap_huyet	
[00:00:04]: Mod: TuTienKy (Phàm Nhân Tu Tiên)	    hh_fruitfly_mo_rong	
[00:00:04]: Mod: TuTienKy (Phàm Nhân Tu Tiên)	    hh_fruitfly_cham_soc	
[00:00:04]: Mod: TuTienKy (Phàm Nhân Tu Tiên)	    hh_mac_anh_lao_dong	
[00:00:04]: Mod: TuTienKy (Phàm Nhân Tu Tiên)	    hh_quan_doan_tiet_ma	
[00:00:04]: Mod: TuTienKy (Phàm Nhân Tu Tiên)	    hh_den_ham_nguc	
[00:00:04]: Mod: TuTienKy (Phàm Nhân Tu Tiên)	    hh_sua_vu_khi	
[00:00:04]: Mod: TuTienKy (Phàm Nhân Tu Tiên)	    hh_bo_sua_giap	
[00:00:04]: Mod: TuTienKy (Phàm Nhân Tu Tiên)	    hh_bua_hoi_chieu	
[00:00:04]: Mod: TuTienKy (Phàm Nhân Tu Tiên)	    hh_bua_tu_nhat	
[00:00:04]: Mod: TuTienKy (Phàm Nhân Tu Tiên)	    hh_tui_tiep_te	
[00:00:04]: Mod: TuTienKy (Phàm Nhân Tu Tiên)	    hh_trai_da_chien	
[00:00:04]: Mod: TuTienKy (Phàm Nhân Tu Tiên)	    hh_bo_chong_lanh	
[00:00:04]: Mod: TuTienKy (Phàm Nhân Tu Tiên)	    hh_bo_chong_nong	
[00:00:04]: Mod: TuTienKy (Phàm Nhân Tu Tiên)	    hh_bua_lao_dong	
[00:00:04]: Mod: TuTienKy (Phàm Nhân Tu Tiên)	    hh_may_thu_do	
[00:00:04]: Mod: TuTienKy (Phàm Nhân Tu Tiên)	    hh_nang_cap_tui	
[00:00:04]: Mod: TuTienKy (Phàm Nhân Tu Tiên)	    hh_khau_phan_an	
[00:00:04]: Mod: TuTienKy (Phàm Nhân Tu Tiên)	    hh_quang_minh_thach	
[00:00:04]: Mod: TuTienKy (Phàm Nhân Tu Tiên)	    hh_bua_ben_bi	
[00:00:04]: Mod: TuTienKy (Phàm Nhân Tu Tiên)	    hh_phieu_bo_sung	
[00:00:04]: Mod: TuTienKy (Phàm Nhân Tu Tiên)	    hh_da_chuyen_sinh	
[00:00:04]: Mod: TuTienKy (Phàm Nhân Tu Tiên)	  Registering prefab file: prefabs/guild_staff	
[00:00:04]: Mod: TuTienKy (Phàm Nhân Tu Tiên)	    guild_staff	
[00:00:04]: Mod: TuTienKy (Phàm Nhân Tu Tiên)	    guild_staff_mapicon	
[00:00:04]: Mod: TuTienKy (Phàm Nhân Tu Tiên)	  Registering prefab file: prefabs/hh_guild_complete_fx	
[00:00:04]: Mod: TuTienKy (Phàm Nhân Tu Tiên)	    hh_guild_complete_fx	
[00:00:04]: Mod: TuTienKy (Phàm Nhân Tu Tiên)	  Registering prefab file: prefabs/hh_macanh_shadow	
[00:00:04]: Mod: TuTienKy (Phàm Nhân Tu Tiên)	    hh_macanh_shadow	
[00:00:04]: Mod: TuTienKy (Phàm Nhân Tu Tiên)	    hh_macanh_shadow_globalicon	
[00:00:04]: Mod: TuTienKy (Phàm Nhân Tu Tiên)	    hh_macanh_shadow_revealableicon	
[00:00:04]: Mod: TuTienKy (Phàm Nhân Tu Tiên)	  Registering prefab file: prefabs/hh_hacanh_shadow	
[00:00:04]: Mod: TuTienKy (Phàm Nhân Tu Tiên)	    hh_hacanh_shadow	
[00:00:04]: Mod: TuTienKy (Phàm Nhân Tu Tiên)	    hh_hacanh_shadow_globalicon	
[00:00:04]: Mod: TuTienKy (Phàm Nhân Tu Tiên)	    hh_hacanh_shadow_revealableicon	
[00:00:04]: Mod: TuTienKy (Phàm Nhân Tu Tiên)	  Registering prefab file: prefabs/dungeon_wall_ruins	
[00:00:04]: Mod: TuTienKy (Phàm Nhân Tu Tiên)	    dungeon_wall_ruins	
[00:00:04]: Mod: TuTienKy (Phàm Nhân Tu Tiên)	  Registering prefab file: prefabs/dungeon_gate	
[00:00:04]: Mod: TuTienKy (Phàm Nhân Tu Tiên)	    dungeon_gate	
[00:00:04]: Mod: TuTienKy (Phàm Nhân Tu Tiên)	  Registering prefab file: prefabs/dungeon_exit	
[00:00:04]: Mod: TuTienKy (Phàm Nhân Tu Tiên)	    dungeon_exit	
[00:00:04]: Mod: TuTienKy (Phàm Nhân Tu Tiên)	  Registering prefab file: prefabs/hh_fx	
[00:00:04]: Mod: TuTienKy (Phàm Nhân Tu Tiên)	    hh_common_fx	
[00:00:04]: Mod: TuTienKy (Phàm Nhân Tu Tiên)	    hh_indicator_fx	
[00:00:04]: Mod: TuTienKy (Phàm Nhân Tu Tiên)	    hh_project_fx	
[00:00:04]: Mod: TuTienKy (Phàm Nhân Tu Tiên)	    hh_bow_project	
[00:00:04]: Mod: TuTienKy (Phàm Nhân Tu Tiên)	    hh_superlight_fx	
[00:00:04]: Mod: TuTienKy (Phàm Nhân Tu Tiên)	    sparks2_fx	
[00:00:04]: Mod: TuTienKy (Phàm Nhân Tu Tiên)	    ice_bounce_fx	
[00:00:04]: Mod: TuTienKy (Phàm Nhân Tu Tiên)	    sparks1_fx	
[00:00:04]: Mod: TuTienKy (Phàm Nhân Tu Tiên)	    hh_light_fx	
[00:00:04]: Mod: TuTienKy (Phàm Nhân Tu Tiên)	    fx1	
[00:00:04]: Mod: TuTienKy (Phàm Nhân Tu Tiên)	    fx2	
[00:00:04]: Mod: TuTienKy (Phàm Nhân Tu Tiên)	    fx3	
[00:00:04]: Mod: TuTienKy (Phàm Nhân Tu Tiên)	  Registering prefab file: prefabs/hh_prefabs	
[00:00:04]: Mod: TuTienKy (Phàm Nhân Tu Tiên)	    hh_ui_container	
[00:00:04]: Mod: TuTienKy (Phàm Nhân Tu Tiên)	    hh_forge_container	
[00:00:04]: Mod: TuTienKy (Phàm Nhân Tu Tiên)	    hh_monarch_storage_container	
[00:00:04]: Mod: TuTienKy (Phàm Nhân Tu Tiên)	    hh_effect_stone	
[00:00:04]: Mod: TuTienKy (Phàm Nhân Tu Tiên)	    hh_effect_tally	
[00:00:04]: Mod: TuTienKy (Phàm Nhân Tu Tiên)	    hh_remove_stone	
[00:00:04]: Mod: TuTienKy (Phàm Nhân Tu Tiên)	    hh_essence	
[00:00:04]: Mod: TuTienKy (Phàm Nhân Tu Tiên)	    hh_tips	
[00:00:04]: Mod: TuTienKy (Phàm Nhân Tu Tiên)	    wb_enhancegem	
[00:00:04]: Mod: TuTienKy (Phàm Nhân Tu Tiên)	    nn_cloud	
[00:00:04]: Mod: TuTienKy (Phàm Nhân Tu Tiên)	    nn_livingstaff_flower	
[00:00:04]: Mod: TuTienKy (Phàm Nhân Tu Tiên)	    nn_livingstaff_projectile	
[00:00:04]: Mod: TuTienKy (Phàm Nhân Tu Tiên)	    nn_freeze	
[00:00:04]: Mod: TuTienKy (Phàm Nhân Tu Tiên)	    nn_meteor	
[00:00:04]: Mod: TuTienKy (Phàm Nhân Tu Tiên)	    nn_base	
[00:00:04]: Mod: TuTienKy (Phàm Nhân Tu Tiên)	    nn_splash	
[00:00:04]: Mod: TuTienKy (Phàm Nhân Tu Tiên)	    forginghammer_crackle_fx	
[00:00:04]: Mod: TuTienKy (Phàm Nhân Tu Tiên)	    forginghammer_cracklebase_fx	
[00:00:04]: Mod: TuTienKy (Phàm Nhân Tu Tiên)	    hh_van_nang_trao	
[00:00:04]: Mod: TuTienKy (Phàm Nhân Tu Tiên)	    hh_fx_text	
[00:00:04]: Mod: TuTienKy (Phàm Nhân Tu Tiên)	    hh_levelup_text	
[00:00:04]: Mod: TuTienKy (Phàm Nhân Tu Tiên)	  Registering prefab file: prefabs/hh_hac_nguyet_ho	
[00:00:04]: Mod: TuTienKy (Phàm Nhân Tu Tiên)	    hh_hac_nguyet_ho	
[00:00:04]: Mod: TuTienKy (Phàm Nhân Tu Tiên)	    hh_hac_nguyet_ho_placer	
[00:00:04]: Mod: TuTienKy (Phàm Nhân Tu Tiên)	  Registering prefab file: prefabs/rock_treasure	
[00:00:04]: Mod: TuTienKy (Phàm Nhân Tu Tiên)	    rock_treasure	
[00:00:04]: Mod: TuTienKy (Phàm Nhân Tu Tiên)	  Registering prefab file: prefabs/hh_laser	
[00:00:04]: Mod: TuTienKy (Phàm Nhân Tu Tiên)	    hh_deerclops_laser	
[00:00:04]: Mod: TuTienKy (Phàm Nhân Tu Tiên)	    hh_deerclops_laserempty	
[00:00:04]: Mod: TuTienKy (Phàm Nhân Tu Tiên)	    hh_deerclops_laserscorch	
[00:00:04]: Mod: TuTienKy (Phàm Nhân Tu Tiên)	    hh_deerclops_lasertrail	
[00:00:04]: Mod: TuTienKy (Phàm Nhân Tu Tiên)	    hh_deerclops_laserhit	
[00:00:04]: Mod: TuTienKy (Phàm Nhân Tu Tiên)	  Registering prefab file: prefabs/hh_weapon	
[00:00:04]: Mod: TuTienKy (Phàm Nhân Tu Tiên)	    hh_daogam5	
[00:00:04]: Mod: TuTienKy (Phàm Nhân Tu Tiên)	    hh_daogam3	
[00:00:04]: Mod: TuTienKy (Phàm Nhân Tu Tiên)	    hh_quat_long_vu	
[00:00:04]: Mod: TuTienKy (Phàm Nhân Tu Tiên)	    hh_daogam4	
[00:00:04]: Mod: TuTienKy (Phàm Nhân Tu Tiên)	  Registering prefab file: prefabs/hh_build	
[00:00:04]: Mod: TuTienKy (Phàm Nhân Tu Tiên)	    hh_suit_build	
[00:00:04]: Mod: TuTienKy (Phàm Nhân Tu Tiên)	    hh_suit_build_placer	
[00:00:04]: Mod: TuTienKy (Phàm Nhân Tu Tiên)	  Registering prefab file: prefabs/hh_lz_fx	
[00:00:04]: Mod: TuTienKy (Phàm Nhân Tu Tiên)	    hh_fx_star_red	
[00:00:04]: Mod: TuTienKy (Phàm Nhân Tu Tiên)	    hh_ball_fx_blue	
[00:00:04]: Mod: TuTienKy (Phàm Nhân Tu Tiên)	    hh_turret_fx_poison	
[00:00:04]: Mod: TuTienKy (Phàm Nhân Tu Tiên)	    hh_ball_fx_orange	
[00:00:04]: Mod: TuTienKy (Phàm Nhân Tu Tiên)	    hh_fx_star_blue	
[00:00:04]: Mod: TuTienKy (Phàm Nhân Tu Tiên)	    hh_ball_fx_green	
[00:00:04]: Mod: TuTienKy (Phàm Nhân Tu Tiên)	    hh_fx_star_green	
[00:00:04]: Mod: TuTienKy (Phàm Nhân Tu Tiên)	    hh_fx_star_orange	
[00:00:04]: Mod: TuTienKy (Phàm Nhân Tu Tiên)	    hh_fx_star_purple	
[00:00:04]: Mod: TuTienKy (Phàm Nhân Tu Tiên)	    hh_fx_star_yellow	
[00:00:04]: Mod: TuTienKy (Phàm Nhân Tu Tiên)	    hh_turret_fx_ice	
[00:00:04]: Mod: TuTienKy (Phàm Nhân Tu Tiên)	    hh_fx_star_white	
[00:00:04]: Mod: TuTienKy (Phàm Nhân Tu Tiên)	    hh_ball_fx_purple	
[00:00:04]: Mod: TuTienKy (Phàm Nhân Tu Tiên)	    hh_ball_fx_red	
[00:00:04]: Mod: TuTienKy (Phàm Nhân Tu Tiên)	    hh_turret_fx_fire	
[00:00:04]: Mod: TuTienKy (Phàm Nhân Tu Tiên)	    hh_sparkle_fx	
[00:00:04]: Mod: TuTienKy (Phàm Nhân Tu Tiên)	  Registering prefab file: prefabs/hh_com_prefab	
[00:00:04]: Mod: TuTienKy (Phàm Nhân Tu Tiên)	    hh_wing_fx	
[00:00:04]: Mod: TuTienKy (Phàm Nhân Tu Tiên)	    hh_treasure_tally	
[00:00:04]: Mod: TuTienKy (Phàm Nhân Tu Tiên)	    hh_shark_ice_fx	
[00:00:04]: Mod: TuTienKy (Phàm Nhân Tu Tiên)	    hh_treasure_build	
[00:00:04]: Mod: TuTienKy (Phàm Nhân Tu Tiên)	    hh_treasure_text	
[00:00:04]: Mod: TuTienKy (Phàm Nhân Tu Tiên)	    hh_duck_box	
[00:00:04]: Mod: TuTienKy (Phàm Nhân Tu Tiên)	    hh_cat_box	
[00:00:04]: Mod: TuTienKy (Phàm Nhân Tu Tiên)	    hh_footprint_fz_fx	
[00:00:04]: Mod: TuTienKy (Phàm Nhân Tu Tiên)	    hh_shark_ice_start_fx	
[00:00:04]: Mod: TuTienKy (Phàm Nhân Tu Tiên)	  Registering prefab file: prefabs/hh_boss	
[00:00:04]: Mod: TuTienKy (Phàm Nhân Tu Tiên)	    hh_beetle_pig	
[00:00:04]: Mod: TuTienKy (Phàm Nhân Tu Tiên)	    hh_igris_dungeon	
[00:00:04]: Mod: TuTienKy (Phàm Nhân Tu Tiên)	    hh_sharkboi	
[00:00:04]: Mod: TuTienKy (Phàm Nhân Tu Tiên)	    hh_dual_wield_pig	
[00:00:04]: Mod: TuTienKy (Phàm Nhân Tu Tiên)	  Registering prefab file: prefabs/hh_beru_dungeon	
[00:00:04]: Mod: TuTienKy (Phàm Nhân Tu Tiên)	    hh_beru_dungeon	
[00:00:04]: Mod: TuTienKy (Phàm Nhân Tu Tiên)	  Registering prefab file: prefabs/hh_shadows	
[00:00:04]: Mod: TuTienKy (Phàm Nhân Tu Tiên)	    hh_igris_shadow	
[00:00:04]: Mod: TuTienKy (Phàm Nhân Tu Tiên)	    hh_corpse_igris	
[00:00:04]: Mod: TuTienKy (Phàm Nhân Tu Tiên)	    hh_beru_shadow	
[00:00:04]: Mod: TuTienKy (Phàm Nhân Tu Tiên)	    hh_corpse_beru	
[00:00:04]: Mod: TuTienKy (Phàm Nhân Tu Tiên)	  Registering prefab file: prefabs/hh_fruitfly_shadow	
[00:00:04]: Mod: TuTienKy (Phàm Nhân Tu Tiên)	    hh_fruitfly_shadow	
[00:00:04]: Mod: TuTienKy (Phàm Nhân Tu Tiên)	    hh_corpse_fruitfly	
[00:00:04]: Mod: TuTienKy (Phàm Nhân Tu Tiên)	    hh_fruitfly_shadow_globalicon	
[00:00:04]: Mod: TuTienKy (Phàm Nhân Tu Tiên)	    hh_fruitfly_shadow_revealableicon	
[00:00:04]: Mod: TuTienKy (Phàm Nhân Tu Tiên)	  Registering prefab file: prefabs/hh_shadow_swap_grab_fx	
[00:00:04]: Mod: TuTienKy (Phàm Nhân Tu Tiên)	    hh_shadow_swap_grab_fx	
[00:00:04]: Mod: TuTienKy (Phàm Nhân Tu Tiên)	  Registering prefab file: prefabs/hh_daily_slot_lock	
[00:00:04]: Mod: TuTienKy (Phàm Nhân Tu Tiên)	    hh_daily_slot_lock_hands	
[00:00:04]: Mod: TuTienKy (Phàm Nhân Tu Tiên)	    hh_daily_slot_lock_head	
[00:00:04]: Mod: TuTienKy (Phàm Nhân Tu Tiên)	    hh_daily_slot_lock_body	
[00:00:04]: Mod: TuTienKy (Phàm Nhân Tu Tiên)	  Registering prefab file: prefabs/hh_lo_ren	
[00:00:04]: Mod: TuTienKy (Phàm Nhân Tu Tiên)	    hh_lo_ren	
[00:00:04]: Mod: TuTienKy (Phàm Nhân Tu Tiên)	    hh_lo_ren_placer	
[00:00:04]: Mod: TuTienKy (Phàm Nhân Tu Tiên)	  Registering prefab file: prefabs/wb_strengthen_levelpaper	
[00:00:04]: Mod: TuTienKy (Phàm Nhân Tu Tiên)	    wb_strengthen_levelpaper_container	
[00:00:04]: Mod: TuTienKy (Phàm Nhân Tu Tiên)	    wb_strengthen_levelpaper_bundle	
[00:00:04]: Mod: TuTienKy (Phàm Nhân Tu Tiên)	    wb_strengthen_levelpaper_bundle_test	
[00:00:04]: Mod: TuTienKy (Phàm Nhân Tu Tiên)	    lv_5	
[00:00:04]: Mod: TuTienKy (Phàm Nhân Tu Tiên)	    lv_7	
[00:00:04]: Mod: TuTienKy (Phàm Nhân Tu Tiên)	    lv_9	
[00:00:04]: Mod: TuTienKy (Phàm Nhân Tu Tiên)	    lv_11	
[00:00:04]: Mod: TuTienKy (Phàm Nhân Tu Tiên)	    lv_13	
[00:00:04]: Mod: TuTienKy (Phàm Nhân Tu Tiên)	    wb_strengthen_strengthen_6_levelpaper	
[00:00:04]: Mod: TuTienKy (Phàm Nhân Tu Tiên)	    wb_strengthen_strengthen_7_levelpaper	
[00:00:04]: Mod: TuTienKy (Phàm Nhân Tu Tiên)	    wb_strengthen_strengthen_8_levelpaper	
[00:00:04]: Mod: TuTienKy (Phàm Nhân Tu Tiên)	    wb_strengthen_strengthen_9_levelpaper	
[00:00:04]: Mod: TuTienKy (Phàm Nhân Tu Tiên)	    wb_strengthen_strengthen_10_levelpaper	
[00:00:04]: Mod: TuTienKy (Phàm Nhân Tu Tiên)	    wb_strengthen_strengthen_11_levelpaper	
[00:00:04]: Mod: TuTienKy (Phàm Nhân Tu Tiên)	    wb_strengthen_strengthen_12_levelpaper	
[00:00:04]: Mod: TuTienKy (Phàm Nhân Tu Tiên)	  Registering prefab file: prefabs/wb_strengthen_protectpaper	
[00:00:04]: Mod: TuTienKy (Phàm Nhân Tu Tiên)	    wb_strengthen_strengthen_protectpaper	
[00:00:04]: Mod: TuTienKy (Phàm Nhân Tu Tiên)	  Registering prefab file: prefabs/wb_strengthen_food	
[00:00:04]: Mod: TuTienKy (Phàm Nhân Tu Tiên)	    nn_liquidluck	
[00:00:04]: Mod: TuTienKy (Phàm Nhân Tu Tiên)	    nn_liquidluck_buff	
[00:00:04]: Mod: TuTienKy (Phàm Nhân Tu Tiên)	    nn_liquidluck_2	
[00:00:04]: Mod: TuTienKy (Phàm Nhân Tu Tiên)	    nn_liquidluck_2_buff	
[00:00:04]: Mod: TuTienKy (Phàm Nhân Tu Tiên)	    nn_liquidluck_3	
[00:00:04]: Mod: TuTienKy (Phàm Nhân Tu Tiên)	    nn_liquidluck_3_buff	
[00:00:04]: Mod: TuTienKy (Phàm Nhân Tu Tiên)	  Registering prefab file: prefabs/wb_magical_shadow	
[00:00:04]: Mod: TuTienKy (Phàm Nhân Tu Tiên)	    wb_magical_shadow	
[00:00:04]: Mod: TuTienKy (Phàm Nhân Tu Tiên)	  Registering prefab file: prefabs/wb_magical_weaponsparks	
[00:00:04]: Mod: TuTienKy (Phàm Nhân Tu Tiên)	    wb_magical_weaponsparks	
[00:00:04]: Mod: TuTienKy (Phàm Nhân Tu Tiên)	  Registering prefab file: prefabs/poisonbubble	
[00:00:04]: Mod: TuTienKy (Phàm Nhân Tu Tiên)	    poisonbubble	
[00:00:04]: Mod: TuTienKy (Phàm Nhân Tu Tiên)	    poisonbubble_short	
[00:00:04]: Mod: TuTienKy (Phàm Nhân Tu Tiên)	    poisonbubble_level1	
[00:00:04]: Mod: TuTienKy (Phàm Nhân Tu Tiên)	    poisonbubble_level1_loop	
[00:00:04]: Mod: TuTienKy (Phàm Nhân Tu Tiên)	    poisonbubble_level2	
[00:00:04]: Mod: TuTienKy (Phàm Nhân Tu Tiên)	    poisonbubble_level2_loop	
[00:00:04]: Mod: TuTienKy (Phàm Nhân Tu Tiên)	    poisonbubble_level3	
[00:00:04]: Mod: TuTienKy (Phàm Nhân Tu Tiên)	    poisonbubble_level3_loop	
[00:00:04]: Mod: TuTienKy (Phàm Nhân Tu Tiên)	    poisonbubble_level4	
[00:00:04]: Mod: TuTienKy (Phàm Nhân Tu Tiên)	    poisonbubble_level4_loop	
[00:00:04]: Mod: TuTienKy (Phàm Nhân Tu Tiên)	  Registering prefab file: prefabs/nn_fx	
[00:00:04]: Mod: TuTienKy (Phàm Nhân Tu Tiên)	    deer_ice_circle	
[00:00:04]: Mod: TuTienKy (Phàm Nhân Tu Tiên)	    deer_ice_fx	
[00:00:04]: Mod: TuTienKy (Phàm Nhân Tu Tiên)	    deer_ice_burst	
[00:00:04]: Mod: TuTienKy (Phàm Nhân Tu Tiên)	    deer_ice_flakes	
[00:00:04]: Mod: TuTienKy (Phàm Nhân Tu Tiên)	    deer_ice_charge	
[00:00:04]: Mod: TuTienKy (Phàm Nhân Tu Tiên)	    deer_fire_circle	
[00:00:04]: Mod: TuTienKy (Phàm Nhân Tu Tiên)	    deer_fire_burst	
[00:00:04]: Mod: TuTienKy (Phàm Nhân Tu Tiên)	    deer_fire_flakes	
[00:00:04]: Mod: TuTienKy (Phàm Nhân Tu Tiên)	    deer_fire_charge	
[00:00:04]: Mod: TuTienKy (Phàm Nhân Tu Tiên)	  Registering prefab file: prefabs/nn_magicpaper	
[00:00:04]: Mod: TuTienKy (Phàm Nhân Tu Tiên)	    nn_magicpaper	
[00:00:04]: Mod: TuTienKy (Phàm Nhân Tu Tiên)	  Registering prefab file: prefabs/reticulearcline	
[00:00:04]: Mod: TuTienKy (Phàm Nhân Tu Tiên)	    reticulearcline	
[00:00:04]: Mod: TuTienKy (Phàm Nhân Tu Tiên)	    reticulearclineping	
[00:00:04]: Mod: TuTienKy (Phàm Nhân Tu Tiên)	  Registering prefab file: prefabs/lavaarena_heal_flowers_fx	
[00:00:04]: Mod: TuTienKy (Phàm Nhân Tu Tiên)	    lavaarena_heal_flowers_fx	
[00:00:04]: Mod: TuTienKy (Phàm Nhân Tu Tiên)	  Registering prefab file: prefabs/travelable_classified	
[00:00:04]: Mod: TuTienKy (Phàm Nhân Tu Tiên)	    travelable_classified	
[00:00:04]: Mod: TuTienKy (Phàm Nhân Tu Tiên)	  Registering prefab file: prefabs/minotau	
[00:00:04]: Mod: TuTienKy (Phàm Nhân Tu Tiên)	    minotau	
[00:00:04]: Mod: TuTienKy (Phàm Nhân Tu Tiên)	    minotauchestspawner	
[00:00:04]: Mod: TuTienKy (Phàm Nhân Tu Tiên)	  Registering prefab file: prefabs/minotaur_deadlyshockwave	
[00:00:04]: Mod: TuTienKy (Phàm Nhân Tu Tiên)	    minotaur_deadlyshockwave	
[00:00:04]: Mod: TuTienKy (Phàm Nhân Tu Tiên)	    minotaur_deathshockwave	
[00:00:04]: Mod: TuTienKy (Phàm Nhân Tu Tiên)	  Registering prefab file: prefabs/minotaurtransform_fx	
[00:00:04]: Mod: TuTienKy (Phàm Nhân Tu Tiên)	    minotaurtransform_fx	
[00:00:04]: Mod: TuTienKy (Phàm Nhân Tu Tiên)	  Registering prefab file: prefabs/minotaurtarget_fx	
[00:00:04]: Mod: TuTienKy (Phàm Nhân Tu Tiên)	    minotaurtarget_fx	
[00:00:04]: Mod: TuTienKy (Phàm Nhân Tu Tiên)	  Registering prefab file: prefabs/minotaurteleport_fx	
[00:00:04]: Mod: TuTienKy (Phàm Nhân Tu Tiên)	    minotaurteleport_fx	
[00:00:04]: Mod: TuTienKy (Phàm Nhân Tu Tiên)	  Registering prefab file: prefabs/minotaurteleportpost_fx	
[00:00:04]: Mod: TuTienKy (Phàm Nhân Tu Tiên)	    minotaurteleportpost_fx	
[00:00:04]: Mod: TuTienKy (Phàm Nhân Tu Tiên)	  Registering prefab file: prefabs/minotaur_shadowblaze	
[00:00:04]: Mod: TuTienKy (Phàm Nhân Tu Tiên)	    minotaur_shadowblaze	
[00:00:04]: Mod: TuTienKy (Phàm Nhân Tu Tiên)	    minotaur_shadowblaze_rigidbody	
[00:00:04]: Mod: TuTienKy (Phàm Nhân Tu Tiên)	    minotaur_shadowblaze_high	
[00:00:04]: Mod: TuTienKy (Phàm Nhân Tu Tiên)	  Registering prefab file: prefabs/minotaurfirecharge_fx	
[00:00:04]: Mod: TuTienKy (Phàm Nhân Tu Tiên)	    minotaurfirecharge_fx	
[00:00:04]: Mod: TuTienKy (Phàm Nhân Tu Tiên)	  Registering prefab file: prefabs/minotaurattachedfire_fx	
[00:00:04]: Mod: TuTienKy (Phàm Nhân Tu Tiên)	    minotaurattachedfire_fx	
[00:00:04]: Mod: TuTienKy (Phàm Nhân Tu Tiên)	  Registering prefab file: prefabs/minotaur_weakeningfx	
[00:00:04]: Mod: TuTienKy (Phàm Nhân Tu Tiên)	    minotaur_weakeningfx	
[00:00:04]: Mod: TuTienKy (Phàm Nhân Tu Tiên)	  Registering prefab file: prefabs/minotaurfiresplash_fx	
[00:00:04]: Mod: TuTienKy (Phàm Nhân Tu Tiên)	    minotaurfiresplash_fx	
[00:00:04]: Mod: TuTienKy (Phàm Nhân Tu Tiên)	  Registering prefab file: prefabs/minotaurfirering_fx	
[00:00:04]: Mod: TuTienKy (Phàm Nhân Tu Tiên)	    minotaurfirering_fx	
[00:00:04]: Mod: TuTienKy (Phàm Nhân Tu Tiên)	  Registering prefab file: prefabs/shadowpoundring_fx	
[00:00:04]: Mod: TuTienKy (Phàm Nhân Tu Tiên)	    shadowpoundring_fx	
[00:00:04]: Mod: TuTienKy (Phàm Nhân Tu Tiên)	  Registering prefab file: prefabs/lavaarena_lootbeacon	
[00:00:04]: Mod: TuTienKy (Phàm Nhân Tu Tiên)	    lavaarena_lootbeacon	
[00:00:04]: Mod: TuTienKy (Phàm Nhân Tu Tiên)	  Registering prefab file: prefabs/hh_decor_skeletons	
[00:00:04]: Mod: TuTienKy (Phàm Nhân Tu Tiên)	    hh_decor_scorched_skeleton	
[00:00:04]: Mod: TuTienKy (Phàm Nhân Tu Tiên)	    hh_decor_skeleton_pig	
[00:00:04]: Mod: TuTienKy (Phàm Nhân Tu Tiên)	    hh_decor_skeleton_merm	
[00:00:04]: Mod: TuTienKy (Phàm Nhân Tu Tiên)	  Registering prefab file: prefabs/hh_arena_lava_pond	
[00:00:04]: Mod: TuTienKy (Phàm Nhân Tu Tiên)	    hh_arena_lava_pond_rock	
[00:00:04]: Mod: TuTienKy (Phàm Nhân Tu Tiên)	    hh_arena_lava_pond_rock2	
[00:00:04]: Mod: TuTienKy (Phàm Nhân Tu Tiên)	    hh_arena_lava_pond_rock3	
[00:00:04]: Mod: TuTienKy (Phàm Nhân Tu Tiên)	    hh_arena_lava_pond_rock4	
[00:00:04]: Mod: TuTienKy (Phàm Nhân Tu Tiên)	    hh_arena_lava_pond_rock5	
[00:00:04]: Mod: TuTienKy (Phàm Nhân Tu Tiên)	    hh_arena_lava_pond_rock6	
[00:00:04]: Mod: TuTienKy (Phàm Nhân Tu Tiên)	    hh_arena_lava_pond_rock7	
[00:00:04]: Mod: TuTienKy (Phàm Nhân Tu Tiên)	    hh_arena_lava_pond	
[00:00:04]: Mod: TuTienKy (Phàm Nhân Tu Tiên)	  Registering prefab file: prefabs/hh_dungeon_pig	
[00:00:04]: Mod: TuTienKy (Phàm Nhân Tu Tiên)	    hh_dungeon_pig	
[00:00:04]: Mod: TuTienKy (Phàm Nhân Tu Tiên)	  Registering prefab file: prefabs/hh_dungeon_spider	
[00:00:04]: Mod: TuTienKy (Phàm Nhân Tu Tiên)	    hh_dungeon_spider	
[00:00:04]: Mod: TuTienKy (Phàm Nhân Tu Tiên)	  Registering prefab file: prefabs/minimoonspider_spike	
[00:00:04]: Mod: TuTienKy (Phàm Nhân Tu Tiên)	    minimoonspider_spike	
[00:00:04]: Mod: TuTienKy (Phàm Nhân Tu Tiên)	  Registering prefab file: prefabs/hh_hound_projectiles	
[00:00:04]: Mod: TuTienKy (Phàm Nhân Tu Tiên)	    hh_hound_glacial_proj	
[00:00:04]: Mod: TuTienKy (Phàm Nhân Tu Tiên)	    hound_lightning	
[00:00:04]: Mod: TuTienKy (Phàm Nhân Tu Tiên)	    hh_hound_lightning	
[00:00:04]: Mod: TuTienKy (Phàm Nhân Tu Tiên)	  Registering prefab file: prefabs/hh_dungeon_hounds	
[00:00:04]: Mod: TuTienKy (Phàm Nhân Tu Tiên)	    hh_dungeon_firehound	
[00:00:04]: Mod: TuTienKy (Phàm Nhân Tu Tiên)	    hh_dungeon_icehound	
[00:00:04]: Mod: TuTienKy (Phàm Nhân Tu Tiên)	    hh_dungeon_snowhound	
[00:00:04]: Mod: TuTienKy (Phàm Nhân Tu Tiên)	    hh_dungeon_lightninghound	
[00:00:04]: Mod: TuTienKy (Phàm Nhân Tu Tiên)	    hh_dungeon_horrorhound	
[00:00:04]: Mod: TuTienKy (Phàm Nhân Tu Tiên)	  Registering prefab file: prefabs/hh_daogam	
[00:00:04]: Mod: TuTienKy (Phàm Nhân Tu Tiên)	    hh_daogam	
[00:00:04]: Mod: TuTienKy (Phàm Nhân Tu Tiên)	    hh_daogam_knife_ef	
[00:00:04]: Mod: TuTienKy (Phàm Nhân Tu Tiên)	    hh_daogam_sparkle_fx	
[00:00:04]: Mod: TuTienKy (Phàm Nhân Tu Tiên)	  Registering prefab file: prefabs/hh_daogam2	
[00:00:04]: Mod: TuTienKy (Phàm Nhân Tu Tiên)	    hh_daogam2	
[00:00:04]: Mod: TuTienKy (Phàm Nhân Tu Tiên)	  Registering prefab file: prefabs/hh_daogam_fire_skill	
[00:00:04]: Mod: TuTienKy (Phàm Nhân Tu Tiên)	    hh_daogam_fire_meteor	
[00:00:04]: Mod: TuTienKy (Phàm Nhân Tu Tiên)	    hh_daogam_fire_splash	
[00:00:04]: Mod: TuTienKy (Phàm Nhân Tu Tiên)	    hh_daogam_fire_base	
[00:00:04]: Mod: TuTienKy (Phàm Nhân Tu Tiên)	    hh_daogam_firepuff_1	
[00:00:04]: Mod: TuTienKy (Phàm Nhân Tu Tiên)	    hh_daogam_firepuff_2	
[00:00:04]: Mod: TuTienKy (Phàm Nhân Tu Tiên)	    hh_daogam_firepuff_3	
[00:00:04]: Mod: TuTienKy (Phàm Nhân Tu Tiên)	  Registering prefab file: prefabs/hh_daogam6	
[00:00:04]: Mod: TuTienKy (Phàm Nhân Tu Tiên)	    hh_daogam6	
[00:00:04]: Mod: TuTienKy (Phàm Nhân Tu Tiên)	    hh_daogam6fx	
[00:00:04]: Mod: TuTienKy (Phàm Nhân Tu Tiên)	  Registering prefab file: prefabs/hh_godslayer_aura_fx	
[00:00:04]: Mod: TuTienKy (Phàm Nhân Tu Tiên)	    hh_godslayer_aura_fx	
[00:00:04]: Mod: TuTienKy (Phàm Nhân Tu Tiên)	  Registering prefab file: prefabs/hh_ruler_shadow_pillar_spell	
[00:00:04]: Mod: TuTienKy (Phàm Nhân Tu Tiên)	    hh_ruler_caster	
[00:00:04]: Mod: TuTienKy (Phàm Nhân Tu Tiên)	    hh_ruler_shadow_pillar_spell	
[00:00:04]: Mod: TuTienKy (Phàm Nhân Tu Tiên)	  Registering prefab file: prefabs/hh_ruler_shadow_pillar_target	
[00:00:04]: Mod: TuTienKy (Phàm Nhân Tu Tiên)	    hh_ruler_shadow_pillar_target	
[00:00:04]: Mod: TuTienKy (Phàm Nhân Tu Tiên)	  Registering prefab file: prefabs/hh_ruler_aura_fx	
[00:00:04]: Mod: TuTienKy (Phàm Nhân Tu Tiên)	    hh_ruler_aura_fx	
[00:00:04]: Mod: TuTienKy (Phàm Nhân Tu Tiên)	  Registering prefab file: prefabs/hh_king_aura_igris_fx	
[00:00:04]: Mod: TuTienKy (Phàm Nhân Tu Tiên)	    hh_king_aura_igris_fx	
[00:00:04]: Mod: TuTienKy (Phàm Nhân Tu Tiên)	  Registering prefab file: prefabs/hh_king_aura_beru_fx	
[00:00:04]: CURL ERROR: (dst.metrics.klei.com) [7]Failed to connect to dst.metrics.klei.com port 443: Bad access
[00:00:04]: Mod: TuTienKy (Phàm Nhân Tu Tiên)	    hh_king_aura_beru_fx	
[00:00:04]: Mod: TuTienKy (Phàm Nhân Tu Tiên)	  Registering prefab file: prefabs/hh_king_aura_fruitfly_fx	
[00:00:04]: Mod: TuTienKy (Phàm Nhân Tu Tiên)	    hh_king_aura_fruitfly_fx	
[00:00:04]: Mod: TuTienKy (Phàm Nhân Tu Tiên)	  Registering prefab file: prefabs/hh_king_aura_macanh_fx	
[00:00:04]: Mod: TuTienKy (Phàm Nhân Tu Tiên)	    hh_king_aura_macanh_fx	
[00:00:04]: Mod: TuTienKy (Phàm Nhân Tu Tiên)	  Registering prefab file: prefabs/hh_king_aura_hacanh_fx	
[00:00:04]: Mod: TuTienKy (Phàm Nhân Tu Tiên)	    hh_king_aura_hacanh_fx	
[00:00:04]: Mod: TuTienKy (Phàm Nhân Tu Tiên)	  Registering prefab file: prefabs/ttk_hud_epichealth_proxy	
[00:00:04]: Mod: TuTienKy (Phàm Nhân Tu Tiên)	    ttk_hud_epichealth_proxy	
[00:00:04]: Mod: TuTienKy (Phàm Nhân Tu Tiên)	  Registering prefab file: prefabs/ttk_hud_damage_number	
[00:00:04]: Mod: TuTienKy (Phàm Nhân Tu Tiên)	    ttk_hud_damage_number	
[00:00:04]: Mod: TuTienKy (Phàm Nhân Tu Tiên)	  Registering prefab file: prefabs/ttk_hud_overhead_proxy	
[00:00:04]: Mod: TuTienKy (Phàm Nhân Tu Tiên)	    ttk_hud_overhead_proxy	
[00:00:04]: Mod: TuTienKy (Phàm Nhân Tu Tiên)	  Registering default mod prefab	
[00:00:06]: Tried to add build [xd_xlj] from file [../mods/TuTienKy/anim/ttk_tinhlakiem.zip] but we've already added a build with that name!
[00:00:06]: Tried to add build [bearger_build] from file [anim/bearger_build.zip] but we've already added a build with that name!
[00:00:06]: Tried to add build [bearger_mutated_actions_fx] from file [anim/bearger_mutated_actions_fx.zip] but we've already added a build with that name!
[00:00:06]: Tried to add build [bearger_mutated] from file [anim/bearger_mutated.zip] but we've already added a build with that name!
[00:00:07]: Tried to add build [deerclops_build] from file [anim/deerclops_build.zip] but we've already added a build with that name!
[00:00:07]: Tried to add build [deerclops_mutated] from file [anim/deerclops_mutated.zip] but we've already added a build with that name!
[00:00:08]: Tried to add build [krampus_build] from file [anim/krampus_build.zip] but we've already added a build with that name!
[00:00:08]: Tried to add build [walrus_build] from file [anim/walrus_build.zip] but we've already added a build with that name!
[00:00:10]: Tried to add build [fruitfly_evil] from file [../mods/TuTienKy/anim/fruitfly_evil.zip] but we've already added a build with that name!
[00:00:10]: Tried to add build [lavaarena_boarrior_basic] from file [../mods/TuTienKy/anim/igris_dungeon.zip] but we've already added a build with that name!
[00:00:11]: 	Load FE	
[00:00:11]: 	Load FE: done	
[00:00:11]: THREAD - started 'FilesExistAsyncThread' (26080)
[00:00:11]: FilesExistAsyncThread started (0 files)...
[00:00:11]: ... FilesExistAsyncThread complete
[00:00:11]: Starting Dedicated Server Game	
[00:00:11]: Network tick rate: U=15(2), D=0
[00:00:11]: **************************************************************
[00:00:11]: [Warning] Invalid port selection: 12193
[00:00:11]: LAN only servers must use a port in the range of [10998, 11018]
[00:00:11]: Setting server port to : 10999
[00:00:11]: **************************************************************
[00:00:11]: About to start a server with the following settings:
[00:00:11]:   Dedicated: true
[00:00:11]:   Online: false
[00:00:11]:   Passworded: false
[00:00:11]:   ServerPort: 10999
[00:00:11]:   SteamAuthPort: 8766
[00:00:11]:   SteamMasterServerPort: 27016
[00:00:11]:   ClanID: false
[00:00:11]:   ClanOnly: false
[00:00:11]:   ClanAdmin: false
[00:00:11]:   LanOnly: true
[00:00:11]:   FriendsOnly: false
[00:00:11]:   EnableAutosaver: true
[00:00:11]:   EncodeUserPath: false
[00:00:11]:   PVP: false
[00:00:11]:   MaxPlayers: 1
[00:00:11]:   GameMode: survival
[00:00:11]:   OverridenDNS: 
[00:00:11]:   PauseWhenEmpty: false
[00:00:11]:   IdleTimeout: 1800s
[00:00:11]:   VoteEnabled: true
[00:00:11]:   InternetBroadcasting: true
[00:00:11]: [Warning] Could not confirm port 10999 is open in the firewall. 
[00:00:11]: [Shard] Shard server mode disabled by configuration file
[00:00:11]: Could not load mod_config_data/modconfiguration_TuTienKy	
[00:00:11]: Lan Server Started on port: 10999
[00:00:11]: [ClientObject] Added (pre-auth) on server: guid=338665113047972755
[00:00:11]: [ClientObject] Initialized (self/server object, locally trusted) on server: guid=338665113047972755 userid= netid= admin=1
[00:00:11]: SUCCESS: Loaded modoverrides.lua	
[00:00:11]: Not applying level data overrides.	
[00:00:11]: Found a worldgen override file with these contents:	
[00:00:11]: 	K: 	override_enabled	 V: 	true	
[00:00:11]: 	K: 	overrides	 V: 	table: 0000000016517D30	
[00:00:11]: 		K: 	world_size	 V: 	small	
[00:00:11]: 	K: 	preset	 V: 	SURVIVAL_TOGETHER	
[00:00:11]:   sanity-checking worldgenoverride.lua...	
[00:00:11]: Loaded and applied world gen overrides from ../worldgenoverride.lua	
[00:00:11]:   contained worldgen preset SURVIVAL_TOGETHER, loading...	
[00:00:11]:   contained settings preset SURVIVAL_TOGETHER, loading...	
[00:00:11]: Overwriting savedata with override file.	
[00:00:11]: Check for write access: TRUE
[00:00:11]: Check for read access: TRUE
[00:00:11]: Available disk space for save files: 335499 MB
[00:00:11]: ModIndex: Load sequence finished successfully.	
[00:00:11]: Reset() returning
[00:00:11]: Collecting garbage...
[00:00:11]: lua_gc took 0.12 seconds
[00:00:11]: ~ShardLuaProxy()
[00:00:11]: ~cEventLeaderboardProxy()
[00:00:11]: ~ItemServerLuaProxy()
[00:00:11]: ~InventoryLuaProxy()
[00:00:11]: ~NetworkLuaProxy()
[00:00:11]: ~SimLuaProxy()
[00:00:11]: Cancelling LuaQueryCallback handle [1]
[00:00:11]: lua_close took 0.11 seconds
[00:00:11]: ReleaseAll
[00:00:11]: ReleaseAll Finished
[00:00:11]: cGame::StartPlaying
[00:00:11]: AppVersion::GetArchitecture() x64
[00:00:11]: LOADING LUA
[00:00:11]: DoLuaFile scripts/main.lua
[00:00:11]: DoLuaFile loading buffer scripts/main.lua
[00:00:12]:   taskgrouplist:	default	Together	
[00:00:12]:   taskgrouplist:	classic	Classic	
[00:00:12]:   taskgrouplist:	cave_default	Underground	
[00:00:12]:   taskgrouplist:	lavaarena_taskset	The Forge	
[00:00:12]:   taskgrouplist:	quagmire_taskset	The Gorge	
[00:00:12]: Running main.lua
	
[00:00:12]: WARNING: Force-enabling mod 'TuTienKy' from modsettings.lua! If you are not developing a mod, please use the in-game menu instead.	
[00:00:12]: loaded modindex	
[00:00:12]: ModIndex: Beginning normal load sequence for dedicated server.
	
[00:00:12]: SUCCESS: Loaded modoverrides.lua	
[00:00:12]: modoverrides.lua enabling TuTienKy	
[00:00:12]: ModIndex:GetModsToLoad inserting moddir, 	TuTienKy	
[00:00:12]: Could not load mod_config_data/modconfiguration_TuTienKy	
[00:00:12]: Loading mod: TuTienKy (Phàm Nhân Tu Tiên) Version:2.0	
[00:00:12]: Registering Mods:
[00:00:12]:    Registering Mod TuTienKy
[00:00:12]: Mods registered.
[00:00:12]: Mod: TuTienKy (Phàm Nhân Tu Tiên)	Loading modworldgenmain.lua	
[00:00:12]: ModIndex:GetModsToLoad inserting modname, 	TuTienKy	
[00:00:12]: modimport: ../mods/TuTienKy/main/ttk_solo_worldgen.lua	
[00:00:12]: Mod: TuTienKy (Phàm Nhân Tu Tiên)	Loading modmain.lua	
[00:00:12]: ModIndex:GetModsToLoad inserting modname, 	TuTienKy	
[00:00:12]: modimport: ../mods/TuTienKy/main/ttk_weapon_solo.lua	
[00:00:12]: modimport: ../mods/TuTienKy/main/ttk_stacksize.lua	
[00:00:12]: modimport: ../mods/TuTienKy/main/ttk_qualityoflife.lua	
[00:00:12]: modimport: ../mods/TuTienKy/main/ttk_smarter_flingomatic.lua	
[00:00:12]: modimport: ../mods/TuTienKy/main/ttk_inventory45.lua	
[00:00:12]: modimport: ../mods/TuTienKy/main/ttk_inventory45_compat.lua	
[00:00:12]: modimport: ../mods/TuTienKy/main/lucmachthankiem.lua	
[00:00:12]: modimport: ../mods/TuTienKy/main/lucmachthankiem_autoattack.lua	
[00:00:12]: modimport: ../mods/TuTienKy/main/lucmachthankiem_recharge.lua	
[00:00:12]: modimport: ../mods/TuTienKy/main/lucmachthankiem_enemyselect.lua	
[00:00:12]: modimport: ../mods/TuTienKy/main/vanhonphien.lua	
[00:00:12]: modimport: ../mods/TuTienKy/main/thanhiquangtruong.lua	
[00:00:12]: modimport: ../mods/TuTienKy/main/nhatvuphuonghoa.lua	
[00:00:12]: modimport: ../mods/TuTienKy/main/ttk_elemental_swords.lua	
[00:00:12]: modimport: ../mods/TuTienKy/main/ttk_tinhlakiem.lua	
[00:00:12]: modimport: ../mods/TuTienKy/main/ttk_lucnguyenkiemdong.lua	
[00:00:12]: modimport: ../mods/TuTienKy/main/ttk_ngulongdang.lua	
[00:00:12]: modimport: ../mods/TuTienKy/main/ttk_fsct.lua	
[00:00:12]: modimport: ../mods/TuTienKy/main/ttk_garden.lua	
[00:00:12]: modimport: ../mods/TuTienKy/main/ttk_luoshen_food.lua	
[00:00:12]: modimport: ../mods/TuTienKy/main/ttk_buildings.lua	
[00:00:12]: modimport: ../mods/TuTienKy/main/ttk_rituals.lua	
[00:00:12]: modimport: ../mods/TuTienKy/main/ttk_batch19_misc.lua	
[00:00:12]: modimport: ../mods/TuTienKy/main/ttk_batch19_herbs.lua	
[00:00:12]: modimport: ../mods/TuTienKy/main/ttk_portal.lua	
[00:00:12]: [Truyền Tống Trận]	Chưa bật mod Camp Security.	
[00:00:12]: modimport: ../mods/TuTienKy/main/ttk_vinhhangthanhoa.lua	
[00:00:12]: modimport: ../mods/TuTienKy/main/ttk_chuongthienbinh.lua	
[00:00:12]: modimport: ../mods/TuTienKy/main/ttk_armor_set.lua	
[00:00:12]: modimport: ../mods/TuTienKy/main/ttk_tianji.lua	
[00:00:12]: modimport: ../mods/TuTienKy/main/ttk_batch19_houses.lua	
[00:00:12]: modimport: ../mods/TuTienKy/main/ttk_choujiangji.lua	
[00:00:12]: modimport: ../mods/TuTienKy/main/ttk_garden_expansion.lua	
[00:00:12]: modimport: ../mods/TuTienKy/main/ttk_spirit_mines.lua	
[00:00:12]: modimport: ../mods/TuTienKy/main/ttk_solo_bootstrap.lua	
[00:00:12]: modimport: ../mods/TuTienKy/main/ttk_solo_source.lua	
[00:00:12]: modimport: ../mods/TuTienKy/main/hh_assets.lua	
[00:00:12]: modimport: ../mods/TuTienKy/main/hh_config.lua	
[00:00:12]: modimport: ../mods/TuTienKy/main/hh_tunning.lua	
[00:00:12]: modimport: ../mods/TuTienKy/main/hh_string.lua	
[00:00:12]: modimport: ../mods/TuTienKy/main/hh_api.lua	
[00:00:12]: modimport: ../mods/TuTienKy/main/hh_world_rank.lua	
[00:00:12]: modimport: ../mods/TuTienKy/main/hh_act.lua	
[00:00:12]: modimport: ../mods/TuTienKy/main/hh_ui.lua	
[00:00:12]: modimport: ../mods/TuTienKy/main/hh_rpc.lua	
[00:00:12]: modimport: ../mods/TuTienKy/main/hh_guild_main.lua	
[00:00:12]: modimport: ../mods/TuTienKy/main/hh_guild_rpc.lua	
[00:00:12]: modimport: ../mods/TuTienKy/main/hh_sg.lua	
[00:00:12]: modimport: ../mods/TuTienKy/main/hh_recipe.lua	
[00:00:12]: Warning: function AddRecipeTab in modmain is deprecated.	
[00:00:12]: Warning: function AddRecipe in modmain is deprecated, please use AddRecipe2. Recipe name:	nn_liquidluck	
[00:00:12]: Warning: function AddRecipe in modmain is deprecated, please use AddRecipe2. Recipe name:	nn_magicpaper	
[00:00:12]: Warning: function AddRecipe in modmain is deprecated, please use AddRecipe2. Recipe name:	wb_strengthen_strengthen_protectpaper	
[00:00:12]: modimport: ../mods/TuTienKy/main/hh_dungeon_mobs_sg.lua	
[00:00:12]: modimport: ../mods/TuTienKy/main/hh_skill_cost.lua	
[00:00:12]: modimport: ../mods/TuTienKy/main/hh_daogam_main.lua	
[00:00:12]: modimport: ../mods/TuTienKy/main/hh_dungeon_shop.lua	
[00:00:12]: modimport: ../mods/TuTienKy/main/ttk_combat_hud.lua	
[00:00:13]: Event data unavailable: lavaarena_event_server/lavaarena_achievement_quest_defs
[00:00:13]: LOADING LUA SUCCESS
[00:00:13]: Registering Server mod namespace "tutienky"
[00:00:13]: Registering Server mod namespace "lucmachthankiem"
[00:00:13]: Registering Server mod namespace "nyx_ttt"
[00:00:13]: Registering Server mod namespace "hh_rpc"
[00:00:13]: Registering Server mod namespace "hh_lo_ren"
[00:00:13]: Registering Server mod namespace "eliminate"
[00:00:13]: Registering Client mod namespace "hh_rpc"
[00:00:13]: Registering Client mod namespace "ttk_hudcore"
[00:00:13]: Registering Client mod namespace "ttk_hud"
[00:00:13]: Registering Shard mod namespace "hh_world_rank"
[00:00:13]: PlayerDeaths could not load morgue	
[00:00:13]: PlayerHistory could not load player_history	
[00:00:13]: ServerPreferences could not load server_preferences	
[00:00:13]: ConsoleScreenSettings could not load consolescreen	
[00:00:13]: bloom_enabled	true	
[00:00:13]: OnFilesLoaded()	
[00:00:13]: OnUpdatePurchaseStateComplete	
[00:00:13]: Loading world: session/14336D4A43570878/0000000003	
[00:00:13]: Save file is at version 5.23	
[00:00:13]: Klump load on boot started.	
[00:00:13]: Klump files loaded: 	0	
[00:00:13]: 	Unload FE	
[00:00:13]: 	Unload FE done	
[00:00:13]: Could not unload undefined prefab (ocean_splash_med1)
[00:00:13]: Could not unload undefined prefab (ocean_splash_med2)
[00:00:13]: Could not unload undefined prefab (ocean_splash_med1)
[00:00:13]: Could not unload undefined prefab (ocean_splash_med2)
[00:00:13]: Could not unload undefined prefab (ttk_tianji_room)
[00:00:13]: Could not unload undefined prefab (ttk_tianji_wallpaper)
[00:00:13]: Could not unload undefined prefab (ttk_tianji_room)
[00:00:13]: Could not unload undefined prefab (ttk_tianji_wallpaper)
[00:00:13]: Could not unload undefined prefab (oceanfishinghook_ripple)
[00:00:13]: Could not unload undefined prefab (ocean_splash_med1)
[00:00:13]: Could not unload undefined prefab (ocean_splash_med2)
[00:00:13]: Could not unload undefined prefab (splash_ocean)
[00:00:13]: Could not unload undefined prefab (oceanfishinghook_ripple)
[00:00:13]: Could not unload undefined prefab (ocean_splash_med1)
[00:00:13]: Could not unload undefined prefab (ocean_splash_med2)
[00:00:13]: Could not unload undefined prefab (splash_ocean)
[00:00:14]: CURL ERROR: (lobby-v2-cdn.klei.com) [7]Failed to connect to lobby-v2-cdn.klei.com port 443: Bad access
[00:00:15]: Mod: TuTienKy (Phàm Nhân Tu Tiên)	Registering prefabs	
[00:00:15]: Mod: TuTienKy (Phàm Nhân Tu Tiên)	  Registering prefab file: prefabs/ttk_hhlmz	
[00:00:15]: Mod: TuTienKy (Phàm Nhân Tu Tiên)	    ttk_hhlmz	
[00:00:15]: Mod: TuTienKy (Phàm Nhân Tu Tiên)	    ttk_hhlmz_placer	
[00:00:15]: Mod: TuTienKy (Phàm Nhân Tu Tiên)	  Registering prefab file: prefabs/ttk_hhlmz_skins	
[00:00:15]: Mod: TuTienKy (Phàm Nhân Tu Tiên)	    ttt_portal_gcsz	
[00:00:15]: Mod: TuTienKy (Phàm Nhân Tu Tiên)	    nhatvuphuonghoa_skins_lxzy	
[00:00:15]: Mod: TuTienKy (Phàm Nhân Tu Tiên)	    ttk_chuongthienbinh_skins_lmxq	
[00:00:15]: Mod: TuTienKy (Phàm Nhân Tu Tiên)	    ttk_crc_skins_hqyx	
[00:00:15]: Mod: TuTienKy (Phàm Nhân Tu Tiên)	    ttk_dbg_skins_llt	
[00:00:15]: Mod: TuTienKy (Phàm Nhân Tu Tiên)	    ttk_dbg_skins_ybg	
[00:00:15]: Mod: TuTienKy (Phàm Nhân Tu Tiên)	    ttk_dc_skins_hh	
[00:00:15]: Mod: TuTienKy (Phàm Nhân Tu Tiên)	    ttk_flower_bh_skins_ya	
[00:00:15]: Mod: TuTienKy (Phàm Nhân Tu Tiên)	    ttk_flower_bmg_skins_srlg	
[00:00:15]: Mod: TuTienKy (Phàm Nhân Tu Tiên)	    ttk_flower_md_skins_rjfg	
[00:00:15]: Mod: TuTienKy (Phàm Nhân Tu Tiên)	    ttk_flower_sfr_skins_fr	
[00:00:15]: Mod: TuTienKy (Phàm Nhân Tu Tiên)	    ttk_flower_sfr_skins_xy	
[00:00:15]: Mod: TuTienKy (Phàm Nhân Tu Tiên)	    ttk_ftys_skins_zjzy	
[00:00:15]: Mod: TuTienKy (Phàm Nhân Tu Tiên)	    ttk_gj_skins_lrq	
[00:00:15]: Mod: TuTienKy (Phàm Nhân Tu Tiên)	    ttk_gj_skins_qsj	
[00:00:15]: Mod: TuTienKy (Phàm Nhân Tu Tiên)	    ttk_gjx_skins_jsth	
[00:00:15]: Mod: TuTienKy (Phàm Nhân Tu Tiên)	    ttk_hhlmz_skins_htjc	
[00:00:15]: Mod: TuTienKy (Phàm Nhân Tu Tiên)	    ttk_hhlmz_skins_wfz	
[00:00:15]: Mod: TuTienKy (Phàm Nhân Tu Tiên)	    ttk_hmsw_skins_bzxw	
[00:00:15]: Mod: TuTienKy (Phàm Nhân Tu Tiên)	    ttk_lbjlt_skins_zgrpt	
[00:00:15]: Mod: TuTienKy (Phàm Nhân Tu Tiên)	    ttk_lgzbh_skins_jlyc	
[00:00:15]: Mod: TuTienKy (Phàm Nhân Tu Tiên)	    ttk_lgzbh_skins_lz	
[00:00:15]: Mod: TuTienKy (Phàm Nhân Tu Tiên)	    ttk_makiem_skins_duanzui	
[00:00:15]: Mod: TuTienKy (Phàm Nhân Tu Tiên)	    ttk_makiem_skins_wendao	
[00:00:15]: Mod: TuTienKy (Phàm Nhân Tu Tiên)	    ttk_mg_skins_qwg	
[00:00:15]: Mod: TuTienKy (Phàm Nhân Tu Tiên)	    ttk_ngulongdang_skins_zyx	
[00:00:15]: Mod: TuTienKy (Phàm Nhân Tu Tiên)	    ttk_pflnw_skins_qns	
[00:00:15]: Mod: TuTienKy (Phàm Nhân Tu Tiên)	    ttk_qljq_skins_hlq	
[00:00:15]: Mod: TuTienKy (Phàm Nhân Tu Tiên)	    ttk_qwsk_skins_xznw	
[00:00:15]: Mod: TuTienKy (Phàm Nhân Tu Tiên)	    ttk_sgc_skins_wgc	
[00:00:15]: Mod: TuTienKy (Phàm Nhân Tu Tiên)	    ttk_thanhtrucphongvankiem_skins_cgsh	
[00:00:15]: Mod: TuTienKy (Phàm Nhân Tu Tiên)	    ttk_thanhtrucphongvankiem_skins_clzgj	
[00:00:15]: Mod: TuTienKy (Phàm Nhân Tu Tiên)	    ttk_thanhtrucphongvankiem_skins_cxlt	
[00:00:15]: Mod: TuTienKy (Phàm Nhân Tu Tiên)	    ttk_thanhtrucphongvankiem_skins_cygh	
[00:00:15]: Mod: TuTienKy (Phàm Nhân Tu Tiên)	    ttk_thanhtrucphongvankiem_skins_fgy	
[00:00:15]: Mod: TuTienKy (Phàm Nhân Tu Tiên)	    ttk_thanhtrucphongvankiem_skins_fhjd	
[00:00:15]: Mod: TuTienKy (Phàm Nhân Tu Tiên)	    ttk_thanhtrucphongvankiem_skins_flzr	
[00:00:15]: Mod: TuTienKy (Phàm Nhân Tu Tiên)	    ttk_thanhtrucphongvankiem_skins_fsfmg	
[00:00:15]: Mod: TuTienKy (Phàm Nhân Tu Tiên)	    ttk_thanhtrucphongvankiem_skins_fshm	
[00:00:15]: Mod: TuTienKy (Phàm Nhân Tu Tiên)	    ttk_thanhtrucphongvankiem_skins_fyzz	
[00:00:15]: Mod: TuTienKy (Phàm Nhân Tu Tiên)	    ttk_thanhtrucphongvankiem_skins_hasaki	
[00:00:15]: Mod: TuTienKy (Phàm Nhân Tu Tiên)	    ttk_thanhtrucphongvankiem_skins_hyys	
[00:00:15]: Mod: TuTienKy (Phàm Nhân Tu Tiên)	    ttk_thanhtrucphongvankiem_skins_jj	
[00:00:15]: Mod: TuTienKy (Phàm Nhân Tu Tiên)	    ttk_thanhtrucphongvankiem_skins_jydm	
[00:00:15]: Mod: TuTienKy (Phàm Nhân Tu Tiên)	    ttk_thanhtrucphongvankiem_skins_jypk	
[00:00:15]: Mod: TuTienKy (Phàm Nhân Tu Tiên)	    ttk_thanhtrucphongvankiem_skins_kt	
[00:00:15]: Mod: TuTienKy (Phàm Nhân Tu Tiên)	    ttk_thanhtrucphongvankiem_skins_ly	
[00:00:15]: Mod: TuTienKy (Phàm Nhân Tu Tiên)	    ttk_thanhtrucphongvankiem_skins_lysy	
[00:00:15]: Mod: TuTienKy (Phàm Nhân Tu Tiên)	    ttk_thanhtrucphongvankiem_skins_mzhcd	
[00:00:15]: Mod: TuTienKy (Phàm Nhân Tu Tiên)	    ttk_thanhtrucphongvankiem_skins_mzly	
[00:00:15]: Mod: TuTienKy (Phàm Nhân Tu Tiên)	    ttk_thanhtrucphongvankiem_skins_nczx	
[00:00:15]: Mod: TuTienKy (Phàm Nhân Tu Tiên)	    ttk_thanhtrucphongvankiem_skins_ny	
[00:00:15]: Mod: TuTienKy (Phàm Nhân Tu Tiên)	    ttk_thanhtrucphongvankiem_skins_nyhr	
[00:00:15]: Mod: TuTienKy (Phàm Nhân Tu Tiên)	    ttk_thanhtrucphongvankiem_skins_smy	
[00:00:15]: Mod: TuTienKy (Phàm Nhân Tu Tiên)	    ttk_thanhtrucphongvankiem_skins_sny	
[00:00:15]: Mod: TuTienKy (Phàm Nhân Tu Tiên)	    ttk_thanhtrucphongvankiem_skins_tf	
[00:00:15]: Mod: TuTienKy (Phàm Nhân Tu Tiên)	    ttk_thanhtrucphongvankiem_skins_wxj	
[00:00:15]: Mod: TuTienKy (Phàm Nhân Tu Tiên)	    ttk_thanhtrucphongvankiem_skins_wzsb	
[00:00:15]: Mod: TuTienKy (Phàm Nhân Tu Tiên)	    ttk_thanhtrucphongvankiem_skins_xgl	
[00:00:15]: Mod: TuTienKy (Phàm Nhân Tu Tiên)	    ttk_thanhtrucphongvankiem_skins_xqc	
[00:00:15]: Mod: TuTienKy (Phàm Nhân Tu Tiên)	    ttk_thanhtrucphongvankiem_skins_xuanyuan	
[00:00:15]: Mod: TuTienKy (Phàm Nhân Tu Tiên)	    ttk_thanhtrucphongvankiem_skins_xyb	
[00:00:15]: Mod: TuTienKy (Phàm Nhân Tu Tiên)	    ttk_thanhtrucphongvankiem_skins_yfcy	
[00:00:15]: Mod: TuTienKy (Phàm Nhân Tu Tiên)	    ttk_thanhtrucphongvankiem_skins_yfly	
[00:00:15]: Mod: TuTienKy (Phàm Nhân Tu Tiên)	    ttk_thanhtrucphongvankiem_skins_ylxh	
[00:00:15]: Mod: TuTienKy (Phàm Nhân Tu Tiên)	    ttk_thanhtrucphongvankiem_skins_ys	
[00:00:15]: Mod: TuTienKy (Phàm Nhân Tu Tiên)	    ttk_thanhtrucphongvankiem_skins_ysb	
[00:00:15]: Mod: TuTienKy (Phàm Nhân Tu Tiên)	    ttk_thanhtrucphongvankiem_skins_zj	
[00:00:15]: Mod: TuTienKy (Phàm Nhân Tu Tiên)	    ttk_thanhtrucphongvankiem_skins_zste	
[00:00:15]: Mod: TuTienKy (Phàm Nhân Tu Tiên)	    ttk_thanhtrucphongvankiem_skins_zsxm	
[00:00:15]: Mod: TuTienKy (Phàm Nhân Tu Tiên)	    ttk_thanhtrucphongvankiem_skins_zw	
[00:00:15]: Mod: TuTienKy (Phàm Nhân Tu Tiên)	    ttk_thanhtrucphongvankiem_skins_zyj	
[00:00:15]: Mod: TuTienKy (Phàm Nhân Tu Tiên)	    ttk_tianjiwu_skins_byj	
[00:00:15]: Mod: TuTienKy (Phàm Nhân Tu Tiên)	    ttk_tienkiem_skins_duanzui	
[00:00:15]: Mod: TuTienKy (Phàm Nhân Tu Tiên)	    ttk_tienkiem_skins_wendao	
[00:00:15]: Mod: TuTienKy (Phàm Nhân Tu Tiên)	    ttk_tinhlakiem_skins_cgsh	
[00:00:15]: Mod: TuTienKy (Phàm Nhân Tu Tiên)	    ttk_tinhlakiem_skins_clzgj	
[00:00:15]: Mod: TuTienKy (Phàm Nhân Tu Tiên)	    ttk_tinhlakiem_skins_cxlt	
[00:00:15]: Mod: TuTienKy (Phàm Nhân Tu Tiên)	    ttk_tinhlakiem_skins_cygh	
[00:00:15]: Mod: TuTienKy (Phàm Nhân Tu Tiên)	    ttk_tinhlakiem_skins_fgy	
[00:00:15]: Mod: TuTienKy (Phàm Nhân Tu Tiên)	    ttk_tinhlakiem_skins_fhjd	
[00:00:15]: Mod: TuTienKy (Phàm Nhân Tu Tiên)	    ttk_tinhlakiem_skins_flzr	
[00:00:15]: Mod: TuTienKy (Phàm Nhân Tu Tiên)	    ttk_tinhlakiem_skins_fsfmg	
[00:00:15]: Mod: TuTienKy (Phàm Nhân Tu Tiên)	    ttk_tinhlakiem_skins_fshm	
[00:00:15]: Mod: TuTienKy (Phàm Nhân Tu Tiên)	    ttk_tinhlakiem_skins_fyzz	
[00:00:15]: Mod: TuTienKy (Phàm Nhân Tu Tiên)	    ttk_tinhlakiem_skins_hasaki	
[00:00:15]: Mod: TuTienKy (Phàm Nhân Tu Tiên)	    ttk_tinhlakiem_skins_hyys	
[00:00:15]: Mod: TuTienKy (Phàm Nhân Tu Tiên)	    ttk_tinhlakiem_skins_jj	
[00:00:15]: Mod: TuTienKy (Phàm Nhân Tu Tiên)	    ttk_tinhlakiem_skins_jydm	
[00:00:15]: Mod: TuTienKy (Phàm Nhân Tu Tiên)	    ttk_tinhlakiem_skins_jypk	
[00:00:15]: Mod: TuTienKy (Phàm Nhân Tu Tiên)	    ttk_tinhlakiem_skins_kt	
[00:00:15]: Mod: TuTienKy (Phàm Nhân Tu Tiên)	    ttk_tinhlakiem_skins_ly	
[00:00:15]: Mod: TuTienKy (Phàm Nhân Tu Tiên)	    ttk_tinhlakiem_skins_lysy	
[00:00:15]: Mod: TuTienKy (Phàm Nhân Tu Tiên)	    ttk_tinhlakiem_skins_mzhcd	
[00:00:15]: Mod: TuTienKy (Phàm Nhân Tu Tiên)	    ttk_tinhlakiem_skins_mzly	
[00:00:15]: Mod: TuTienKy (Phàm Nhân Tu Tiên)	    ttk_tinhlakiem_skins_nczx	
[00:00:15]: Mod: TuTienKy (Phàm Nhân Tu Tiên)	    ttk_tinhlakiem_skins_ny	
[00:00:15]: Mod: TuTienKy (Phàm Nhân Tu Tiên)	    ttk_tinhlakiem_skins_nyhr	
[00:00:15]: Mod: TuTienKy (Phàm Nhân Tu Tiên)	    ttk_tinhlakiem_skins_smy	
[00:00:15]: Mod: TuTienKy (Phàm Nhân Tu Tiên)	    ttk_tinhlakiem_skins_sny	
[00:00:15]: Mod: TuTienKy (Phàm Nhân Tu Tiên)	    ttk_tinhlakiem_skins_tf	
[00:00:15]: Mod: TuTienKy (Phàm Nhân Tu Tiên)	    ttk_tinhlakiem_skins_wxj	
[00:00:15]: Mod: TuTienKy (Phàm Nhân Tu Tiên)	    ttk_tinhlakiem_skins_wzsb	
[00:00:15]: Mod: TuTienKy (Phàm Nhân Tu Tiên)	    ttk_tinhlakiem_skins_xgl	
[00:00:15]: Mod: TuTienKy (Phàm Nhân Tu Tiên)	    ttk_tinhlakiem_skins_xqc	
[00:00:15]: Mod: TuTienKy (Phàm Nhân Tu Tiên)	    ttk_tinhlakiem_skins_xuanyuan	
[00:00:15]: Mod: TuTienKy (Phàm Nhân Tu Tiên)	    ttk_tinhlakiem_skins_xyb	
[00:00:15]: Mod: TuTienKy (Phàm Nhân Tu Tiên)	    ttk_tinhlakiem_skins_yfcy	
[00:00:15]: Mod: TuTienKy (Phàm Nhân Tu Tiên)	    ttk_tinhlakiem_skins_yfly	
[00:00:15]: Mod: TuTienKy (Phàm Nhân Tu Tiên)	    ttk_tinhlakiem_skins_ylxh	
[00:00:15]: Mod: TuTienKy (Phàm Nhân Tu Tiên)	    ttk_tinhlakiem_skins_ys	
[00:00:15]: Mod: TuTienKy (Phàm Nhân Tu Tiên)	    ttk_tinhlakiem_skins_ysb	
[00:00:15]: Mod: TuTienKy (Phàm Nhân Tu Tiên)	    ttk_tinhlakiem_skins_zj	
[00:00:15]: Mod: TuTienKy (Phàm Nhân Tu Tiên)	    ttk_tinhlakiem_skins_zste	
[00:00:15]: Mod: TuTienKy (Phàm Nhân Tu Tiên)	    ttk_tinhlakiem_skins_zsxm	
[00:00:15]: Mod: TuTienKy (Phàm Nhân Tu Tiên)	    ttk_tinhlakiem_skins_zw	
[00:00:15]: Mod: TuTienKy (Phàm Nhân Tu Tiên)	    ttk_tinhlakiem_skins_zyj	
[00:00:15]: Mod: TuTienKy (Phàm Nhân Tu Tiên)	    ttk_tree_df_skins_zsyj	
[00:00:15]: Mod: TuTienKy (Phàm Nhân Tu Tiên)	    ttk_tree_xhs_skins_lgs	
[00:00:15]: Mod: TuTienKy (Phàm Nhân Tu Tiên)	    ttk_tree_yhs_skins_fd	
[00:00:15]: Mod: TuTienKy (Phàm Nhân Tu Tiên)	    ttk_tree_yls_skins_cl	
[00:00:15]: Mod: TuTienKy (Phàm Nhân Tu Tiên)	    ttk_tree_yxs_skins_jqs	
[00:00:15]: Mod: TuTienKy (Phàm Nhân Tu Tiên)	    ttk_votuongkiem_skins_cgsh	
[00:00:15]: Mod: TuTienKy (Phàm Nhân Tu Tiên)	    ttk_votuongkiem_skins_clzgj	
[00:00:15]: Mod: TuTienKy (Phàm Nhân Tu Tiên)	    ttk_votuongkiem_skins_cxlt	
[00:00:15]: Mod: TuTienKy (Phàm Nhân Tu Tiên)	    ttk_votuongkiem_skins_cygh	
[00:00:15]: Mod: TuTienKy (Phàm Nhân Tu Tiên)	    ttk_votuongkiem_skins_fgy	
[00:00:15]: Mod: TuTienKy (Phàm Nhân Tu Tiên)	    ttk_votuongkiem_skins_fhjd	
[00:00:15]: Mod: TuTienKy (Phàm Nhân Tu Tiên)	    ttk_votuongkiem_skins_flzr	
[00:00:15]: Mod: TuTienKy (Phàm Nhân Tu Tiên)	    ttk_votuongkiem_skins_fsfmg	
[00:00:15]: Mod: TuTienKy (Phàm Nhân Tu Tiên)	    ttk_votuongkiem_skins_fshm	
[00:00:15]: Mod: TuTienKy (Phàm Nhân Tu Tiên)	    ttk_votuongkiem_skins_fyzz	
[00:00:15]: Mod: TuTienKy (Phàm Nhân Tu Tiên)	    ttk_votuongkiem_skins_hasaki	
[00:00:15]: Mod: TuTienKy (Phàm Nhân Tu Tiên)	    ttk_votuongkiem_skins_hyys	
[00:00:15]: Mod: TuTienKy (Phàm Nhân Tu Tiên)	    ttk_votuongkiem_skins_jj	
[00:00:15]: Mod: TuTienKy (Phàm Nhân Tu Tiên)	    ttk_votuongkiem_skins_jydm	
[00:00:15]: Mod: TuTienKy (Phàm Nhân Tu Tiên)	    ttk_votuongkiem_skins_jypk	
[00:00:15]: Mod: TuTienKy (Phàm Nhân Tu Tiên)	    ttk_votuongkiem_skins_kt	
[00:00:15]: Mod: TuTienKy (Phàm Nhân Tu Tiên)	    ttk_votuongkiem_skins_ly	
[00:00:15]: Mod: TuTienKy (Phàm Nhân Tu Tiên)	    ttk_votuongkiem_skins_lysy	
[00:00:15]: Mod: TuTienKy (Phàm Nhân Tu Tiên)	    ttk_votuongkiem_skins_mzhcd	
[00:00:15]: Mod: TuTienKy (Phàm Nhân Tu Tiên)	    ttk_votuongkiem_skins_mzly	
[00:00:15]: Mod: TuTienKy (Phàm Nhân Tu Tiên)	    ttk_votuongkiem_skins_nczx	
[00:00:15]: Mod: TuTienKy (Phàm Nhân Tu Tiên)	    ttk_votuongkiem_skins_ny	
[00:00:15]: Mod: TuTienKy (Phàm Nhân Tu Tiên)	    ttk_votuongkiem_skins_nyhr	
[00:00:15]: Mod: TuTienKy (Phàm Nhân Tu Tiên)	    ttk_votuongkiem_skins_smy	
[00:00:15]: Mod: TuTienKy (Phàm Nhân Tu Tiên)	    ttk_votuongkiem_skins_sny	
[00:00:15]: Mod: TuTienKy (Phàm Nhân Tu Tiên)	    ttk_votuongkiem_skins_tf	
[00:00:15]: Mod: TuTienKy (Phàm Nhân Tu Tiên)	    ttk_votuongkiem_skins_wxj	
[00:00:15]: Mod: TuTienKy (Phàm Nhân Tu Tiên)	    ttk_votuongkiem_skins_wzsb	
[00:00:15]: Mod: TuTienKy (Phàm Nhân Tu Tiên)	    ttk_votuongkiem_skins_xgl	
[00:00:15]: Mod: TuTienKy (Phàm Nhân Tu Tiên)	    ttk_votuongkiem_skins_xqc	
[00:00:15]: Mod: TuTienKy (Phàm Nhân Tu Tiên)	    ttk_votuongkiem_skins_xuanyuan	
[00:00:15]: Mod: TuTienKy (Phàm Nhân Tu Tiên)	    ttk_votuongkiem_skins_xyb	
[00:00:15]: Mod: TuTienKy (Phàm Nhân Tu Tiên)	    ttk_votuongkiem_skins_yfcy	
[00:00:15]: Mod: TuTienKy (Phàm Nhân Tu Tiên)	    ttk_votuongkiem_skins_yfly	
[00:00:15]: Mod: TuTienKy (Phàm Nhân Tu Tiên)	    ttk_votuongkiem_skins_ylxh	
[00:00:15]: Mod: TuTienKy (Phàm Nhân Tu Tiên)	    ttk_votuongkiem_skins_ys	
[00:00:15]: Mod: TuTienKy (Phàm Nhân Tu Tiên)	    ttk_votuongkiem_skins_ysb	
[00:00:15]: Mod: TuTienKy (Phàm Nhân Tu Tiên)	    ttk_votuongkiem_skins_zj	
[00:00:15]: Mod: TuTienKy (Phàm Nhân Tu Tiên)	    ttk_votuongkiem_skins_zste	
[00:00:15]: Mod: TuTienKy (Phàm Nhân Tu Tiên)	    ttk_votuongkiem_skins_zsxm	
[00:00:15]: Mod: TuTienKy (Phàm Nhân Tu Tiên)	    ttk_votuongkiem_skins_zw	
[00:00:15]: Mod: TuTienKy (Phàm Nhân Tu Tiên)	    ttk_votuongkiem_skins_zyj	
[00:00:15]: Mod: TuTienKy (Phàm Nhân Tu Tiên)	    ttk_wsjx_skins_xzyj	
[00:00:15]: Mod: TuTienKy (Phàm Nhân Tu Tiên)	    ttk_wsjx_skins_yzjx	
[00:00:15]: Mod: TuTienKy (Phàm Nhân Tu Tiên)	    ttk_xshj_skins_bbzy	
[00:00:15]: Mod: TuTienKy (Phàm Nhân Tu Tiên)	    ttk_xshj_skins_fhlh	
[00:00:15]: Mod: TuTienKy (Phàm Nhân Tu Tiên)	    ttk_xshj_skins_hyparmor	
[00:00:15]: Mod: TuTienKy (Phàm Nhân Tu Tiên)	    ttk_xshj_skins_jdjarmor	
[00:00:15]: Mod: TuTienKy (Phàm Nhân Tu Tiên)	    ttk_xshj_skins_yaoarmor	
[00:00:15]: Mod: TuTienKy (Phàm Nhân Tu Tiên)	    ttk_yhsyz_skins_qlyyz	
[00:00:15]: Mod: TuTienKy (Phàm Nhân Tu Tiên)	    ttk_ylxc_skins_qhnlc	
[00:00:15]: Mod: TuTienKy (Phàm Nhân Tu Tiên)	    ttk_ylxq_skins_fynl	
[00:00:15]: Mod: TuTienKy (Phàm Nhân Tu Tiên)	    ttk_zcmj_skins_jhxs	
[00:00:15]: Mod: TuTienKy (Phàm Nhân Tu Tiên)	    ttk_zcmj_skins_jtkhat	
[00:00:15]: Mod: TuTienKy (Phàm Nhân Tu Tiên)	    ttk_zcmj_skins_lhyhat	
[00:00:15]: Mod: TuTienKy (Phàm Nhân Tu Tiên)	    ttk_zcmj_skins_trxz	
[00:00:15]: Mod: TuTienKy (Phàm Nhân Tu Tiên)	    ttk_zcmj_skins_yaohat	
[00:00:15]: Mod: TuTienKy (Phàm Nhân Tu Tiên)	  Registering prefab file: prefabs/ttk_skin_spirit	
[00:00:15]: Mod: TuTienKy (Phàm Nhân Tu Tiên)	    ttk_skin_spirit	
[00:00:15]: Mod: TuTienKy (Phàm Nhân Tu Tiên)	  Registering prefab file: prefabs/ttk_skin_hyys_fx	
[00:00:15]: Mod: TuTienKy (Phàm Nhân Tu Tiên)	    ttk_skin_hyys_fx	
[00:00:15]: Mod: TuTienKy (Phàm Nhân Tu Tiên)	  Registering prefab file: prefabs/ttk_lingshi	
[00:00:15]: Mod: TuTienKy (Phàm Nhân Tu Tiên)	    ttk_lingshi1	
[00:00:15]: Mod: TuTienKy (Phàm Nhân Tu Tiên)	    ttk_lingshi2	
[00:00:15]: Mod: TuTienKy (Phàm Nhân Tu Tiên)	    ttk_lingshi3	
[00:00:15]: Mod: TuTienKy (Phàm Nhân Tu Tiên)	    ttk_lingshi4	
[00:00:15]: Mod: TuTienKy (Phàm Nhân Tu Tiên)	  Registering prefab file: prefabs/lucmachthankiem	
[00:00:15]: Mod: TuTienKy (Phàm Nhân Tu Tiên)	    lucmachthankiem_red	
[00:00:15]: Mod: TuTienKy (Phàm Nhân Tu Tiên)	    lucmachthankiem_blue	
[00:00:15]: Mod: TuTienKy (Phàm Nhân Tu Tiên)	    lucmachthankiem_purple	
[00:00:15]: Mod: TuTienKy (Phàm Nhân Tu Tiên)	    lucmachthankiem_orange	
[00:00:15]: Mod: TuTienKy (Phàm Nhân Tu Tiên)	    lucmachthankiem_yellow	
[00:00:15]: Mod: TuTienKy (Phàm Nhân Tu Tiên)	    lucmachthankiem_green	
[00:00:15]: Mod: TuTienKy (Phàm Nhân Tu Tiên)	    lucmachthankiem	
[00:00:15]: Mod: TuTienKy (Phàm Nhân Tu Tiên)	  Registering prefab file: prefabs/lucmachthankiem_ember_vfx	
[00:00:15]: Mod: TuTienKy (Phàm Nhân Tu Tiên)	    lucmachthankiem_red_ember_vfx	
[00:00:15]: Mod: TuTienKy (Phàm Nhân Tu Tiên)	    lucmachthankiem_blue_ember_vfx	
[00:00:15]: Mod: TuTienKy (Phàm Nhân Tu Tiên)	    lucmachthankiem_purple_ember_vfx	
[00:00:15]: Mod: TuTienKy (Phàm Nhân Tu Tiên)	    lucmachthankiem_orange_ember_vfx	
[00:00:15]: Mod: TuTienKy (Phàm Nhân Tu Tiên)	    lucmachthankiem_yellow_ember_vfx	
[00:00:15]: Mod: TuTienKy (Phàm Nhân Tu Tiên)	    lucmachthankiem_green_ember_vfx	
[00:00:15]: Mod: TuTienKy (Phàm Nhân Tu Tiên)	  Registering prefab file: prefabs/lucmachthankiem_sparkle_vfx	
[00:00:15]: Mod: TuTienKy (Phàm Nhân Tu Tiên)	    lucmachthankiem_red_sparkle_vfx	
[00:00:15]: Mod: TuTienKy (Phàm Nhân Tu Tiên)	    lucmachthankiem_blue_sparkle_vfx	
[00:00:15]: Mod: TuTienKy (Phàm Nhân Tu Tiên)	    lucmachthankiem_purple_sparkle_vfx	
[00:00:15]: Mod: TuTienKy (Phàm Nhân Tu Tiên)	    lucmachthankiem_orange_sparkle_vfx	
[00:00:15]: Mod: TuTienKy (Phàm Nhân Tu Tiên)	    lucmachthankiem_yellow_sparkle_vfx	
[00:00:15]: Mod: TuTienKy (Phàm Nhân Tu Tiên)	    lucmachthankiem_green_sparkle_vfx	
[00:00:15]: Mod: TuTienKy (Phàm Nhân Tu Tiên)	  Registering prefab file: prefabs/vanhonphien	
[00:00:15]: Mod: TuTienKy (Phàm Nhân Tu Tiên)	    vanhonphien	
[00:00:15]: Mod: TuTienKy (Phàm Nhân Tu Tiên)	    vanhonphien_ground	
[00:00:15]: Mod: TuTienKy (Phàm Nhân Tu Tiên)	    vanhonphien_soul	
[00:00:15]: Mod: TuTienKy (Phàm Nhân Tu Tiên)	    vanhonphien_soulfx	
[00:00:15]: Mod: TuTienKy (Phàm Nhân Tu Tiên)	    vanhonphien_soulfx_in	
[00:00:15]: Mod: TuTienKy (Phàm Nhân Tu Tiên)	    vanhonphien_placer	
[00:00:15]: Mod: TuTienKy (Phàm Nhân Tu Tiên)	    vanhonphien_projectile	
[00:00:15]: Mod: TuTienKy (Phàm Nhân Tu Tiên)	    vanhonphien_hit_fx	
[00:00:15]: Mod: TuTienKy (Phàm Nhân Tu Tiên)	  Registering prefab file: prefabs/vanhonphien_vortexfx	
[00:00:15]: Mod: TuTienKy (Phàm Nhân Tu Tiên)	    vanhonphien_vortexfx	
[00:00:15]: Mod: TuTienKy (Phàm Nhân Tu Tiên)	    vanhonphien_vortexspawner	
[00:00:15]: Mod: TuTienKy (Phàm Nhân Tu Tiên)	  Registering prefab file: prefabs/thanhiquangtruong	
[00:00:15]: Mod: TuTienKy (Phàm Nhân Tu Tiên)	    thanhiquangtruong	
[00:00:15]: Mod: TuTienKy (Phàm Nhân Tu Tiên)	  Registering prefab file: prefabs/thanhiquangtruongfx	
[00:00:15]: Mod: TuTienKy (Phàm Nhân Tu Tiên)	    thanhiquangtruongfx	
[00:00:15]: Mod: TuTienKy (Phàm Nhân Tu Tiên)	  Registering prefab file: prefabs/nhatvuphuonghoa	
[00:00:15]: Mod: TuTienKy (Phàm Nhân Tu Tiên)	    nhatvuphuonghoa	
[00:00:15]: Mod: TuTienKy (Phàm Nhân Tu Tiên)	  Registering prefab file: prefabs/nhatvuphuonghoa_buff	
[00:00:15]: Mod: TuTienKy (Phàm Nhân Tu Tiên)	    nhatvuphuonghoa_buff	
[00:00:15]: Mod: TuTienKy (Phàm Nhân Tu Tiên)	  Registering prefab file: prefabs/ttk_elemental_swords	
[00:00:15]: Mod: TuTienKy (Phàm Nhân Tu Tiên)	    ttk_votuongkiem	
[00:00:15]: Mod: TuTienKy (Phàm Nhân Tu Tiên)	    ttk_thanhtrucphongvankiem	
[00:00:15]: Mod: TuTienKy (Phàm Nhân Tu Tiên)	    ttk_phanthienkiem	
[00:00:15]: Mod: TuTienKy (Phàm Nhân Tu Tiên)	    ttk_tienkiem	
[00:00:15]: Mod: TuTienKy (Phàm Nhân Tu Tiên)	    ttk_makiem	
[00:00:15]: Mod: TuTienKy (Phàm Nhân Tu Tiên)	  Registering prefab file: prefabs/ttk_tinhlakiem	
[00:00:15]: Mod: TuTienKy (Phàm Nhân Tu Tiên)	    ttk_tinhlakiem	
[00:00:15]: Mod: TuTienKy (Phàm Nhân Tu Tiên)	  Registering prefab file: prefabs/ttk_lucnguyenkiemdong	
[00:00:15]: Mod: TuTienKy (Phàm Nhân Tu Tiên)	    ttk_lucnguyenkiemdong	
[00:00:15]: Mod: TuTienKy (Phàm Nhân Tu Tiên)	    ttk_lucnguyen_primary_projectile	
[00:00:15]: Mod: TuTienKy (Phàm Nhân Tu Tiên)	    ttk_lucnguyen_sword_1	
[00:00:15]: Mod: TuTienKy (Phàm Nhân Tu Tiên)	    ttk_lucnguyen_trail_1	
[00:00:15]: Mod: TuTienKy (Phàm Nhân Tu Tiên)	    ttk_lucnguyen_sword_2	
[00:00:15]: Mod: TuTienKy (Phàm Nhân Tu Tiên)	    ttk_lucnguyen_trail_2	
[00:00:15]: Mod: TuTienKy (Phàm Nhân Tu Tiên)	    ttk_lucnguyen_sword_3	
[00:00:15]: Mod: TuTienKy (Phàm Nhân Tu Tiên)	    ttk_lucnguyen_trail_3	
[00:00:15]: Mod: TuTienKy (Phàm Nhân Tu Tiên)	    ttk_lucnguyen_sword_4	
[00:00:15]: Mod: TuTienKy (Phàm Nhân Tu Tiên)	    ttk_lucnguyen_trail_4	
[00:00:15]: Mod: TuTienKy (Phàm Nhân Tu Tiên)	    ttk_lucnguyen_sword_5	
[00:00:15]: Mod: TuTienKy (Phàm Nhân Tu Tiên)	    ttk_lucnguyen_trail_5	
[00:00:15]: Mod: TuTienKy (Phàm Nhân Tu Tiên)	    ttk_lucnguyen_sword_6	
[00:00:15]: Mod: TuTienKy (Phàm Nhân Tu Tiên)	    ttk_lucnguyen_trail_6	
[00:00:15]: Mod: TuTienKy (Phàm Nhân Tu Tiên)	  Registering prefab file: prefabs/ttk_ngulongdang	
[00:00:15]: Mod: TuTienKy (Phàm Nhân Tu Tiên)	    ttk_ngulongdang	
[00:00:15]: Mod: TuTienKy (Phàm Nhân Tu Tiên)	    ttk_ngulongdanglight	
[00:00:15]: Mod: TuTienKy (Phàm Nhân Tu Tiên)	    ttk_ngulongdangbody	
[00:00:15]: Mod: TuTienKy (Phàm Nhân Tu Tiên)	  Registering prefab file: prefabs/ttk_fsct	
[00:00:15]: Mod: TuTienKy (Phàm Nhân Tu Tiên)	    ttk_fsct	
[00:00:15]: Mod: TuTienKy (Phàm Nhân Tu Tiên)	    ttk_fsct_placer	
[00:00:15]: Mod: TuTienKy (Phàm Nhân Tu Tiên)	  Registering prefab file: prefabs/ttk_garden	
[00:00:15]: Mod: TuTienKy (Phàm Nhân Tu Tiên)	    ttk_tree_yhs	
[00:00:15]: Mod: TuTienKy (Phàm Nhân Tu Tiên)	    ttk_tree_yhs_placer	
[00:00:15]: Mod: TuTienKy (Phàm Nhân Tu Tiên)	    ttk_tree_df	
[00:00:15]: Mod: TuTienKy (Phàm Nhân Tu Tiên)	    ttk_tree_df_placer	
[00:00:15]: Mod: TuTienKy (Phàm Nhân Tu Tiên)	    ttk_tree_yxs	
[00:00:15]: Mod: TuTienKy (Phàm Nhân Tu Tiên)	    ttk_tree_yxs_placer	
[00:00:15]: Mod: TuTienKy (Phàm Nhân Tu Tiên)	    ttk_tree_xhs	
[00:00:15]: Mod: TuTienKy (Phàm Nhân Tu Tiên)	    ttk_tree_xhs_placer	
[00:00:15]: Mod: TuTienKy (Phàm Nhân Tu Tiên)	    ttk_tree_ls	
[00:00:15]: Mod: TuTienKy (Phàm Nhân Tu Tiên)	    ttk_tree_ls_placer	
[00:00:15]: Mod: TuTienKy (Phàm Nhân Tu Tiên)	    ttk_gj	
[00:00:15]: Mod: TuTienKy (Phàm Nhân Tu Tiên)	    ttk_gj_placer	
[00:00:15]: Mod: TuTienKy (Phàm Nhân Tu Tiên)	    ttk_flower_bh	
[00:00:15]: Mod: TuTienKy (Phàm Nhân Tu Tiên)	    ttk_flower_bh_placer	
[00:00:15]: Mod: TuTienKy (Phàm Nhân Tu Tiên)	    ttk_flower_bmg	
[00:00:15]: Mod: TuTienKy (Phàm Nhân Tu Tiên)	    ttk_flower_bmg_placer	
[00:00:15]: Mod: TuTienKy (Phàm Nhân Tu Tiên)	    ttk_flower_pgy	
[00:00:15]: Mod: TuTienKy (Phàm Nhân Tu Tiên)	    ttk_flower_pgy_placer	
[00:00:15]: Mod: TuTienKy (Phàm Nhân Tu Tiên)	    ttk_flower_ll	
[00:00:15]: Mod: TuTienKy (Phàm Nhân Tu Tiên)	    ttk_flower_ll_placer	
[00:00:15]: Mod: TuTienKy (Phàm Nhân Tu Tiên)	    ttk_flower_md	
[00:00:15]: Mod: TuTienKy (Phàm Nhân Tu Tiên)	    ttk_flower_md_placer	
[00:00:15]: Mod: TuTienKy (Phàm Nhân Tu Tiên)	    ttk_flower_mlh	
[00:00:15]: Mod: TuTienKy (Phàm Nhân Tu Tiên)	    ttk_flower_mlh_placer	
[00:00:15]: Mod: TuTienKy (Phàm Nhân Tu Tiên)	  Registering prefab file: prefabs/ttk_huapen	
[00:00:15]: Mod: TuTienKy (Phàm Nhân Tu Tiên)	    ttk_huapen	
[00:00:15]: Mod: TuTienKy (Phàm Nhân Tu Tiên)	    ttk_huapen_placer	
[00:00:15]: Mod: TuTienKy (Phàm Nhân Tu Tiên)	  Registering prefab file: prefabs/ttk_luoshen_hua	
[00:00:15]: Mod: TuTienKy (Phàm Nhân Tu Tiên)	    ttk_luoshen_huazhong	
[00:00:15]: Mod: TuTienKy (Phàm Nhân Tu Tiên)	    ttk_luoshen_hua	
[00:00:15]: Mod: TuTienKy (Phàm Nhân Tu Tiên)	    ttk_luoshen_huayin	
[00:00:15]: Mod: TuTienKy (Phàm Nhân Tu Tiên)	    ttk_luoshen_huazhong_placer	
[00:00:15]: Mod: TuTienKy (Phàm Nhân Tu Tiên)	  Registering prefab file: prefabs/ttk_luoshen_food	
[00:00:15]: Mod: TuTienKy (Phàm Nhân Tu Tiên)	    ttk_luoshen_qingshu	
[00:00:15]: Mod: TuTienKy (Phàm Nhân Tu Tiên)	    ttk_luoxiang_pengrou	
[00:00:15]: Mod: TuTienKy (Phàm Nhân Tu Tiên)	    ttk_luoxiang_pengrou_buff	
[00:00:15]: Mod: TuTienKy (Phàm Nhân Tu Tiên)	  Registering prefab file: prefabs/ttk_pflnw	
[00:00:15]: Mod: TuTienKy (Phàm Nhân Tu Tiên)	    ttk_pflnw	
[00:00:15]: Mod: TuTienKy (Phàm Nhân Tu Tiên)	    ttk_pflnw_placer	
[00:00:15]: Mod: TuTienKy (Phàm Nhân Tu Tiên)	  Registering prefab file: prefabs/ttk_ftys	
[00:00:15]: Mod: TuTienKy (Phàm Nhân Tu Tiên)	    ttk_ftys	
[00:00:15]: Mod: TuTienKy (Phàm Nhân Tu Tiên)	    ttk_ftys_placer	
[00:00:15]: Mod: TuTienKy (Phàm Nhân Tu Tiên)	  Registering prefab file: prefabs/ttk_klxw	
[00:00:15]: Mod: TuTienKy (Phàm Nhân Tu Tiên)	    ttk_klxw	
[00:00:15]: Mod: TuTienKy (Phàm Nhân Tu Tiên)	    ttk_klxw_placer	
[00:00:15]: Mod: TuTienKy (Phàm Nhân Tu Tiên)	  Registering prefab file: prefabs/ttk_beefalo	
[00:00:15]: Mod: TuTienKy (Phàm Nhân Tu Tiên)	    ttk_beefalo	
[00:00:15]: Mod: TuTienKy (Phàm Nhân Tu Tiên)	  Registering prefab file: prefabs/ttk_lightninggoat	
[00:00:15]: Mod: TuTienKy (Phàm Nhân Tu Tiên)	    ttk_lightninggoat	
[00:00:15]: Mod: TuTienKy (Phàm Nhân Tu Tiên)	  Registering prefab file: prefabs/ttk_koalefant	
[00:00:15]: Mod: TuTienKy (Phàm Nhân Tu Tiên)	    ttk_koalefant	
[00:00:15]: Mod: TuTienKy (Phàm Nhân Tu Tiên)	  Registering prefab file: prefabs/ttk_gjx	
[00:00:15]: Mod: TuTienKy (Phàm Nhân Tu Tiên)	    ttk_gjx	
[00:00:15]: Mod: TuTienKy (Phàm Nhân Tu Tiên)	    ttk_gjx_placer	
[00:00:15]: Mod: TuTienKy (Phàm Nhân Tu Tiên)	  Registering prefab file: prefabs/ttk_dbg	
[00:00:15]: Mod: TuTienKy (Phàm Nhân Tu Tiên)	    ttk_dbg	
[00:00:15]: Mod: TuTienKy (Phàm Nhân Tu Tiên)	    ttk_dbg_placer	
[00:00:15]: Mod: TuTienKy (Phàm Nhân Tu Tiên)	  Registering prefab file: prefabs/ttk_dc	
[00:00:15]: Mod: TuTienKy (Phàm Nhân Tu Tiên)	    ttk_dc	
[00:00:15]: Mod: TuTienKy (Phàm Nhân Tu Tiên)	    ttk_dc_placer	
[00:00:15]: Mod: TuTienKy (Phàm Nhân Tu Tiên)	  Registering prefab file: prefabs/ttk_lbx	
[00:00:15]: Mod: TuTienKy (Phàm Nhân Tu Tiên)	    ttk_lbx	
[00:00:15]: Mod: TuTienKy (Phàm Nhân Tu Tiên)	    ttk_lbx_placer	
[00:00:15]: Mod: TuTienKy (Phàm Nhân Tu Tiên)	  Registering prefab file: prefabs/ttk_lgzbh	
[00:00:15]: Mod: TuTienKy (Phàm Nhân Tu Tiên)	    ttk_lgzbh	
[00:00:15]: Mod: TuTienKy (Phàm Nhân Tu Tiên)	    ttk_lgzbh_fx	
[00:00:15]: Mod: TuTienKy (Phàm Nhân Tu Tiên)	    ttk_lgzbh_placer	
[00:00:15]: Mod: TuTienKy (Phàm Nhân Tu Tiên)	  Registering prefab file: prefabs/ttk_mg	
[00:00:15]: Mod: TuTienKy (Phàm Nhân Tu Tiên)	    ttk_mg	
[00:00:15]: Mod: TuTienKy (Phàm Nhân Tu Tiên)	    ttk_mg_placer	
[00:00:15]: Mod: TuTienKy (Phàm Nhân Tu Tiên)	  Registering prefab file: prefabs/ttk_hyf_fx	
[00:00:15]: Mod: TuTienKy (Phàm Nhân Tu Tiên)	    ttk_hyf_fullfx	
[00:00:15]: Mod: TuTienKy (Phàm Nhân Tu Tiên)	    ttk_hyf_frontfx	
[00:00:15]: Mod: TuTienKy (Phàm Nhân Tu Tiên)	    ttk_hyf_frontfx_small	
[00:00:15]: Mod: TuTienKy (Phàm Nhân Tu Tiên)	  Registering prefab file: prefabs/ttk_sj_kls	
[00:00:15]: Mod: TuTienKy (Phàm Nhân Tu Tiên)	    ttk_sj_kls	
[00:00:15]: Mod: TuTienKy (Phàm Nhân Tu Tiên)	    ttk_sj_kls_placer	
[00:00:15]: Mod: TuTienKy (Phàm Nhân Tu Tiên)	  Registering prefab file: prefabs/ttk_lbjlt	
[00:00:15]: Mod: TuTienKy (Phàm Nhân Tu Tiên)	    ttk_lbjlt	
[00:00:15]: Mod: TuTienKy (Phàm Nhân Tu Tiên)	    ttk_lbjlt_fx	
[00:00:15]: Mod: TuTienKy (Phàm Nhân Tu Tiên)	    ttk_lbjlt_placer	
[00:00:15]: Mod: TuTienKy (Phàm Nhân Tu Tiên)	  Registering prefab file: prefabs/ttk_qljq	
[00:00:15]: Mod: TuTienKy (Phàm Nhân Tu Tiên)	    ttk_qljq	
[00:00:15]: Mod: TuTienKy (Phàm Nhân Tu Tiên)	    ttk_qljq_placer	
[00:00:15]: Mod: TuTienKy (Phàm Nhân Tu Tiên)	  Registering prefab file: prefabs/ttk_foodstores	
[00:00:15]: Mod: TuTienKy (Phàm Nhân Tu Tiên)	    ttk_crc	
[00:00:15]: Mod: TuTienKy (Phàm Nhân Tu Tiên)	    ttk_crc_placer	
[00:00:15]: Mod: TuTienKy (Phàm Nhân Tu Tiên)	    ttk_sgc	
[00:00:15]: Mod: TuTienKy (Phàm Nhân Tu Tiên)	    ttk_sgc_placer	
[00:00:15]: Mod: TuTienKy (Phàm Nhân Tu Tiên)	  Registering prefab file: prefabs/ttk_qwsk	
[00:00:15]: Mod: TuTienKy (Phàm Nhân Tu Tiên)	    ttk_qwsk	
[00:00:15]: Mod: TuTienKy (Phàm Nhân Tu Tiên)	    ttk_qwsk_placer	
[00:00:15]: Mod: TuTienKy (Phàm Nhân Tu Tiên)	  Registering prefab file: prefabs/ttk_wsjx	
[00:00:15]: Mod: TuTienKy (Phàm Nhân Tu Tiên)	    ttk_wsjx	
[00:00:15]: Mod: TuTienKy (Phàm Nhân Tu Tiên)	    ttk_wsjx_placer	
[00:00:15]: Mod: TuTienKy (Phàm Nhân Tu Tiên)	  Registering prefab file: prefabs/ttk_batch19_garden	
[00:00:15]: Mod: TuTienKy (Phàm Nhân Tu Tiên)	    ttk_tree_yls	
[00:00:15]: Mod: TuTienKy (Phàm Nhân Tu Tiên)	    ttk_tree_yls_placer	
[00:00:15]: Mod: TuTienKy (Phàm Nhân Tu Tiên)	    ttk_flower_sfr	
[00:00:15]: Mod: TuTienKy (Phàm Nhân Tu Tiên)	    ttk_flower_sfr_placer	
[00:00:15]: Mod: TuTienKy (Phàm Nhân Tu Tiên)	    ttk_flower_zyh	
[00:00:15]: Mod: TuTienKy (Phàm Nhân Tu Tiên)	    ttk_flower_zyh_placer	
[00:00:15]: Mod: TuTienKy (Phàm Nhân Tu Tiên)	    ttk_flower_yl	
[00:00:15]: Mod: TuTienKy (Phàm Nhân Tu Tiên)	    ttk_flower_yl_placer	
[00:00:15]: Mod: TuTienKy (Phàm Nhân Tu Tiên)	  Registering prefab file: prefabs/ttk_yunxiao_portable_spicer	
[00:00:15]: Mod: TuTienKy (Phàm Nhân Tu Tiên)	    ttk_yunxiao_portable_spicer	
[00:00:15]: Mod: TuTienKy (Phàm Nhân Tu Tiên)	    ttk_yunxiao_portable_spicer_placer	
[00:00:15]: Mod: TuTienKy (Phàm Nhân Tu Tiên)	  Registering prefab file: prefabs/ttk_ylxc	
[00:00:15]: Mod: TuTienKy (Phàm Nhân Tu Tiên)	    ttk_ylxc	
[00:00:15]: Mod: TuTienKy (Phàm Nhân Tu Tiên)	    ttk_ylxc_placer	
[00:00:15]: Mod: TuTienKy (Phàm Nhân Tu Tiên)	  Registering prefab file: prefabs/ttk_ylxq	
[00:00:15]: Mod: TuTienKy (Phàm Nhân Tu Tiên)	    ttk_ylxq	
[00:00:15]: Mod: TuTienKy (Phàm Nhân Tu Tiên)	    ttk_ylxq_placer	
[00:00:15]: Mod: TuTienKy (Phàm Nhân Tu Tiên)	  Registering prefab file: prefabs/ttk_herbs	
[00:00:15]: Mod: TuTienKy (Phàm Nhân Tu Tiên)	    ttk_plant_lmg	
[00:00:15]: Mod: TuTienKy (Phàm Nhân Tu Tiên)	    ttk_lc_lmg	
[00:00:15]: Mod: TuTienKy (Phàm Nhân Tu Tiên)	    ttk_lc_lmg_seed	
[00:00:15]: Mod: TuTienKy (Phàm Nhân Tu Tiên)	    ttk_plant_dms	
[00:00:15]: Mod: TuTienKy (Phàm Nhân Tu Tiên)	    ttk_lc_dms	
[00:00:15]: Mod: TuTienKy (Phàm Nhân Tu Tiên)	    ttk_lc_dms_seed	
[00:00:15]: Mod: TuTienKy (Phàm Nhân Tu Tiên)	    ttk_plant_hsc	
[00:00:15]: Mod: TuTienKy (Phàm Nhân Tu Tiên)	    ttk_lc_hsc	
[00:00:15]: Mod: TuTienKy (Phàm Nhân Tu Tiên)	    ttk_lc_hsc_seed	
[00:00:15]: Mod: TuTienKy (Phàm Nhân Tu Tiên)	    ttk_plant_yhh	
[00:00:15]: Mod: TuTienKy (Phàm Nhân Tu Tiên)	    ttk_lc_yhh	
[00:00:15]: Mod: TuTienKy (Phàm Nhân Tu Tiên)	    ttk_lc_yhh_seed	
[00:00:15]: Mod: TuTienKy (Phàm Nhân Tu Tiên)	    ttk_plant_qfx	
[00:00:15]: Mod: TuTienKy (Phàm Nhân Tu Tiên)	    ttk_lc_qfx	
[00:00:15]: Mod: TuTienKy (Phàm Nhân Tu Tiên)	    ttk_lc_qfx_seed	
[00:00:15]: Mod: TuTienKy (Phàm Nhân Tu Tiên)	    ttk_plant_cyh	
[00:00:15]: Mod: TuTienKy (Phàm Nhân Tu Tiên)	    ttk_lc_cyh	
[00:00:15]: Mod: TuTienKy (Phàm Nhân Tu Tiên)	    ttk_lc_cyh_seed	
[00:00:15]: Mod: TuTienKy (Phàm Nhân Tu Tiên)	    ttk_dms_healthregenbuff	
[00:00:15]: Mod: TuTienKy (Phàm Nhân Tu Tiên)	    ttk_plant_cyh_buff	
[00:00:15]: Mod: TuTienKy (Phàm Nhân Tu Tiên)	  Registering prefab file: prefabs/ttt_travelable_classified	
[00:00:15]: Mod: TuTienKy (Phàm Nhân Tu Tiên)	    ttt_travelable_classified	
[00:00:15]: Mod: TuTienKy (Phàm Nhân Tu Tiên)	  Registering prefab file: prefabs/deluxe_firepit	
[00:00:15]: Mod: TuTienKy (Phàm Nhân Tu Tiên)	    deluxe_firepit	
[00:00:15]: Mod: TuTienKy (Phàm Nhân Tu Tiên)	    deluxe_firepit_placer	
[00:00:15]: Mod: TuTienKy (Phàm Nhân Tu Tiên)	  Registering prefab file: prefabs/deluxe_firepit_fire	
[00:00:15]: Mod: TuTienKy (Phàm Nhân Tu Tiên)	    deluxe_firepit_fire	
[00:00:15]: Mod: TuTienKy (Phàm Nhân Tu Tiên)	  Registering prefab file: prefabs/endo_firepit	
[00:00:15]: Mod: TuTienKy (Phàm Nhân Tu Tiên)	    endo_firepit	
[00:00:15]: Mod: TuTienKy (Phàm Nhân Tu Tiên)	    endo_firepit_placer	
[00:00:15]: Mod: TuTienKy (Phàm Nhân Tu Tiên)	  Registering prefab file: prefabs/endo_firepit_fire	
[00:00:15]: Mod: TuTienKy (Phàm Nhân Tu Tiên)	    endo_firepit_fire	
[00:00:15]: Mod: TuTienKy (Phàm Nhân Tu Tiên)	  Registering prefab file: prefabs/ice_star	
[00:00:15]: Mod: TuTienKy (Phàm Nhân Tu Tiên)	    ice_star	
[00:00:15]: Mod: TuTienKy (Phàm Nhân Tu Tiên)	    ice_star_placer	
[00:00:15]: Mod: TuTienKy (Phàm Nhân Tu Tiên)	  Registering prefab file: prefabs/ice_star_flame	
[00:00:15]: Mod: TuTienKy (Phàm Nhân Tu Tiên)	    ice_star_flame	
[00:00:15]: Mod: TuTienKy (Phàm Nhân Tu Tiên)	  Registering prefab file: prefabs/heat_star	
[00:00:15]: Mod: TuTienKy (Phàm Nhân Tu Tiên)	    heat_star	
[00:00:15]: Mod: TuTienKy (Phàm Nhân Tu Tiên)	    heat_star_placer	
[00:00:15]: Mod: TuTienKy (Phàm Nhân Tu Tiên)	  Registering prefab file: prefabs/heat_star_flame	
[00:00:15]: Mod: TuTienKy (Phàm Nhân Tu Tiên)	    heat_star_flame	
[00:00:15]: Mod: TuTienKy (Phàm Nhân Tu Tiên)	  Registering prefab file: prefabs/ttk_chuongthienbinh	
[00:00:15]: Mod: TuTienKy (Phàm Nhân Tu Tiên)	    ttk_chuongthienbinh	
[00:00:15]: Mod: TuTienKy (Phàm Nhân Tu Tiên)	  Registering prefab file: prefabs/ttk_zcmj	
[00:00:15]: Mod: TuTienKy (Phàm Nhân Tu Tiên)	    ttk_zcmj	
[00:00:15]: Mod: TuTienKy (Phàm Nhân Tu Tiên)	    ttk_zcmj_forcefield	
[00:00:15]: Mod: TuTienKy (Phàm Nhân Tu Tiên)	  Registering prefab file: prefabs/ttk_xshj	
[00:00:15]: Mod: TuTienKy (Phàm Nhân Tu Tiên)	    ttk_xshj	
[00:00:15]: Mod: TuTienKy (Phàm Nhân Tu Tiên)	  Registering prefab file: prefabs/ttk_yunxiao_ymsz	
[00:00:15]: Mod: TuTienKy (Phàm Nhân Tu Tiên)	    ttk_yunxiao_ymsz	
[00:00:15]: Mod: TuTienKy (Phàm Nhân Tu Tiên)	  Registering prefab file: prefabs/ttk_tianji	
[00:00:15]: Mod: TuTienKy (Phàm Nhân Tu Tiên)	    ttk_tianjiwu	
[00:00:15]: Mod: TuTienKy (Phàm Nhân Tu Tiên)	    ttk_tianji_juanzhou	
[00:00:15]: Mod: TuTienKy (Phàm Nhân Tu Tiên)	    ttk_tianji_lingpai	
[00:00:15]: Mod: TuTienKy (Phàm Nhân Tu Tiên)	    ttk_tianji_juanzhou_placer	
[00:00:15]: Mod: TuTienKy (Phàm Nhân Tu Tiên)	  Registering prefab file: prefabs/ttk_tianji_interior	
[00:00:15]: Mod: TuTienKy (Phàm Nhân Tu Tiên)	    ttk_tianji_room	
[00:00:15]: Mod: TuTienKy (Phàm Nhân Tu Tiên)	    ttk_tianji_wall	
[00:00:15]: Mod: TuTienKy (Phàm Nhân Tu Tiên)	    ttk_tianji_exit	
[00:00:15]: Mod: TuTienKy (Phàm Nhân Tu Tiên)	    ttk_tianji_floor	
[00:00:15]: Mod: TuTienKy (Phàm Nhân Tu Tiên)	    ttk_tianji_wallpaper	
[00:00:15]: Mod: TuTienKy (Phàm Nhân Tu Tiên)	    ttk_tianji_doorart	
[00:00:15]: Mod: TuTienKy (Phàm Nhân Tu Tiên)	    ttk_tianji_decals	
[00:00:15]: Mod: TuTienKy (Phàm Nhân Tu Tiên)	  Registering prefab file: prefabs/ttk_zzxhcx	
[00:00:15]: Mod: TuTienKy (Phàm Nhân Tu Tiên)	    ttk_zzxhcx	
[00:00:15]: Mod: TuTienKy (Phàm Nhân Tu Tiên)	    ttk_zzxhcx_placer	
[00:00:15]: Mod: TuTienKy (Phàm Nhân Tu Tiên)	  Registering prefab file: prefabs/ttk_lycx	
[00:00:15]: Mod: TuTienKy (Phàm Nhân Tu Tiên)	    ttk_lycx	
[00:00:15]: Mod: TuTienKy (Phàm Nhân Tu Tiên)	    ttk_lycx_placer	
[00:00:15]: Mod: TuTienKy (Phàm Nhân Tu Tiên)	  Registering prefab file: prefabs/ttk_spiderden	
[00:00:15]: Mod: TuTienKy (Phàm Nhân Tu Tiên)	    ttk_spiderden	
[00:00:15]: Mod: TuTienKy (Phàm Nhân Tu Tiên)	    ttk_spiderden_placer	
[00:00:15]: Mod: TuTienKy (Phàm Nhân Tu Tiên)	  Registering prefab file: prefabs/ttk_pog	
[00:00:15]: Mod: TuTienKy (Phàm Nhân Tu Tiên)	    ttk_pog	
[00:00:15]: Mod: TuTienKy (Phàm Nhân Tu Tiên)	    ttk_pog_fire	
[00:00:15]: Mod: TuTienKy (Phàm Nhân Tu Tiên)	    ttk_pog_house	
[00:00:15]: Mod: TuTienKy (Phàm Nhân Tu Tiên)	    ttk_pog_house_placer	
[00:00:15]: Mod: TuTienKy (Phàm Nhân Tu Tiên)	  Registering prefab file: prefabs/ttk_stool	
[00:00:15]: Mod: TuTienKy (Phàm Nhân Tu Tiên)	    ttk_stool	
[00:00:15]: Mod: TuTienKy (Phàm Nhân Tu Tiên)	    ttk_stool_placer	
[00:00:15]: Mod: TuTienKy (Phàm Nhân Tu Tiên)	  Registering prefab file: prefabs/ttk_bearger	
[00:00:15]: Mod: TuTienKy (Phàm Nhân Tu Tiên)	    ttk_bearger	
[00:00:15]: Mod: TuTienKy (Phàm Nhân Tu Tiên)	  Registering prefab file: prefabs/ttk_dragonfly	
[00:00:15]: Mod: TuTienKy (Phàm Nhân Tu Tiên)	    ttk_dragonfly	
[00:00:15]: Mod: TuTienKy (Phàm Nhân Tu Tiên)	  Registering prefab file: prefabs/ttk_spider	
[00:00:15]: Mod: TuTienKy (Phàm Nhân Tu Tiên)	    ttk_spider	
[00:00:15]: Mod: TuTienKy (Phàm Nhân Tu Tiên)	    ttk_spider_pro	
[00:00:15]: Mod: TuTienKy (Phàm Nhân Tu Tiên)	    ttk_slow_buff_ent	
[00:00:15]: Mod: TuTienKy (Phàm Nhân Tu Tiên)	  Registering prefab file: prefabs/ttk_batch19_houseitems	
[00:00:15]: Mod: TuTienKy (Phàm Nhân Tu Tiên)	    ttk_npxsz	
[00:00:15]: Mod: TuTienKy (Phàm Nhân Tu Tiên)	    ttk_spider_leg	
[00:00:15]: Mod: TuTienKy (Phàm Nhân Tu Tiên)	    ttk_pog_tail	
[00:00:15]: Mod: TuTienKy (Phàm Nhân Tu Tiên)	    ttk_spider_puff_front	
[00:00:15]: Mod: TuTienKy (Phàm Nhân Tu Tiên)	    ttk_spider_puff_back	
[00:00:15]: Mod: TuTienKy (Phàm Nhân Tu Tiên)	    ttk_slow_buff	
[00:00:15]: Mod: TuTienKy (Phàm Nhân Tu Tiên)	    ttk_pog_fire_buff	
[00:00:15]: Mod: TuTienKy (Phàm Nhân Tu Tiên)	  Registering prefab file: prefabs/ttk_tianji_byj	
[00:00:15]: Mod: TuTienKy (Phàm Nhân Tu Tiên)	    ttk_tianjiwu_baihufx	
[00:00:15]: Mod: TuTienKy (Phàm Nhân Tu Tiên)	  Registering prefab file: prefabs/ttk_choujiangji	
[00:00:15]: Mod: TuTienKy (Phàm Nhân Tu Tiên)	    ttk_choujiangji	
[00:00:15]: Mod: TuTienKy (Phàm Nhân Tu Tiên)	    ttk_choujiangji_placer	
[00:00:15]: Mod: TuTienKy (Phàm Nhân Tu Tiên)	  Registering prefab file: prefabs/ttk_yhsyz	
[00:00:15]: Mod: TuTienKy (Phàm Nhân Tu Tiên)	    ttk_yhsyz	
[00:00:15]: Mod: TuTienKy (Phàm Nhân Tu Tiên)	  Registering prefab file: prefabs/ttk_hyc	
[00:00:15]: Mod: TuTienKy (Phàm Nhân Tu Tiên)	    ttk_hyc	
[00:00:15]: Mod: TuTienKy (Phàm Nhân Tu Tiên)	    ttk_hyc_placer	
[00:00:15]: Mod: TuTienKy (Phàm Nhân Tu Tiên)	  Registering prefab file: prefabs/ttk_hmsw	
[00:00:15]: Mod: TuTienKy (Phàm Nhân Tu Tiên)	    ttk_hmsw	
[00:00:15]: Mod: TuTienKy (Phàm Nhân Tu Tiên)	    ttk_hmsw_placer	
[00:00:15]: Mod: TuTienKy (Phàm Nhân Tu Tiên)	  Registering prefab file: prefabs/ttk_spirit_mines	
[00:00:15]: Mod: TuTienKy (Phàm Nhân Tu Tiên)	    ttk_rock1	
[00:00:15]: Mod: TuTienKy (Phàm Nhân Tu Tiên)	    ttk_rock2	
[00:00:15]: Mod: TuTienKy (Phàm Nhân Tu Tiên)	    ttk_rock3	
[00:00:15]: Mod: TuTienKy (Phàm Nhân Tu Tiên)	    ttk_rock1_placer	
[00:00:15]: Mod: TuTienKy (Phàm Nhân Tu Tiên)	    ttk_rock2_placer	
[00:00:15]: Mod: TuTienKy (Phàm Nhân Tu Tiên)	    ttk_rock3_placer	
[00:00:15]: Mod: TuTienKy (Phàm Nhân Tu Tiên)	  Registering prefab file: prefabs/ttk_spirit_workshop	
[00:00:15]: Mod: TuTienKy (Phàm Nhân Tu Tiên)	    ttk_spirit_workshop	
[00:00:15]: Mod: TuTienKy (Phàm Nhân Tu Tiên)	    ttk_spirit_workshop_placer	
[00:00:15]: Mod: TuTienKy (Phàm Nhân Tu Tiên)	  Registering prefab file: prefabs/hh_dungeon_potion	
[00:00:15]: Mod: TuTienKy (Phàm Nhân Tu Tiên)	    hh_dungeon_potion	
[00:00:15]: Mod: TuTienKy (Phàm Nhân Tu Tiên)	    hh_thuoc_suc_manh	
[00:00:15]: Mod: TuTienKy (Phàm Nhân Tu Tiên)	    hh_thuoc_phong_toc	
[00:00:15]: Mod: TuTienKy (Phàm Nhân Tu Tiên)	    hh_thuoc_lien_kich	
[00:00:15]: Mod: TuTienKy (Phàm Nhân Tu Tiên)	    hh_thuoc_ho_the	
[00:00:15]: Mod: TuTienKy (Phàm Nhân Tu Tiên)	    hh_thuoc_sinh_menh	
[00:00:15]: Mod: TuTienKy (Phàm Nhân Tu Tiên)	    hh_thuoc_tai_sinh	
[00:00:15]: Mod: TuTienKy (Phàm Nhân Tu Tiên)	    hh_thuoc_tinh_tam	
[00:00:15]: Mod: TuTienKy (Phàm Nhân Tu Tiên)	    hh_thuoc_ma_luc	
[00:00:15]: Mod: TuTienKy (Phàm Nhân Tu Tiên)	    hh_thuoc_tiet_ma	
[00:00:15]: Mod: TuTienKy (Phàm Nhân Tu Tiên)	    hh_thuoc_hoc_gia	
[00:00:15]: Mod: TuTienKy (Phàm Nhân Tu Tiên)	    hh_thuoc_chinh_phat	
[00:00:15]: Mod: TuTienKy (Phàm Nhân Tu Tiên)	    hh_thuoc_bao_kich	
[00:00:15]: Mod: TuTienKy (Phàm Nhân Tu Tiên)	    hh_thuoc_hap_huyet	
[00:00:15]: Mod: TuTienKy (Phàm Nhân Tu Tiên)	    hh_thuoc_khang_the	
[00:00:15]: Mod: TuTienKy (Phàm Nhân Tu Tiên)	    hh_thuoc_toan_nang	
[00:00:15]: Mod: TuTienKy (Phàm Nhân Tu Tiên)	    hh_hac_duoc_sinh_menh	
[00:00:15]: Mod: TuTienKy (Phàm Nhân Tu Tiên)	    hh_hac_duoc_cong_kich	
[00:00:15]: Mod: TuTienKy (Phàm Nhân Tu Tiên)	    hh_hac_duoc_phong_ngu	
[00:00:15]: Mod: TuTienKy (Phàm Nhân Tu Tiên)	    hh_hac_duoc_toc_hanh	
[00:00:15]: Mod: TuTienKy (Phàm Nhân Tu Tiên)	    hh_hac_duoc_lien_kich	
[00:00:15]: Mod: TuTienKy (Phàm Nhân Tu Tiên)	    hh_hac_duoc_tai_sinh	
[00:00:15]: Mod: TuTienKy (Phàm Nhân Tu Tiên)	    hh_igris_thiet_ve	
[00:00:15]: Mod: TuTienKy (Phàm Nhân Tu Tiên)	    hh_igris_khieu_khich	
[00:00:15]: Mod: TuTienKy (Phàm Nhân Tu Tiên)	    hh_beru_san_boss	
[00:00:15]: Mod: TuTienKy (Phàm Nhân Tu Tiên)	    hh_beru_hap_huyet	
[00:00:15]: Mod: TuTienKy (Phàm Nhân Tu Tiên)	    hh_fruitfly_mo_rong	
[00:00:15]: Mod: TuTienKy (Phàm Nhân Tu Tiên)	    hh_fruitfly_cham_soc	
[00:00:15]: Mod: TuTienKy (Phàm Nhân Tu Tiên)	    hh_mac_anh_lao_dong	
[00:00:15]: Mod: TuTienKy (Phàm Nhân Tu Tiên)	    hh_quan_doan_tiet_ma	
[00:00:15]: Mod: TuTienKy (Phàm Nhân Tu Tiên)	    hh_den_ham_nguc	
[00:00:15]: Mod: TuTienKy (Phàm Nhân Tu Tiên)	    hh_sua_vu_khi	
[00:00:15]: Mod: TuTienKy (Phàm Nhân Tu Tiên)	    hh_bo_sua_giap	
[00:00:15]: Mod: TuTienKy (Phàm Nhân Tu Tiên)	    hh_bua_hoi_chieu	
[00:00:15]: Mod: TuTienKy (Phàm Nhân Tu Tiên)	    hh_bua_tu_nhat	
[00:00:15]: Mod: TuTienKy (Phàm Nhân Tu Tiên)	    hh_tui_tiep_te	
[00:00:15]: Mod: TuTienKy (Phàm Nhân Tu Tiên)	    hh_trai_da_chien	
[00:00:15]: Mod: TuTienKy (Phàm Nhân Tu Tiên)	    hh_bo_chong_lanh	
[00:00:15]: Mod: TuTienKy (Phàm Nhân Tu Tiên)	    hh_bo_chong_nong	
[00:00:15]: Mod: TuTienKy (Phàm Nhân Tu Tiên)	    hh_bua_lao_dong	
[00:00:15]: Mod: TuTienKy (Phàm Nhân Tu Tiên)	    hh_may_thu_do	
[00:00:15]: Mod: TuTienKy (Phàm Nhân Tu Tiên)	    hh_nang_cap_tui	
[00:00:15]: Mod: TuTienKy (Phàm Nhân Tu Tiên)	    hh_khau_phan_an	
[00:00:15]: Mod: TuTienKy (Phàm Nhân Tu Tiên)	    hh_quang_minh_thach	
[00:00:15]: Mod: TuTienKy (Phàm Nhân Tu Tiên)	    hh_bua_ben_bi	
[00:00:15]: Mod: TuTienKy (Phàm Nhân Tu Tiên)	    hh_phieu_bo_sung	
[00:00:15]: Mod: TuTienKy (Phàm Nhân Tu Tiên)	    hh_da_chuyen_sinh	
[00:00:15]: Mod: TuTienKy (Phàm Nhân Tu Tiên)	  Registering prefab file: prefabs/guild_staff	
[00:00:15]: Mod: TuTienKy (Phàm Nhân Tu Tiên)	    guild_staff	
[00:00:15]: Mod: TuTienKy (Phàm Nhân Tu Tiên)	    guild_staff_mapicon	
[00:00:15]: Mod: TuTienKy (Phàm Nhân Tu Tiên)	  Registering prefab file: prefabs/hh_guild_complete_fx	
[00:00:15]: Mod: TuTienKy (Phàm Nhân Tu Tiên)	    hh_guild_complete_fx	
[00:00:15]: Mod: TuTienKy (Phàm Nhân Tu Tiên)	  Registering prefab file: prefabs/hh_macanh_shadow	
[00:00:15]: Mod: TuTienKy (Phàm Nhân Tu Tiên)	    hh_macanh_shadow	
[00:00:15]: Mod: TuTienKy (Phàm Nhân Tu Tiên)	    hh_macanh_shadow_globalicon	
[00:00:15]: Mod: TuTienKy (Phàm Nhân Tu Tiên)	    hh_macanh_shadow_revealableicon	
[00:00:15]: Mod: TuTienKy (Phàm Nhân Tu Tiên)	  Registering prefab file: prefabs/hh_hacanh_shadow	
[00:00:15]: Mod: TuTienKy (Phàm Nhân Tu Tiên)	    hh_hacanh_shadow	
[00:00:15]: Mod: TuTienKy (Phàm Nhân Tu Tiên)	    hh_hacanh_shadow_globalicon	
[00:00:15]: Mod: TuTienKy (Phàm Nhân Tu Tiên)	    hh_hacanh_shadow_revealableicon	
[00:00:15]: Mod: TuTienKy (Phàm Nhân Tu Tiên)	  Registering prefab file: prefabs/dungeon_wall_ruins	
[00:00:15]: Mod: TuTienKy (Phàm Nhân Tu Tiên)	    dungeon_wall_ruins	
[00:00:15]: Mod: TuTienKy (Phàm Nhân Tu Tiên)	  Registering prefab file: prefabs/dungeon_gate	
[00:00:15]: Mod: TuTienKy (Phàm Nhân Tu Tiên)	    dungeon_gate	
[00:00:15]: Mod: TuTienKy (Phàm Nhân Tu Tiên)	  Registering prefab file: prefabs/dungeon_exit	
[00:00:15]: Mod: TuTienKy (Phàm Nhân Tu Tiên)	    dungeon_exit	
[00:00:15]: Mod: TuTienKy (Phàm Nhân Tu Tiên)	  Registering prefab file: prefabs/hh_fx	
[00:00:15]: Mod: TuTienKy (Phàm Nhân Tu Tiên)	    hh_common_fx	
[00:00:15]: Mod: TuTienKy (Phàm Nhân Tu Tiên)	    hh_indicator_fx	
[00:00:15]: Mod: TuTienKy (Phàm Nhân Tu Tiên)	    hh_project_fx	
[00:00:15]: Mod: TuTienKy (Phàm Nhân Tu Tiên)	    hh_bow_project	
[00:00:15]: Mod: TuTienKy (Phàm Nhân Tu Tiên)	    hh_superlight_fx	
[00:00:15]: Mod: TuTienKy (Phàm Nhân Tu Tiên)	    sparks2_fx	
[00:00:15]: Mod: TuTienKy (Phàm Nhân Tu Tiên)	    ice_bounce_fx	
[00:00:15]: Mod: TuTienKy (Phàm Nhân Tu Tiên)	    sparks1_fx	
[00:00:15]: Mod: TuTienKy (Phàm Nhân Tu Tiên)	    hh_light_fx	
[00:00:15]: Mod: TuTienKy (Phàm Nhân Tu Tiên)	    fx1	
[00:00:15]: Mod: TuTienKy (Phàm Nhân Tu Tiên)	    fx2	
[00:00:15]: Mod: TuTienKy (Phàm Nhân Tu Tiên)	    fx3	
[00:00:15]: Mod: TuTienKy (Phàm Nhân Tu Tiên)	  Registering prefab file: prefabs/hh_prefabs	
[00:00:15]: Mod: TuTienKy (Phàm Nhân Tu Tiên)	    hh_ui_container	
[00:00:15]: Mod: TuTienKy (Phàm Nhân Tu Tiên)	    hh_forge_container	
[00:00:15]: Mod: TuTienKy (Phàm Nhân Tu Tiên)	    hh_monarch_storage_container	
[00:00:15]: Mod: TuTienKy (Phàm Nhân Tu Tiên)	    hh_effect_stone	
[00:00:15]: Mod: TuTienKy (Phàm Nhân Tu Tiên)	    hh_effect_tally	
[00:00:15]: Mod: TuTienKy (Phàm Nhân Tu Tiên)	    hh_remove_stone	
[00:00:15]: Mod: TuTienKy (Phàm Nhân Tu Tiên)	    hh_essence	
[00:00:15]: Mod: TuTienKy (Phàm Nhân Tu Tiên)	    hh_tips	
[00:00:15]: Mod: TuTienKy (Phàm Nhân Tu Tiên)	    wb_enhancegem	
[00:00:15]: Mod: TuTienKy (Phàm Nhân Tu Tiên)	    nn_cloud	
[00:00:15]: Mod: TuTienKy (Phàm Nhân Tu Tiên)	    nn_livingstaff_flower	
[00:00:15]: Mod: TuTienKy (Phàm Nhân Tu Tiên)	    nn_livingstaff_projectile	
[00:00:15]: Mod: TuTienKy (Phàm Nhân Tu Tiên)	    nn_freeze	
[00:00:15]: Mod: TuTienKy (Phàm Nhân Tu Tiên)	    nn_meteor	
[00:00:15]: Mod: TuTienKy (Phàm Nhân Tu Tiên)	    nn_base	
[00:00:15]: Mod: TuTienKy (Phàm Nhân Tu Tiên)	    nn_splash	
[00:00:15]: Mod: TuTienKy (Phàm Nhân Tu Tiên)	    forginghammer_crackle_fx	
[00:00:15]: Mod: TuTienKy (Phàm Nhân Tu Tiên)	    forginghammer_cracklebase_fx	
[00:00:15]: Mod: TuTienKy (Phàm Nhân Tu Tiên)	    hh_van_nang_trao	
[00:00:15]: Mod: TuTienKy (Phàm Nhân Tu Tiên)	    hh_fx_text	
[00:00:15]: Mod: TuTienKy (Phàm Nhân Tu Tiên)	    hh_levelup_text	
[00:00:15]: Mod: TuTienKy (Phàm Nhân Tu Tiên)	  Registering prefab file: prefabs/hh_hac_nguyet_ho	
[00:00:15]: Mod: TuTienKy (Phàm Nhân Tu Tiên)	    hh_hac_nguyet_ho	
[00:00:15]: Mod: TuTienKy (Phàm Nhân Tu Tiên)	    hh_hac_nguyet_ho_placer	
[00:00:15]: Mod: TuTienKy (Phàm Nhân Tu Tiên)	  Registering prefab file: prefabs/rock_treasure	
[00:00:15]: Mod: TuTienKy (Phàm Nhân Tu Tiên)	    rock_treasure	
[00:00:15]: Mod: TuTienKy (Phàm Nhân Tu Tiên)	  Registering prefab file: prefabs/hh_laser	
[00:00:15]: Mod: TuTienKy (Phàm Nhân Tu Tiên)	    hh_deerclops_laser	
[00:00:15]: Mod: TuTienKy (Phàm Nhân Tu Tiên)	    hh_deerclops_laserempty	
[00:00:15]: Mod: TuTienKy (Phàm Nhân Tu Tiên)	    hh_deerclops_laserscorch	
[00:00:15]: Mod: TuTienKy (Phàm Nhân Tu Tiên)	    hh_deerclops_lasertrail	
[00:00:15]: Mod: TuTienKy (Phàm Nhân Tu Tiên)	    hh_deerclops_laserhit	
[00:00:15]: Mod: TuTienKy (Phàm Nhân Tu Tiên)	  Registering prefab file: prefabs/hh_weapon	
[00:00:15]: Mod: TuTienKy (Phàm Nhân Tu Tiên)	    hh_daogam5	
[00:00:15]: Mod: TuTienKy (Phàm Nhân Tu Tiên)	    hh_daogam3	
[00:00:15]: Mod: TuTienKy (Phàm Nhân Tu Tiên)	    hh_quat_long_vu	
[00:00:15]: Mod: TuTienKy (Phàm Nhân Tu Tiên)	    hh_daogam4	
[00:00:15]: Mod: TuTienKy (Phàm Nhân Tu Tiên)	  Registering prefab file: prefabs/hh_build	
[00:00:15]: Mod: TuTienKy (Phàm Nhân Tu Tiên)	    hh_suit_build	
[00:00:15]: Mod: TuTienKy (Phàm Nhân Tu Tiên)	    hh_suit_build_placer	
[00:00:15]: Mod: TuTienKy (Phàm Nhân Tu Tiên)	  Registering prefab file: prefabs/hh_lz_fx	
[00:00:15]: Mod: TuTienKy (Phàm Nhân Tu Tiên)	    hh_fx_star_red	
[00:00:15]: Mod: TuTienKy (Phàm Nhân Tu Tiên)	    hh_ball_fx_blue	
[00:00:15]: Mod: TuTienKy (Phàm Nhân Tu Tiên)	    hh_turret_fx_poison	
[00:00:15]: Mod: TuTienKy (Phàm Nhân Tu Tiên)	    hh_ball_fx_orange	
[00:00:15]: Mod: TuTienKy (Phàm Nhân Tu Tiên)	    hh_fx_star_blue	
[00:00:15]: Mod: TuTienKy (Phàm Nhân Tu Tiên)	    hh_ball_fx_green	
[00:00:15]: Mod: TuTienKy (Phàm Nhân Tu Tiên)	    hh_fx_star_green	
[00:00:15]: Mod: TuTienKy (Phàm Nhân Tu Tiên)	    hh_fx_star_orange	
[00:00:15]: Mod: TuTienKy (Phàm Nhân Tu Tiên)	    hh_fx_star_purple	
[00:00:15]: Mod: TuTienKy (Phàm Nhân Tu Tiên)	    hh_fx_star_yellow	
[00:00:15]: Mod: TuTienKy (Phàm Nhân Tu Tiên)	    hh_turret_fx_ice	
[00:00:15]: Mod: TuTienKy (Phàm Nhân Tu Tiên)	    hh_fx_star_white	
[00:00:15]: Mod: TuTienKy (Phàm Nhân Tu Tiên)	    hh_ball_fx_purple	
[00:00:15]: Mod: TuTienKy (Phàm Nhân Tu Tiên)	    hh_ball_fx_red	
[00:00:15]: Mod: TuTienKy (Phàm Nhân Tu Tiên)	    hh_turret_fx_fire	
[00:00:15]: Mod: TuTienKy (Phàm Nhân Tu Tiên)	    hh_sparkle_fx	
[00:00:15]: Mod: TuTienKy (Phàm Nhân Tu Tiên)	  Registering prefab file: prefabs/hh_com_prefab	
[00:00:15]: Mod: TuTienKy (Phàm Nhân Tu Tiên)	    hh_wing_fx	
[00:00:15]: Mod: TuTienKy (Phàm Nhân Tu Tiên)	    hh_treasure_tally	
[00:00:15]: Mod: TuTienKy (Phàm Nhân Tu Tiên)	    hh_shark_ice_fx	
[00:00:15]: Mod: TuTienKy (Phàm Nhân Tu Tiên)	    hh_treasure_build	
[00:00:15]: Mod: TuTienKy (Phàm Nhân Tu Tiên)	    hh_treasure_text	
[00:00:15]: Mod: TuTienKy (Phàm Nhân Tu Tiên)	    hh_duck_box	
[00:00:15]: Mod: TuTienKy (Phàm Nhân Tu Tiên)	    hh_cat_box	
[00:00:15]: Mod: TuTienKy (Phàm Nhân Tu Tiên)	    hh_footprint_fz_fx	
[00:00:15]: Mod: TuTienKy (Phàm Nhân Tu Tiên)	    hh_shark_ice_start_fx	
[00:00:15]: Mod: TuTienKy (Phàm Nhân Tu Tiên)	  Registering prefab file: prefabs/hh_boss	
[00:00:15]: Mod: TuTienKy (Phàm Nhân Tu Tiên)	    hh_beetle_pig	
[00:00:15]: Mod: TuTienKy (Phàm Nhân Tu Tiên)	    hh_igris_dungeon	
[00:00:15]: Mod: TuTienKy (Phàm Nhân Tu Tiên)	    hh_sharkboi	
[00:00:15]: Mod: TuTienKy (Phàm Nhân Tu Tiên)	    hh_dual_wield_pig	
[00:00:15]: Mod: TuTienKy (Phàm Nhân Tu Tiên)	  Registering prefab file: prefabs/hh_beru_dungeon	
[00:00:15]: Mod: TuTienKy (Phàm Nhân Tu Tiên)	    hh_beru_dungeon	
[00:00:15]: Mod: TuTienKy (Phàm Nhân Tu Tiên)	  Registering prefab file: prefabs/hh_shadows	
[00:00:15]: Mod: TuTienKy (Phàm Nhân Tu Tiên)	    hh_igris_shadow	
[00:00:15]: Mod: TuTienKy (Phàm Nhân Tu Tiên)	    hh_corpse_igris	
[00:00:15]: Mod: TuTienKy (Phàm Nhân Tu Tiên)	    hh_beru_shadow	
[00:00:15]: Mod: TuTienKy (Phàm Nhân Tu Tiên)	    hh_corpse_beru	
[00:00:15]: Mod: TuTienKy (Phàm Nhân Tu Tiên)	  Registering prefab file: prefabs/hh_fruitfly_shadow	
[00:00:15]: Mod: TuTienKy (Phàm Nhân Tu Tiên)	    hh_fruitfly_shadow	
[00:00:15]: Mod: TuTienKy (Phàm Nhân Tu Tiên)	    hh_corpse_fruitfly	
[00:00:15]: Mod: TuTienKy (Phàm Nhân Tu Tiên)	    hh_fruitfly_shadow_globalicon	
[00:00:15]: Mod: TuTienKy (Phàm Nhân Tu Tiên)	    hh_fruitfly_shadow_revealableicon	
[00:00:15]: Mod: TuTienKy (Phàm Nhân Tu Tiên)	  Registering prefab file: prefabs/hh_shadow_swap_grab_fx	
[00:00:15]: Mod: TuTienKy (Phàm Nhân Tu Tiên)	    hh_shadow_swap_grab_fx	
[00:00:15]: Mod: TuTienKy (Phàm Nhân Tu Tiên)	  Registering prefab file: prefabs/hh_daily_slot_lock	
[00:00:15]: Mod: TuTienKy (Phàm Nhân Tu Tiên)	    hh_daily_slot_lock_hands	
[00:00:15]: Mod: TuTienKy (Phàm Nhân Tu Tiên)	    hh_daily_slot_lock_head	
[00:00:15]: Mod: TuTienKy (Phàm Nhân Tu Tiên)	    hh_daily_slot_lock_body	
[00:00:15]: Mod: TuTienKy (Phàm Nhân Tu Tiên)	  Registering prefab file: prefabs/hh_lo_ren	
[00:00:15]: Mod: TuTienKy (Phàm Nhân Tu Tiên)	    hh_lo_ren	
[00:00:15]: Mod: TuTienKy (Phàm Nhân Tu Tiên)	    hh_lo_ren_placer	
[00:00:15]: Mod: TuTienKy (Phàm Nhân Tu Tiên)	  Registering prefab file: prefabs/wb_strengthen_levelpaper	
[00:00:15]: Mod: TuTienKy (Phàm Nhân Tu Tiên)	    wb_strengthen_levelpaper_container	
[00:00:15]: Mod: TuTienKy (Phàm Nhân Tu Tiên)	    wb_strengthen_levelpaper_bundle	
[00:00:15]: Mod: TuTienKy (Phàm Nhân Tu Tiên)	    wb_strengthen_levelpaper_bundle_test	
[00:00:15]: Mod: TuTienKy (Phàm Nhân Tu Tiên)	    lv_5	
[00:00:15]: Mod: TuTienKy (Phàm Nhân Tu Tiên)	    lv_7	
[00:00:15]: Mod: TuTienKy (Phàm Nhân Tu Tiên)	    lv_9	
[00:00:15]: Mod: TuTienKy (Phàm Nhân Tu Tiên)	    lv_11	
[00:00:15]: Mod: TuTienKy (Phàm Nhân Tu Tiên)	    lv_13	
[00:00:15]: Mod: TuTienKy (Phàm Nhân Tu Tiên)	    wb_strengthen_strengthen_6_levelpaper	
[00:00:15]: Mod: TuTienKy (Phàm Nhân Tu Tiên)	    wb_strengthen_strengthen_7_levelpaper	
[00:00:15]: Mod: TuTienKy (Phàm Nhân Tu Tiên)	    wb_strengthen_strengthen_8_levelpaper	
[00:00:15]: Mod: TuTienKy (Phàm Nhân Tu Tiên)	    wb_strengthen_strengthen_9_levelpaper	
[00:00:15]: Mod: TuTienKy (Phàm Nhân Tu Tiên)	    wb_strengthen_strengthen_10_levelpaper	
[00:00:15]: Mod: TuTienKy (Phàm Nhân Tu Tiên)	    wb_strengthen_strengthen_11_levelpaper	
[00:00:15]: Mod: TuTienKy (Phàm Nhân Tu Tiên)	    wb_strengthen_strengthen_12_levelpaper	
[00:00:15]: Mod: TuTienKy (Phàm Nhân Tu Tiên)	  Registering prefab file: prefabs/wb_strengthen_protectpaper	
[00:00:15]: Mod: TuTienKy (Phàm Nhân Tu Tiên)	    wb_strengthen_strengthen_protectpaper	
[00:00:15]: Mod: TuTienKy (Phàm Nhân Tu Tiên)	  Registering prefab file: prefabs/wb_strengthen_food	
[00:00:15]: Mod: TuTienKy (Phàm Nhân Tu Tiên)	    nn_liquidluck	
[00:00:15]: Mod: TuTienKy (Phàm Nhân Tu Tiên)	    nn_liquidluck_buff	
[00:00:15]: Mod: TuTienKy (Phàm Nhân Tu Tiên)	    nn_liquidluck_2	
[00:00:15]: Mod: TuTienKy (Phàm Nhân Tu Tiên)	    nn_liquidluck_2_buff	
[00:00:15]: Mod: TuTienKy (Phàm Nhân Tu Tiên)	    nn_liquidluck_3	
[00:00:15]: Mod: TuTienKy (Phàm Nhân Tu Tiên)	    nn_liquidluck_3_buff	
[00:00:15]: Mod: TuTienKy (Phàm Nhân Tu Tiên)	  Registering prefab file: prefabs/wb_magical_shadow	
[00:00:15]: Mod: TuTienKy (Phàm Nhân Tu Tiên)	    wb_magical_shadow	
[00:00:15]: Mod: TuTienKy (Phàm Nhân Tu Tiên)	  Registering prefab file: prefabs/wb_magical_weaponsparks	
[00:00:15]: Mod: TuTienKy (Phàm Nhân Tu Tiên)	    wb_magical_weaponsparks	
[00:00:15]: Mod: TuTienKy (Phàm Nhân Tu Tiên)	  Registering prefab file: prefabs/poisonbubble	
[00:00:15]: Mod: TuTienKy (Phàm Nhân Tu Tiên)	    poisonbubble	
[00:00:15]: Mod: TuTienKy (Phàm Nhân Tu Tiên)	    poisonbubble_short	
[00:00:15]: Mod: TuTienKy (Phàm Nhân Tu Tiên)	    poisonbubble_level1	
[00:00:15]: Mod: TuTienKy (Phàm Nhân Tu Tiên)	    poisonbubble_level1_loop	
[00:00:15]: Mod: TuTienKy (Phàm Nhân Tu Tiên)	    poisonbubble_level2	
[00:00:15]: Mod: TuTienKy (Phàm Nhân Tu Tiên)	    poisonbubble_level2_loop	
[00:00:15]: Mod: TuTienKy (Phàm Nhân Tu Tiên)	    poisonbubble_level3	
[00:00:15]: Mod: TuTienKy (Phàm Nhân Tu Tiên)	    poisonbubble_level3_loop	
[00:00:15]: Mod: TuTienKy (Phàm Nhân Tu Tiên)	    poisonbubble_level4	
[00:00:15]: Mod: TuTienKy (Phàm Nhân Tu Tiên)	    poisonbubble_level4_loop	
[00:00:15]: Mod: TuTienKy (Phàm Nhân Tu Tiên)	  Registering prefab file: prefabs/nn_fx	
[00:00:15]: Mod: TuTienKy (Phàm Nhân Tu Tiên)	    deer_ice_circle	
[00:00:15]: Mod: TuTienKy (Phàm Nhân Tu Tiên)	    deer_ice_fx	
[00:00:15]: Mod: TuTienKy (Phàm Nhân Tu Tiên)	    deer_ice_burst	
[00:00:15]: Mod: TuTienKy (Phàm Nhân Tu Tiên)	    deer_ice_flakes	
[00:00:15]: Mod: TuTienKy (Phàm Nhân Tu Tiên)	    deer_ice_charge	
[00:00:15]: Mod: TuTienKy (Phàm Nhân Tu Tiên)	    deer_fire_circle	
[00:00:15]: Mod: TuTienKy (Phàm Nhân Tu Tiên)	    deer_fire_burst	
[00:00:15]: Mod: TuTienKy (Phàm Nhân Tu Tiên)	    deer_fire_flakes	
[00:00:15]: Mod: TuTienKy (Phàm Nhân Tu Tiên)	    deer_fire_charge	
[00:00:15]: Mod: TuTienKy (Phàm Nhân Tu Tiên)	  Registering prefab file: prefabs/nn_magicpaper	
[00:00:15]: Mod: TuTienKy (Phàm Nhân Tu Tiên)	    nn_magicpaper	
[00:00:15]: Mod: TuTienKy (Phàm Nhân Tu Tiên)	  Registering prefab file: prefabs/reticulearcline	
[00:00:15]: Mod: TuTienKy (Phàm Nhân Tu Tiên)	    reticulearcline	
[00:00:15]: Mod: TuTienKy (Phàm Nhân Tu Tiên)	    reticulearclineping	
[00:00:15]: Mod: TuTienKy (Phàm Nhân Tu Tiên)	  Registering prefab file: prefabs/lavaarena_heal_flowers_fx	
[00:00:15]: Mod: TuTienKy (Phàm Nhân Tu Tiên)	    lavaarena_heal_flowers_fx	
[00:00:15]: Mod: TuTienKy (Phàm Nhân Tu Tiên)	  Registering prefab file: prefabs/travelable_classified	
[00:00:15]: Mod: TuTienKy (Phàm Nhân Tu Tiên)	    travelable_classified	
[00:00:15]: Mod: TuTienKy (Phàm Nhân Tu Tiên)	  Registering prefab file: prefabs/minotau	
[00:00:15]: Mod: TuTienKy (Phàm Nhân Tu Tiên)	    minotau	
[00:00:15]: Mod: TuTienKy (Phàm Nhân Tu Tiên)	    minotauchestspawner	
[00:00:15]: Mod: TuTienKy (Phàm Nhân Tu Tiên)	  Registering prefab file: prefabs/minotaur_deadlyshockwave	
[00:00:15]: Mod: TuTienKy (Phàm Nhân Tu Tiên)	    minotaur_deadlyshockwave	
[00:00:15]: Mod: TuTienKy (Phàm Nhân Tu Tiên)	    minotaur_deathshockwave	
[00:00:15]: Mod: TuTienKy (Phàm Nhân Tu Tiên)	  Registering prefab file: prefabs/minotaurtransform_fx	
[00:00:15]: Mod: TuTienKy (Phàm Nhân Tu Tiên)	    minotaurtransform_fx	
[00:00:15]: Mod: TuTienKy (Phàm Nhân Tu Tiên)	  Registering prefab file: prefabs/minotaurtarget_fx	
[00:00:15]: Mod: TuTienKy (Phàm Nhân Tu Tiên)	    minotaurtarget_fx	
[00:00:15]: Mod: TuTienKy (Phàm Nhân Tu Tiên)	  Registering prefab file: prefabs/minotaurteleport_fx	
[00:00:15]: Mod: TuTienKy (Phàm Nhân Tu Tiên)	    minotaurteleport_fx	
[00:00:15]: Mod: TuTienKy (Phàm Nhân Tu Tiên)	  Registering prefab file: prefabs/minotaurteleportpost_fx	
[00:00:15]: Mod: TuTienKy (Phàm Nhân Tu Tiên)	    minotaurteleportpost_fx	
[00:00:15]: Mod: TuTienKy (Phàm Nhân Tu Tiên)	  Registering prefab file: prefabs/minotaur_shadowblaze	
[00:00:15]: Mod: TuTienKy (Phàm Nhân Tu Tiên)	    minotaur_shadowblaze	
[00:00:15]: Mod: TuTienKy (Phàm Nhân Tu Tiên)	    minotaur_shadowblaze_rigidbody	
[00:00:15]: Mod: TuTienKy (Phàm Nhân Tu Tiên)	    minotaur_shadowblaze_high	
[00:00:15]: Mod: TuTienKy (Phàm Nhân Tu Tiên)	  Registering prefab file: prefabs/minotaurfirecharge_fx	
[00:00:15]: Mod: TuTienKy (Phàm Nhân Tu Tiên)	    minotaurfirecharge_fx	
[00:00:15]: Mod: TuTienKy (Phàm Nhân Tu Tiên)	  Registering prefab file: prefabs/minotaurattachedfire_fx	
[00:00:15]: Mod: TuTienKy (Phàm Nhân Tu Tiên)	    minotaurattachedfire_fx	
[00:00:15]: Mod: TuTienKy (Phàm Nhân Tu Tiên)	  Registering prefab file: prefabs/minotaur_weakeningfx	
[00:00:15]: Mod: TuTienKy (Phàm Nhân Tu Tiên)	    minotaur_weakeningfx	
[00:00:15]: Mod: TuTienKy (Phàm Nhân Tu Tiên)	  Registering prefab file: prefabs/minotaurfiresplash_fx	
[00:00:15]: Mod: TuTienKy (Phàm Nhân Tu Tiên)	    minotaurfiresplash_fx	
[00:00:15]: Mod: TuTienKy (Phàm Nhân Tu Tiên)	  Registering prefab file: prefabs/minotaurfirering_fx	
[00:00:15]: Mod: TuTienKy (Phàm Nhân Tu Tiên)	    minotaurfirering_fx	
[00:00:15]: Mod: TuTienKy (Phàm Nhân Tu Tiên)	  Registering prefab file: prefabs/shadowpoundring_fx	
[00:00:15]: Mod: TuTienKy (Phàm Nhân Tu Tiên)	    shadowpoundring_fx	
[00:00:15]: Mod: TuTienKy (Phàm Nhân Tu Tiên)	  Registering prefab file: prefabs/lavaarena_lootbeacon	
[00:00:15]: Mod: TuTienKy (Phàm Nhân Tu Tiên)	    lavaarena_lootbeacon	
[00:00:15]: Mod: TuTienKy (Phàm Nhân Tu Tiên)	  Registering prefab file: prefabs/hh_decor_skeletons	
[00:00:15]: Mod: TuTienKy (Phàm Nhân Tu Tiên)	    hh_decor_scorched_skeleton	
[00:00:15]: Mod: TuTienKy (Phàm Nhân Tu Tiên)	    hh_decor_skeleton_pig	
[00:00:15]: Mod: TuTienKy (Phàm Nhân Tu Tiên)	    hh_decor_skeleton_merm	
[00:00:15]: Mod: TuTienKy (Phàm Nhân Tu Tiên)	  Registering prefab file: prefabs/hh_arena_lava_pond	
[00:00:15]: Mod: TuTienKy (Phàm Nhân Tu Tiên)	    hh_arena_lava_pond_rock	
[00:00:15]: Mod: TuTienKy (Phàm Nhân Tu Tiên)	    hh_arena_lava_pond_rock2	
[00:00:15]: Mod: TuTienKy (Phàm Nhân Tu Tiên)	    hh_arena_lava_pond_rock3	
[00:00:15]: Mod: TuTienKy (Phàm Nhân Tu Tiên)	    hh_arena_lava_pond_rock4	
[00:00:15]: Mod: TuTienKy (Phàm Nhân Tu Tiên)	    hh_arena_lava_pond_rock5	
[00:00:15]: Mod: TuTienKy (Phàm Nhân Tu Tiên)	    hh_arena_lava_pond_rock6	
[00:00:15]: Mod: TuTienKy (Phàm Nhân Tu Tiên)	    hh_arena_lava_pond_rock7	
[00:00:15]: Mod: TuTienKy (Phàm Nhân Tu Tiên)	    hh_arena_lava_pond	
[00:00:15]: Mod: TuTienKy (Phàm Nhân Tu Tiên)	  Registering prefab file: prefabs/hh_dungeon_pig	
[00:00:15]: Mod: TuTienKy (Phàm Nhân Tu Tiên)	    hh_dungeon_pig	
[00:00:15]: Mod: TuTienKy (Phàm Nhân Tu Tiên)	  Registering prefab file: prefabs/hh_dungeon_spider	
[00:00:15]: Mod: TuTienKy (Phàm Nhân Tu Tiên)	    hh_dungeon_spider	
[00:00:15]: Mod: TuTienKy (Phàm Nhân Tu Tiên)	  Registering prefab file: prefabs/minimoonspider_spike	
[00:00:15]: Mod: TuTienKy (Phàm Nhân Tu Tiên)	    minimoonspider_spike	
[00:00:15]: Mod: TuTienKy (Phàm Nhân Tu Tiên)	  Registering prefab file: prefabs/hh_hound_projectiles	
[00:00:15]: Mod: TuTienKy (Phàm Nhân Tu Tiên)	    hh_hound_glacial_proj	
[00:00:15]: Mod: TuTienKy (Phàm Nhân Tu Tiên)	    hound_lightning	
[00:00:15]: Mod: TuTienKy (Phàm Nhân Tu Tiên)	    hh_hound_lightning	
[00:00:15]: Mod: TuTienKy (Phàm Nhân Tu Tiên)	  Registering prefab file: prefabs/hh_dungeon_hounds	
[00:00:15]: Mod: TuTienKy (Phàm Nhân Tu Tiên)	    hh_dungeon_firehound	
[00:00:15]: Mod: TuTienKy (Phàm Nhân Tu Tiên)	    hh_dungeon_icehound	
[00:00:15]: Mod: TuTienKy (Phàm Nhân Tu Tiên)	    hh_dungeon_snowhound	
[00:00:15]: Mod: TuTienKy (Phàm Nhân Tu Tiên)	    hh_dungeon_lightninghound	
[00:00:15]: Mod: TuTienKy (Phàm Nhân Tu Tiên)	    hh_dungeon_horrorhound	
[00:00:15]: Mod: TuTienKy (Phàm Nhân Tu Tiên)	  Registering prefab file: prefabs/hh_daogam	
[00:00:15]: Mod: TuTienKy (Phàm Nhân Tu Tiên)	    hh_daogam	
[00:00:15]: Mod: TuTienKy (Phàm Nhân Tu Tiên)	    hh_daogam_knife_ef	
[00:00:15]: Mod: TuTienKy (Phàm Nhân Tu Tiên)	    hh_daogam_sparkle_fx	
[00:00:15]: Mod: TuTienKy (Phàm Nhân Tu Tiên)	  Registering prefab file: prefabs/hh_daogam2	
[00:00:15]: Mod: TuTienKy (Phàm Nhân Tu Tiên)	    hh_daogam2	
[00:00:15]: Mod: TuTienKy (Phàm Nhân Tu Tiên)	  Registering prefab file: prefabs/hh_daogam_fire_skill	
[00:00:15]: Mod: TuTienKy (Phàm Nhân Tu Tiên)	    hh_daogam_fire_meteor	
[00:00:15]: Mod: TuTienKy (Phàm Nhân Tu Tiên)	    hh_daogam_fire_splash	
[00:00:15]: Mod: TuTienKy (Phàm Nhân Tu Tiên)	    hh_daogam_fire_base	
[00:00:15]: Mod: TuTienKy (Phàm Nhân Tu Tiên)	    hh_daogam_firepuff_1	
[00:00:15]: Mod: TuTienKy (Phàm Nhân Tu Tiên)	    hh_daogam_firepuff_2	
[00:00:15]: Mod: TuTienKy (Phàm Nhân Tu Tiên)	    hh_daogam_firepuff_3	
[00:00:15]: Mod: TuTienKy (Phàm Nhân Tu Tiên)	  Registering prefab file: prefabs/hh_daogam6	
[00:00:15]: Mod: TuTienKy (Phàm Nhân Tu Tiên)	    hh_daogam6	
[00:00:15]: Mod: TuTienKy (Phàm Nhân Tu Tiên)	    hh_daogam6fx	
[00:00:15]: Mod: TuTienKy (Phàm Nhân Tu Tiên)	  Registering prefab file: prefabs/hh_godslayer_aura_fx	
[00:00:15]: Mod: TuTienKy (Phàm Nhân Tu Tiên)	    hh_godslayer_aura_fx	
[00:00:15]: Mod: TuTienKy (Phàm Nhân Tu Tiên)	  Registering prefab file: prefabs/hh_ruler_shadow_pillar_spell	
[00:00:15]: Mod: TuTienKy (Phàm Nhân Tu Tiên)	    hh_ruler_caster	
[00:00:15]: Mod: TuTienKy (Phàm Nhân Tu Tiên)	    hh_ruler_shadow_pillar_spell	
[00:00:15]: Mod: TuTienKy (Phàm Nhân Tu Tiên)	  Registering prefab file: prefabs/hh_ruler_shadow_pillar_target	
[00:00:15]: Mod: TuTienKy (Phàm Nhân Tu Tiên)	    hh_ruler_shadow_pillar_target	
[00:00:15]: Mod: TuTienKy (Phàm Nhân Tu Tiên)	  Registering prefab file: prefabs/hh_ruler_aura_fx	
[00:00:15]: Mod: TuTienKy (Phàm Nhân Tu Tiên)	    hh_ruler_aura_fx	
[00:00:15]: Mod: TuTienKy (Phàm Nhân Tu Tiên)	  Registering prefab file: prefabs/hh_king_aura_igris_fx	
[00:00:15]: Mod: TuTienKy (Phàm Nhân Tu Tiên)	    hh_king_aura_igris_fx	
[00:00:15]: Mod: TuTienKy (Phàm Nhân Tu Tiên)	  Registering prefab file: prefabs/hh_king_aura_beru_fx	
[00:00:15]: Mod: TuTienKy (Phàm Nhân Tu Tiên)	    hh_king_aura_beru_fx	
[00:00:15]: Mod: TuTienKy (Phàm Nhân Tu Tiên)	  Registering prefab file: prefabs/hh_king_aura_fruitfly_fx	
[00:00:15]: Mod: TuTienKy (Phàm Nhân Tu Tiên)	    hh_king_aura_fruitfly_fx	
[00:00:15]: Mod: TuTienKy (Phàm Nhân Tu Tiên)	  Registering prefab file: prefabs/hh_king_aura_macanh_fx	
[00:00:15]: Mod: TuTienKy (Phàm Nhân Tu Tiên)	    hh_king_aura_macanh_fx	
[00:00:15]: Mod: TuTienKy (Phàm Nhân Tu Tiên)	  Registering prefab file: prefabs/hh_king_aura_hacanh_fx	
[00:00:15]: Mod: TuTienKy (Phàm Nhân Tu Tiên)	    hh_king_aura_hacanh_fx	
[00:00:15]: Mod: TuTienKy (Phàm Nhân Tu Tiên)	  Registering prefab file: prefabs/ttk_hud_epichealth_proxy	
[00:00:15]: Mod: TuTienKy (Phàm Nhân Tu Tiên)	    ttk_hud_epichealth_proxy	
[00:00:15]: Mod: TuTienKy (Phàm Nhân Tu Tiên)	  Registering prefab file: prefabs/ttk_hud_damage_number	
[00:00:15]: Mod: TuTienKy (Phàm Nhân Tu Tiên)	    ttk_hud_damage_number	
[00:00:15]: Mod: TuTienKy (Phàm Nhân Tu Tiên)	  Registering prefab file: prefabs/ttk_hud_overhead_proxy	
[00:00:15]: Mod: TuTienKy (Phàm Nhân Tu Tiên)	    ttk_hud_overhead_proxy	
[00:00:15]: Mod: TuTienKy (Phàm Nhân Tu Tiên)	  Registering default mod prefab	
[00:00:21]: Tried to add build [lavaarena_boarrior_basic] from file [../mods/TuTienKy/anim/igris_dungeon.zip] but we've already added a build with that name!
[00:00:21]: 	LOAD BE	
[00:00:32]: 	LOAD BE: done	
[00:00:32]: Begin Session: 14336D4A43570878
[00:00:32]: saving to server_temp/server_save	
[00:00:33]: MiniMapComponent::AddAtlas( minimap/minimap_data1.xml )
[00:00:33]: MiniMapComponent::AddAtlas( minimap/minimap_data2.xml )
[00:00:33]: MiniMapComponent::AddAtlas( ../mods/TuTienKy/images/map_icons/ttk_hhlmz.xml )
[00:00:33]: MiniMapComponent::AddAtlas( ../mods/TuTienKy/images/map_icons/ttk_fsct.xml )
[00:00:33]: MiniMapComponent::AddAtlas( ../mods/TuTienKy/images/map_icons/ttk_tree_yhs.xml )
[00:00:33]: MiniMapComponent::AddAtlas( ../mods/TuTienKy/images/map_icons/ttk_tree_yxs.xml )
[00:00:33]: MiniMapComponent::AddAtlas( ../mods/TuTienKy/images/map_icons/ttk_flower_md.xml )
[00:00:33]: MiniMapComponent::AddAtlas( ../mods/TuTienKy/images/map_icons/ttk_flower_bmg.xml )
[00:00:33]: MiniMapComponent::AddAtlas( ../mods/TuTienKy/images/map_icons/ttk_gj.xml )
[00:00:33]: MiniMapComponent::AddAtlas( ../mods/TuTienKy/images/map_icons/ttk_tree_ls.xml )
[00:00:33]: MiniMapComponent::AddAtlas( ../mods/TuTienKy/images/map_icons/ttk_flower_bh.xml )
[00:00:33]: MiniMapComponent::AddAtlas( ../mods/TuTienKy/images/map_icons/ttk_flower_pgy.xml )
[00:00:33]: MiniMapComponent::AddAtlas( ../mods/TuTienKy/images/map_icons/ttk_flower_ll.xml )
[00:00:33]: MiniMapComponent::AddAtlas( ../mods/TuTienKy/images/map_icons/ttk_tree_df.xml )
[00:00:33]: MiniMapComponent::AddAtlas( ../mods/TuTienKy/images/map_icons/ttk_flower_mlh.xml )
[00:00:33]: MiniMapComponent::AddAtlas( ../mods/TuTienKy/images/map_icons/ttk_luoshen_hua.xml )
[00:00:33]: MiniMapComponent::AddAtlas( ../mods/TuTienKy/images/map_icons/ttk_pflnw.xml )
[00:00:33]: MiniMapComponent::AddAtlas( ../mods/TuTienKy/images/map_icons/ttk_dc.xml )
[00:00:33]: MiniMapComponent::AddAtlas( ../mods/TuTienKy/images/map_icons/ttk_lbx.xml )
[00:00:33]: MiniMapComponent::AddAtlas( ../mods/TuTienKy/images/map_icons/ttk_klxw.xml )
[00:00:33]: MiniMapComponent::AddAtlas( ../mods/TuTienKy/images/map_icons/ttk_mg.xml )
[00:00:33]: MiniMapComponent::AddAtlas( ../mods/TuTienKy/images/map_icons/ttk_ftys.xml )
[00:00:33]: MiniMapComponent::AddAtlas( ../mods/TuTienKy/images/map_icons/ttk_lgzbh.xml )
[00:00:33]: MiniMapComponent::AddAtlas( ../mods/TuTienKy/images/map_icons/ttk_dbg.xml )
[00:00:33]: MiniMapComponent::AddAtlas( ../mods/TuTienKy/images/map_icons/ttk_gjx.xml )
[00:00:33]: MiniMapComponent::AddAtlas( ../mods/TuTienKy/images/map_icons/ttk_sj_kls.xml )
[00:00:33]: MiniMapComponent::AddAtlas( ../mods/TuTienKy/images/map_icons/ttk_lbjlt.xml )
[00:00:33]: MiniMapComponent::AddAtlas( ../mods/TuTienKy/images/map_icons/ttk_qljq.xml )
[00:00:33]: MiniMapComponent::AddAtlas( ../mods/TuTienKy/images/map_icons/ttk_sgc.xml )
[00:00:33]: MiniMapComponent::AddAtlas( ../mods/TuTienKy/images/map_icons/ttk_qwsk.xml )
[00:00:33]: MiniMapComponent::AddAtlas( ../mods/TuTienKy/images/map_icons/ttk_flower_sfr.xml )
[00:00:33]: MiniMapComponent::AddAtlas( ../mods/TuTienKy/images/map_icons/ttk_flower_zyh.xml )
[00:00:33]: MiniMapComponent::AddAtlas( ../mods/TuTienKy/images/map_icons/ttk_crc.xml )
[00:00:33]: MiniMapComponent::AddAtlas( ../mods/TuTienKy/images/map_icons/ttk_flower_yl.xml )
[00:00:33]: MiniMapComponent::AddAtlas( ../mods/TuTienKy/images/map_icons/ttk_yunxiao_portable_spicer.xml )
[00:00:33]: MiniMapComponent::AddAtlas( ../mods/TuTienKy/images/map_icons/ttk_wsjx.xml )
[00:00:33]: MiniMapComponent::AddAtlas( ../mods/TuTienKy/images/map_icons/ttk_tree_yls.xml )
[00:00:33]: MiniMapComponent::AddAtlas( ../mods/TuTienKy/images/map_icons/ttk_ylxq.xml )
[00:00:33]: MiniMapComponent::AddAtlas( ../mods/TuTienKy/images/map_icons/ttk_ylxc.xml )
[00:00:33]: MiniMapComponent::AddAtlas( ../mods/TuTienKy/images/ttt_portal/icon.xml )
[00:00:33]: MiniMapComponent::AddAtlas( ../mods/TuTienKy/images/inventoryimages/ttt_portal_gcsz.xml )
[00:00:33]: MiniMapComponent::AddAtlas( ../mods/TuTienKy/minimap/deluxe_firepit.xml )
[00:00:33]: MiniMapComponent::AddAtlas( ../mods/TuTienKy/minimap/endo_firepit.xml )
[00:00:33]: MiniMapComponent::AddAtlas( ../mods/TuTienKy/minimap/ice_star.xml )
[00:00:33]: MiniMapComponent::AddAtlas( ../mods/TuTienKy/minimap/heat_star.xml )
[00:00:33]: MiniMapComponent::AddAtlas( ../mods/TuTienKy/images/map_icons/ttk_tianjiwu.xml )
[00:00:33]: MiniMapComponent::AddAtlas( ../mods/TuTienKy/images/map_icons/ttk_zzxhcx.xml )
[00:00:33]: MiniMapComponent::AddAtlas( ../mods/TuTienKy/images/map_icons/ttk_lycx.xml )
[00:00:33]: MiniMapComponent::AddAtlas( ../mods/TuTienKy/images/map_icons/ttk_spiderden.xml )
[00:00:33]: MiniMapComponent::AddAtlas( ../mods/TuTienKy/images/map_icons/ttk_pog_house.xml )
[00:00:33]: MiniMapComponent::AddAtlas( ../mods/TuTienKy/images/map_icons/ttk_choujiangji.xml )
[00:00:33]: MiniMapComponent::AddAtlas( ../mods/TuTienKy/images/map_icons/ttk_hyc.xml )
[00:00:33]: MiniMapComponent::AddAtlas( ../mods/TuTienKy/images/map_icons/ttk_tree_xhs.xml )
[00:00:33]: MiniMapComponent::AddAtlas( ../mods/TuTienKy/images/map_icons/ttk_hmsw.xml )
[00:00:33]: MiniMapComponent::AddAtlas( ../mods/TuTienKy/images/map_icons/ttk_rock1.xml )
[00:00:33]: MiniMapComponent::AddAtlas( ../mods/TuTienKy/images/map_icons/ttk_rock2.xml )
[00:00:33]: MiniMapComponent::AddAtlas( ../mods/TuTienKy/images/map_icons/ttk_rock3.xml )
[00:00:33]: MiniMapComponent::AddAtlas( ../mods/TuTienKy/images/ttk_spirit_workshop/icon.xml )
[00:00:33]: MiniMapComponent::AddAtlas( ../mods/TuTienKy/images/hh_icon/hh_weapon.xml )
[00:00:33]: MiniMapComponent::AddAtlas( ../mods/TuTienKy/images/hh_icon/hh_suit_build.xml )
[00:00:33]: MiniMapComponent::AddAtlas( ../mods/TuTienKy/images/hh_icon/hh_items.xml )
[00:00:33]: MiniMapComponent::AddAtlas( ../mods/TuTienKy/images/lo_ren.xml )
[00:00:33]: MiniMapComponent::AddAtlas( ../mods/TuTienKy/images/nn_icebox.xml )
[00:00:33]: MiniMapComponent::AddAtlas( ../mods/TuTienKy/images/nn_well.xml )
[00:00:33]: MiniMapComponent::AddAtlas( ../mods/TuTienKy/images/hh_hac_nguyet_ho.xml )
[00:00:33]: MiniMapComponent::AddAtlas( ../mods/TuTienKy/images/nn_teleport.xml )
[00:00:33]: MiniMapComponent::AddAtlas( ../mods/TuTienKy/images/dsc.xml )
[00:00:33]: MiniMapComponent::AddAtlas( ../mods/TuTienKy/images/minimap/gate_reset.xml )
[00:00:33]: MiniMapComponent::AddAtlas( ../mods/TuTienKy/images/minimap/gate_low.xml )
[00:00:33]: MiniMapComponent::AddAtlas( ../mods/TuTienKy/images/minimap/gate_high.xml )
[00:00:33]: MiniMapComponent::AddAtlas( ../mods/TuTienKy/images/minimap/gate_reset_max.xml )
[00:00:33]: MiniMapComponent::AddAtlas( ../mods/TuTienKy/images/minimap/gate_low_max.xml )
[00:00:33]: MiniMapComponent::AddAtlas( ../mods/TuTienKy/images/minimap/gate_high_max.xml )
[00:00:33]: MiniMapComponent::AddAtlas( ../mods/TuTienKy/images/hh_icon/hh_macanh_shadow.xml )
[00:00:33]: MiniMapComponent::AddAtlas( ../mods/TuTienKy/images/hh_icon/hh_hacanh_shadow.xml )
[00:00:33]: MiniMapComponent::AddAtlas( ../mods/TuTienKy/images/hh_icon/guild_staff.xml )
[00:00:33]: Loading 19 new character(s)	
[00:00:34]: Total 19 character(s) loaded	
[00:00:36]: Loading Nav Grid	
[00:00:36]: World generated on build 747465 with save version: 5.23, using seed: 139117906	
[00:00:36]: setting 	summerlength	15	
[00:00:36]: setting 	cavemoonphase	new	
[00:00:36]: setting 	iscavefullmoon	false	
[00:00:36]: setting 	isnightmaredawn	false	
[00:00:36]: setting 	elapseddaysinseason	0	
[00:00:36]: setting 	isfullmoon	false	
[00:00:36]: setting 	moisture	2.3083357810974	
[00:00:36]: setting 	springlength	20	
[00:00:36]: setting 	islunarhailing	false	
[00:00:36]: setting 	isnightmarewild	false	
[00:00:36]: setting 	nightmaretimeinphase	0	
[00:00:36]: setting 	precipitationrate	0	
[00:00:36]: setting 	israining	false	
[00:00:36]: setting 	iswet	false	
[00:00:36]: setting 	isnewmoon	false	
[00:00:36]: setting 	iscavewaxingmoon	true	
[00:00:36]: setting 	iswinter	false	
[00:00:36]: setting 	isnightmarewarn	false	
[00:00:36]: setting 	cavephase	day	
[00:00:36]: setting 	temperature	32.812879281752	
[00:00:36]: setting 	isacidraining	false	
[00:00:36]: setting 	lunarhailrate	0	
[00:00:36]: setting 	season	autumn	
[00:00:36]: setting 	wetness	0	
[00:00:36]: setting 	timeinphase	0.038480440775553	
[00:00:36]: setting 	iscaveday	true	
[00:00:36]: setting 	moistureceil	820.21551513672	
[00:00:36]: setting 	isday	true	
[00:00:36]: setting 	winterlength	15	
[00:00:36]: setting 	remainingdaysinseason	20	
[00:00:36]: setting 	issnowcovered	false	
[00:00:36]: setting 	isalterawake	false	
[00:00:36]: setting 	isnightmarecalm	false	
[00:00:36]: setting 	isnight	false	
[00:00:36]: setting 	isdusk	false	
[00:00:36]: setting 	isspring	false	
[00:00:36]: setting 	isautumn	true	
[00:00:36]: setting 	issnowing	false	
[00:00:36]: setting 	lunarhaillevel	0	
[00:00:36]: setting 	pop	0.0028143039707224	
[00:00:36]: setting 	snowlevel	0	
[00:00:36]: setting 	iswaxingmoon	true	
[00:00:36]: setting 	autumnlength	20	
[00:00:36]: setting 	phase	day	
[00:00:36]: setting 	nightmaretime	0	
[00:00:36]: setting 	iscavedusk	false	
[00:00:36]: setting 	cycles	0	
[00:00:36]: setting 	nightmarephase	none	
[00:00:36]: setting 	seasonprogress	0.5	
[00:00:36]: setting 	moonphase	new	
[00:00:36]: setting 	iscavenight	false	
[00:00:36]: setting 	iscavenewmoon	false	
[00:00:36]: setting 	issummer	false	
[00:00:36]: setting 	precipitation	none	
[00:00:36]: setting 	time	0.019240220387777	
[00:00:40]: Reconstructing topology	
[00:00:40]: 	...Sorting points	
[00:00:40]: 	...Sorting edges	
[00:00:40]: 	...Connecting nodes	
[00:00:40]: 	...Validating connections	
[00:00:40]: 	...Housekeeping	
[00:00:40]: 	...Done!	
[00:00:40]: 1 uploads added to server. From server_temp
[00:00:40]: Telling Client our new session identifier: 14336D4A43570878
[00:00:40]: Check for write access: TRUE
[00:00:40]: Check for read access: TRUE
[00:00:40]: Available disk space for save files: 335318 MB
[00:00:40]: ModIndex: Load sequence finished successfully.	
[00:00:40]: Reset() returning
[00:00:40]: ERROR reading region capabilities. 
[00:00:41]: Skipping portal[8] (no available shard [Caves] connected)	
[00:00:41]: Skipping portal[6] (no available shard [Caves] connected)	
[00:00:41]: Skipping portal[7] (no available shard [Caves] connected)	
[00:00:41]: Skipping portal[1] (no available shard [Caves] connected)	
[00:00:41]: Skipping portal[9] (no available shard [Caves] connected)	
[00:00:41]: Skipping portal[oceanwhirlbigportal] (no available shard [Caves] connected)	
[00:00:41]: Skipping portal[4] (no available shard [Caves] connected)	
[00:00:41]: Skipping portal[2] (no available shard [Caves] connected)	
[00:00:41]: Skipping portal[3] (no available shard [Caves] connected)	
[00:00:41]: Skipping portal[5] (no available shard [Caves] connected)	
[00:00:41]: RemoteCommandInput: "TheWorld:DoTaskInTime(2,function()  local ok,err=pcall(function()   local forge=assert(SpawnPrefab("hh_lo_ren"))   local rpc=MOD_RPC.hh_lo_ren.strengthen   local handler=MOD_RPC_HANDLERS[rpc.namespace][rpc.id]   local function attempt(level,probability,protection,magic,legacy_flag)    local player=assert(SpawnPrefab("wilson"))    local item=assert(SpawnPrefab("spear"))    local s=assert(item.components.wb_strengthen)    assert(s.DoIncrease==nil)    s:SetLevel(level)    s.GetProbability=function() return probability end    local stones=SpawnPrefab("wb_enhancegem");stones.components.stackable:SetStackSize(30)    player.components.inventory:GiveItem(stones)    local purple=SpawnPrefab("purplegem");player.components.inventory:GiveItem(purple)    if protection then player.components.inventory:GiveItem(SpawnPrefab("wb_strengthen_strengthen_protectpaper")) end    if magic then player.components.inventory:GiveItem(SpawnPrefab("nn_magicpaper")) end    handler(player,forge,item,legacy_flag)    local _,remaining=player.components.inventory:Has("wb_enhancegem",1)    assert(remaining==(level>=13 and 30 or 30-level-1),"wrong stone cost")    assert(player.components.inventory:Has("purplegem",1),"purple gems must never be consumed")    if level>=13 then assert(s.level==13 and item:IsValid())    elseif probability==1 then assert(s.level==level+1 and s.do_mode=="strengthen")    elseif level>=9 then     assert(item:IsValid()==protection,"destruction protection changed")     if protection then assert(s.level==(magic and level or level-1)) end    else assert(item:IsValid() and s.level==(magic and level or level-1)) end    if protection then assert(not player.components.inventory:Has("wb_strengthen_strengthen_protectpaper",1)) end    if magic then assert(not player.components.inventory:Has("nn_magicpaper",1)) end    if item:IsValid() then item:Remove() end    player:Remove()   end   attempt(0,1,false,false,true)   attempt(13,1,false,false,true)   attempt(5,0,false,false,false)   attempt(5,0,false,true,false)   attempt(9,0,false,false,false)   attempt(9,0,true,false,false)   attempt(9,0,true,true,false)   local old=SpawnPrefab("spear")   local s=old.components.wb_strengthen   s:OnLoad({do_mode="increase",level=6})   assert(s.do_mode=="strengthen" and s.level==6)   assert(math.abs(old.components.weapon.damage-50)<.01,"legacy damage must use strengthening")   local saved=old:GetSaveRecord()   local loaded=assert(SpawnSaveRecord(saved))   assert(loaded.components.wb_strengthen.do_mode=="strengthen")   assert(loaded.components.wb_strengthen.level==6)   loaded:Remove();old:Remove();forge:Remove()  end)  print(ok and "PHAM_NHAN_STRENGTHEN_SMOKE_PASS" or ("PHAM_NHAN_STRENGTHEN_SMOKE_FAIL "..tostring(err))) end)"
[00:00:41]: [System Message] Frostjaw vừa tái sinh.
[00:00:43]: [Announcement] Wilson cường hoá Spear +1 thành công !
[00:00:43]: [Announcement] Wilson cường hoá Spear +6 thất bại và bị tụt cấp trang bị nếu ko có Bùa Ma Thuật!
[00:00:43]: [Announcement] Wilson cường hoá Spear +6 thất bại và bị tụt cấp trang bị nếu ko có Bùa Ma Thuật!
[00:00:43]: [Announcement] Wilson cường hoá Spear +10 thất bại và bị mất trang bị nếu ko có Bùa Bảo Vệ !
[00:00:43]: [Announcement] Wilson cường hoá Spear +10 thất bại và bị mất trang bị nếu ko có Bùa Bảo Vệ !
[00:00:43]: [Announcement] Wilson cường hoá Spear +10 thất bại và bị mất trang bị nếu ko có Bùa Bảo Vệ !
[00:00:43]: PHAM_NHAN_STRENGTHEN_SMOKE_PASS	
[00:00:44]: RemoteCommandInput: "c_shutdown(false)"
[00:00:44]: c_shutdown	false	
Updates 0Seconds elapsed: 43.9681 fps:0
Saving Dedicated server data...
[00:00:44]: Available disk space for save files: 335318 MB
[00:00:44]: Serializing world: session/14336D4A43570878/0000000004
[00:00:44]: Collecting garbage...
[00:00:45]: lua_gc took 0.60 seconds
[00:00:45]: ~ShardLuaProxy()
[00:00:45]: ~cEventLeaderboardProxy()
[00:00:45]: ~ItemServerLuaProxy()
[00:00:45]: ~InventoryLuaProxy()
[00:00:45]: ~NetworkLuaProxy()
[00:00:45]: ~SimLuaProxy()
[00:00:45]: lua_close took 0.57 seconds
[00:00:45]:  Manager - ORPHANED UNKNOWN RESOURCES:
[00:00:45]: ../mods/TuTienKy/images/inventoryimages/ttk_lucnguyenkiemdong.xml - 7
[00:00:45]:  Manager - ORPHANED UNKNOWN RESOURCES:
[00:00:45]: ../mods/TuTienKy/anim/ttk_lucnguyen_moc.zip - 7
[00:00:45]: anim/impact.zip - 2
[00:00:45]: ../mods/TuTienKy/anim/ttk_lucnguyen_hoa.zip - 7
[00:00:45]: anim/splash_water_drop.zip - 3
[00:00:45]: ../mods/TuTienKy/anim/ttk_lucnguyen_tho.zip - 7
[00:00:45]: ../mods/TuTienKy/anim/ttk_lucnguyen_kim.zip - 7
[00:00:45]: ../mods/TuTienKy/anim/ttk_lucnguyen_weapon.zip - 7
[00:00:45]: ../mods/TuTienKy/anim/ttk_lucnguyen_loi.zip - 7
[00:00:45]: ../mods/TuTienKy/anim/ttk_lucnguyen_thuy.zip - 7
[00:00:46]: CurlRequestManager::ClientThread::Main() complete
[00:00:46]: HttpClient2 discarded 0 callbacks.
[00:00:46]: Shutting down
